Active ingredients,Dosage Form,Route,Strength,Brand name,Applicant Holder,Approval Date
DEXTROMETHORPHAN HYDROBROMIDE; GUAIFENESIN,"TABLET, EXTENDED RELEASE",ORAL,30MG; 600MG,GUAIFENESIN AND DEXTROMETHORPHAN HYDROBROMIDE,ACTAVIS LABORATORIES FL INC AN INDIRECT WHOLLY OWNED SUB OF TEVA PHARMACEUTICALS USA INC,"Aug 31, 2015"
DEXTROMETHORPHAN HYDROBROMIDE; GUAIFENESIN,"TABLET, EXTENDED RELEASE",ORAL,30MG; 600MG,GUAIFENESIN AND DEXTROMETHORPHAN HYDROBROMIDE,AMNEAL PHARMACEUTICALS OF NEW YORK LLC,"Nov 1, 2018"
DEXTROMETHORPHAN HYDROBROMIDE; GUAIFENESIN,"TABLET, EXTENDED RELEASE",ORAL,30MG; 600MG,GUAIFENESIN AND DEXTROMETHORPHAN HYDROBROMIDE,AUROBINDO PHARMA LTD,"Mar 17, 2017"
DEXTROMETHORPHAN HYDROBROMIDE; GUAIFENESIN,"TABLET, EXTENDED RELEASE",ORAL,30MG; 600MG,GUAIFENESIN AND DEXTROMETHORPHAN HYDROBROMIDE,DR REDDYS LABORATORIES LTD,"Aug 1, 2023"
DEXTROMETHORPHAN HYDROBROMIDE; GUAIFENESIN,"TABLET, EXTENDED RELEASE",ORAL,30MG; 600MG,GUAIFENESIN AND DEXTROMETHORPHAN HYDROBROMIDE,PERRIGO R AND D CO,"Mar 5, 2018"
DEXTROMETHORPHAN HYDROBROMIDE; GUAIFENESIN,"TABLET, EXTENDED RELEASE",ORAL,30MG; 600MG,GUAIFENESIN AND DEXTROMETHORPHAN HYDROBROMIDE,SUN PHARMACEUTICAL INDUSTRIES LTD,"Jul 1, 2021"
DEXTROMETHORPHAN HYDROBROMIDE; GUAIFENESIN,"TABLET, EXTENDED RELEASE",ORAL,60MG; 1.2GM,GUAIFENESIN AND DEXTROMETHORPHAN HYDROBROMIDE,ACTAVIS LABORATORIES FL INC AN INDIRECT WHOLLY OWNED SUB OF TEVA PHARMACEUTICALS USA INC,"Aug 31, 2015"
DEXTROMETHORPHAN HYDROBROMIDE; GUAIFENESIN,"TABLET, EXTENDED RELEASE",ORAL,60MG; 1.2GM,GUAIFENESIN AND DEXTROMETHORPHAN HYDROBROMIDE,AMNEAL PHARMACEUTICALS OF NEW YORK LLC,"Nov 1, 2018"
DEXTROMETHORPHAN HYDROBROMIDE; GUAIFENESIN,"TABLET, EXTENDED RELEASE",ORAL,60MG; 1.2GM,GUAIFENESIN AND DEXTROMETHORPHAN HYDROBROMIDE,DR REDDYS LABORATORIES LTD,"Aug 1, 2023"
DEXTROMETHORPHAN HYDROBROMIDE; GUAIFENESIN,"TABLET, EXTENDED RELEASE",ORAL,60MG; 1.2GM,GUAIFENESIN AND DEXTROMETHORPHAN HYDROBROMIDE,PERRIGO R AND D CO,"Mar 5, 2018"
DEXTROMETHORPHAN HYDROBROMIDE; GUAIFENESIN,"TABLET, EXTENDED RELEASE",ORAL,60MG; 1.2GM,GUAIFENESIN AND DEXTROMETHORPHAN HYDROBROMIDE,SUN PHARMACEUTICAL INDUSTRIES LTD,"Jul 1, 2021"
DEXTROMETHORPHAN HYDROBROMIDE; GUAIFENESIN,"TABLET, EXTENDED RELEASE",ORAL,60MG; 1.2GM,GUAIFENESIN AND DEXTROMETHORPHAN HYDROBROMIDE,AUROBINDO PHARMA LTD,"Mar 17, 2017"
DEXTROMETHORPHAN HYDROBROMIDE; GUAIFENESIN,"TABLET, EXTENDED RELEASE",ORAL,30MG; 600MG,MUCINEX DM,RB HEALTH US LLC,"Apr 29, 2004"
DEXTROMETHORPHAN HYDROBROMIDE; GUAIFENESIN,"TABLET, EXTENDED RELEASE",ORAL,60MG; 1.2GM,MUCINEX DM,RB HEALTH US LLC,"Apr 29, 2004"
DEXTROMETHORPHAN HYDROBROMIDE; GUAIFENESIN; NAPROXEN SODIUM,"TABLET, EXTENDED RELEASE",ORAL,30MG; 600MG; 110MG,MUCINEX 12HR COLD & FEVER MULTI-SYMPTOM,RB HEALTH US LLC,"Dec 22, 2025"
GUAIFENESIN,"TABLET, EXTENDED RELEASE",ORAL,600MG,GUAIFENESIN,AMNEAL PHARMACEUTICALS OF NEW YORK LLC,"Jul 11, 2018"
GUAIFENESIN,"TABLET, EXTENDED RELEASE",ORAL,600MG,GUAIFENESIN,AUROBINDO PHARMA LTD,"Oct 21, 2019"
GUAIFENESIN,"TABLET, EXTENDED RELEASE",ORAL,600MG,GUAIFENESIN,DR REDDYS LABORATORIES LTD,"Mar 15, 2022"
GUAIFENESIN,"TABLET, EXTENDED RELEASE",ORAL,600MG,GUAIFENESIN,GRANULES INDIA LTD,"May 8, 2020"
GUAIFENESIN,"TABLET, EXTENDED RELEASE",ORAL,600MG,GUAIFENESIN,GUARDIAN DRUG CO,"Sep 6, 2017"
GUAIFENESIN,"TABLET, EXTENDED RELEASE",ORAL,600MG,GUAIFENESIN,MARKSANS PHARMA LTD,"Aug 21, 2023"
GUAIFENESIN,"TABLET, EXTENDED RELEASE",ORAL,600MG,GUAIFENESIN,OHM LABORATORIES INC,"Jul 16, 2018"
GUAIFENESIN,"TABLET, EXTENDED RELEASE",ORAL,600MG,GUAIFENESIN,PERRIGO R AND D CO,"Nov 23, 2011"
GUAIFENESIN,"TABLET, EXTENDED RELEASE",ORAL,1.2GM,GUAIFENESIN,ACTAVIS LABORATORIES FL INC AN INDIRECT WHOLLY OWNED SUB OF TEVA PHARMACEUTICALS USA INC,"Sep 3, 2015"
GUAIFENESIN,"TABLET, EXTENDED RELEASE",ORAL,1.2GM,GUAIFENESIN,AMNEAL PHARMACEUTICALS OF NEW YORK LLC,"Jul 11, 2018"
GUAIFENESIN,"TABLET, EXTENDED RELEASE",ORAL,1.2GM,GUAIFENESIN,AUROBINDO PHARMA LTD,"Oct 21, 2019"
GUAIFENESIN,"TABLET, EXTENDED RELEASE",ORAL,1.2GM,GUAIFENESIN,DR REDDYS LABORATORIES LTD,"Mar 15, 2022"
GUAIFENESIN,"TABLET, EXTENDED RELEASE",ORAL,1.2GM,GUAIFENESIN,GRANULES INDIA LTD,"May 8, 2020"
GUAIFENESIN,"TABLET, EXTENDED RELEASE",ORAL,1.2GM,GUAIFENESIN,GUARDIAN DRUG CO,"Sep 6, 2017"
GUAIFENESIN,"TABLET, EXTENDED RELEASE",ORAL,1.2GM,GUAIFENESIN,MARKSANS PHARMA LTD,"Aug 21, 2023"
GUAIFENESIN,"TABLET, EXTENDED RELEASE",ORAL,1.2GM,GUAIFENESIN,OHM LABORATORIES INC,"Jul 16, 2018"
GUAIFENESIN,"TABLET, EXTENDED RELEASE",ORAL,1.2GM,GUAIFENESIN,PERRIGO R AND D CO,"Nov 5, 2020"
GUAIFENESIN,"TABLET, EXTENDED RELEASE",ORAL,600MG,MUCINEX,RB HEALTH US LLC,"Jul 12, 2002"
GUAIFENESIN,"TABLET, EXTENDED RELEASE",ORAL,1.2GM,MUCINEX,RB HEALTH US LLC,"Dec 18, 2002"
GUAIFENESIN; PSEUDOEPHEDRINE HYDROCHLORIDE,"TABLET, EXTENDED RELEASE",ORAL,600MG; 60MG,GUAIFENESIN AND PSEUDOEPHEDRINE HYDROCHLORIDE,ACTAVIS LABORATORIES FL INC AN INDIRECT WHOLLY OWNED SUB OF TEVA PHARMACEUTICALS USA INC,"May 27, 2015"
GUAIFENESIN; PSEUDOEPHEDRINE HYDROCHLORIDE,"TABLET, EXTENDED RELEASE",ORAL,600MG; 60MG,GUAIFENESIN AND PSEUDOEPHEDRINE HYDROCHLORIDE,AUROBINDO PHARMA LTD,"Mar 25, 2020"
GUAIFENESIN; PSEUDOEPHEDRINE HYDROCHLORIDE,"TABLET, EXTENDED RELEASE",ORAL,600MG; 60MG,GUAIFENESIN AND PSEUDOEPHEDRINE HYDROCHLORIDE,DR REDDYS LABORATORIES LTD,"Dec 29, 2017"
GUAIFENESIN; PSEUDOEPHEDRINE HYDROCHLORIDE,"TABLET, EXTENDED RELEASE",ORAL,600MG; 60MG,GUAIFENESIN AND PSEUDOEPHEDRINE HYDROCHLORIDE,L PERRIGO CO,"Feb 1, 2022"
GUAIFENESIN; PSEUDOEPHEDRINE HYDROCHLORIDE,"TABLET, EXTENDED RELEASE",ORAL,600MG; 60MG,GUAIFENESIN AND PSEUDOEPHEDRINE HYDROCHLORIDE,SUN PHARMACEUTICAL INDUSTRIES INC,"Apr 28, 2020"
GUAIFENESIN; PSEUDOEPHEDRINE HYDROCHLORIDE,"TABLET, EXTENDED RELEASE",ORAL,1.2GM; 120MG,GUAIFENESIN AND PSEUDOEPHEDRINE HYDROCHLORIDE,AUROBINDO PHARMA LTD,"Mar 25, 2020"
GUAIFENESIN; PSEUDOEPHEDRINE HYDROCHLORIDE,"TABLET, EXTENDED RELEASE",ORAL,1.2GM; 120MG,GUAIFENESIN AND PSEUDOEPHEDRINE HYDROCHLORIDE,DR REDDYS LABORATORIES LTD,"Dec 29, 2017"
GUAIFENESIN; PSEUDOEPHEDRINE HYDROCHLORIDE,"TABLET, EXTENDED RELEASE",ORAL,1.2GM; 120MG,GUAIFENESIN AND PSEUDOEPHEDRINE HYDROCHLORIDE,L PERRIGO CO,"Feb 1, 2022"
GUAIFENESIN; PSEUDOEPHEDRINE HYDROCHLORIDE,"TABLET, EXTENDED RELEASE",ORAL,1.2GM; 120MG,GUAIFENESIN AND PSEUDOEPHEDRINE HYDROCHLORIDE,SUN PHARMACEUTICAL INDUSTRIES INC,"Apr 28, 2020"
GUAIFENESIN; PSEUDOEPHEDRINE HYDROCHLORIDE,"TABLET, EXTENDED RELEASE",ORAL,1.2GM; 120MG,GUAIFENESIN AND PSEUDOEPHEDRINE HYDROCHLORIDE,ACTAVIS LABORATORIES FL INC AN INDIRECT WHOLLY OWNED SUB OF TEVA PHARMACEUTICALS USA INC,"May 27, 2015"
GUAIFENESIN; PSEUDOEPHEDRINE HYDROCHLORIDE,"TABLET, EXTENDED RELEASE",ORAL,600MG; 60MG,MUCINEX D,RB HEALTH US LLC,"Jun 22, 2004"
GUAIFENESIN; PSEUDOEPHEDRINE HYDROCHLORIDE,"TABLET, EXTENDED RELEASE",ORAL,1.2GM; 120MG,MUCINEX D,RB HEALTH US LLC,"Jun 22, 2004"
GUAIFENESIN; HYDROCODONE BITARTRATE,SOLUTION,ORAL,200MG/5ML; 2.5MG/5ML,FLOWTUSS,CHARTWELL RX SCIENCES LLC,"May 14, 2015"
GUAIFENESIN; HYDROCODONE BITARTRATE,SOLUTION,ORAL,200MG/5ML; 2.5MG/5ML,OBREDON,SOVEREIGN PHARMACEUTICALS LLC,"Nov 14, 2014"
GUAIFENESIN; HYDROCODONE BITARTRATE,TABLET,ORAL,400MG; 5MG,XTRELUS,ECI PHARMACEUTICALS LLC,"Apr 25, 2018"
GUAIFENESIN; HYDROCODONE BITARTRATE; PSEUDOEPHEDRINE HYDROCHLORIDE,SOLUTION,ORAL,200MG/5ML; 2.5MG/5ML; 30MG/5ML,HYCOFENIX,CHARTWELL RX SCIENCES LLC,"May 14, 2015"
GUAIFENESIN; PSEUDOEPHEDRINE HYDROCHLORIDE,"TABLET, EXTENDED RELEASE",ORAL,600MG; 60MG,GUAIFENESIN AND PSEUDOEPHEDRINE HYDROCHLORIDE,GRANULES INDIA LTD,"Aug 22, 2022"
GUAIFENESIN; PSEUDOEPHEDRINE HYDROCHLORIDE,"TABLET, EXTENDED RELEASE",ORAL,1.2GM; 120MG,GUAIFENESIN AND PSEUDOEPHEDRINE HYDROCHLORIDE,GRANULES INDIA LTD,"Aug 22, 2022"
HYDROCHLOROTHIAZIDE; METOPROLOL TARTRATE,TABLET,ORAL,25MG; 50MG,LOPRESSOR HCT,VALIDUS PHARMACEUTICALS LLC,"Dec 31, 1984"
HYDROCHLOROTHIAZIDE; METOPROLOL TARTRATE,TABLET,ORAL,25MG; 50MG,METOPROLOL TARTRATE AND HYDROCHLOROTHIAZIDE,ALEMBIC PHARMACEUTICALS LTD,"Nov 6, 2013"
HYDROCHLOROTHIAZIDE; METOPROLOL TARTRATE,TABLET,ORAL,25MG; 50MG,METOPROLOL TARTRATE AND HYDROCHLOROTHIAZIDE,MYLAN PHARMACEUTICALS,"Aug 20, 2004"
HYDROCHLOROTHIAZIDE; METOPROLOL TARTRATE,TABLET,ORAL,25MG; 50MG,METOPROLOL TARTRATE AND HYDROCHLOROTHIAZIDE,SENORES PHARMACEUTICALS INC,"Jan 8, 2025"
HYDROCHLOROTHIAZIDE; METOPROLOL TARTRATE,TABLET,ORAL,25MG; 100MG,METOPROLOL TARTRATE AND HYDROCHLOROTHIAZIDE,ALEMBIC PHARMACEUTICALS LTD,"Nov 6, 2013"
HYDROCHLOROTHIAZIDE; METOPROLOL TARTRATE,TABLET,ORAL,25MG; 100MG,METOPROLOL TARTRATE AND HYDROCHLOROTHIAZIDE,MYLAN PHARMACEUTICALS,"Aug 20, 2004"
HYDROCHLOROTHIAZIDE; METOPROLOL TARTRATE,TABLET,ORAL,25MG; 100MG,METOPROLOL TARTRATE AND HYDROCHLOROTHIAZIDE,SENORES PHARMACEUTICALS INC,"Jan 8, 2025"
HYDROCHLOROTHIAZIDE; METOPROLOL TARTRATE,TABLET,ORAL,50MG; 100MG,METOPROLOL TARTRATE AND HYDROCHLOROTHIAZIDE,ALEMBIC PHARMACEUTICALS LTD,"Nov 6, 2013"
HYDROCHLOROTHIAZIDE; METOPROLOL TARTRATE,TABLET,ORAL,50MG; 100MG,METOPROLOL TARTRATE AND HYDROCHLOROTHIAZIDE,MYLAN PHARMACEUTICALS,"Aug 20, 2004"
METOPROLOL SUCCINATE,"CAPSULE, EXTENDED RELEASE",ORAL,EQ 25MG TARTRATE,KAPSPARGO SPRINKLE,SUN PHARMA INDUSTRIES LTD,"Jan 26, 2018"
METOPROLOL SUCCINATE,"CAPSULE, EXTENDED RELEASE",ORAL,EQ 50MG TARTRATE,KAPSPARGO SPRINKLE,SUN PHARMA INDUSTRIES LTD,"Jan 26, 2018"
METOPROLOL SUCCINATE,"CAPSULE, EXTENDED RELEASE",ORAL,EQ 100MG TARTRATE,KAPSPARGO SPRINKLE,SUN PHARMA INDUSTRIES LTD,"Jan 26, 2018"
METOPROLOL SUCCINATE,"CAPSULE, EXTENDED RELEASE",ORAL,EQ 200MG TARTRATE,KAPSPARGO SPRINKLE,SUN PHARMA INDUSTRIES LTD,"Jan 26, 2018"
METOPROLOL SUCCINATE,"TABLET, EXTENDED RELEASE",ORAL,EQ 25MG TARTRATE,METOPROLOL SUCCINATE,ACTAVIS ELIZABETH LLC,"Nov 25, 2016"
METOPROLOL SUCCINATE,"TABLET, EXTENDED RELEASE",ORAL,EQ 25MG TARTRATE,METOPROLOL SUCCINATE,ALKEM LABORATORIES LTD,"Nov 25, 2020"
METOPROLOL SUCCINATE,"TABLET, EXTENDED RELEASE",ORAL,EQ 25MG TARTRATE,METOPROLOL SUCCINATE,DR REDDYS LABORATORIES LTD,"Aug 1, 2012"
METOPROLOL SUCCINATE,"TABLET, EXTENDED RELEASE",ORAL,EQ 25MG TARTRATE,METOPROLOL SUCCINATE,GRANULES INDIA LTD,"Jun 12, 2023"
METOPROLOL SUCCINATE,"TABLET, EXTENDED RELEASE",ORAL,EQ 25MG TARTRATE,METOPROLOL SUCCINATE,HETERO LABS LTD UNIT III,"Nov 6, 2020"
METOPROLOL SUCCINATE,"TABLET, EXTENDED RELEASE",ORAL,EQ 25MG TARTRATE,METOPROLOL SUCCINATE,IPCA LABORATORIES LTD,"Jun 25, 2025"
METOPROLOL SUCCINATE,"TABLET, EXTENDED RELEASE",ORAL,EQ 25MG TARTRATE,METOPROLOL SUCCINATE,MYLAN PHARMACEUTICALS INC,"Dec 15, 2011"
METOPROLOL SUCCINATE,"TABLET, EXTENDED RELEASE",ORAL,EQ 25MG TARTRATE,METOPROLOL SUCCINATE,NOVAST LABORATORIES LTD,"Feb 6, 2018"
METOPROLOL SUCCINATE,"TABLET, EXTENDED RELEASE",ORAL,EQ 25MG TARTRATE,METOPROLOL SUCCINATE,PHARMADAX INC,"Mar 31, 2020"
METOPROLOL SUCCINATE,"TABLET, EXTENDED RELEASE",ORAL,EQ 25MG TARTRATE,METOPROLOL SUCCINATE,SUNSHINE LAKE PHARMA CO LTD,"May 23, 2024"
METOPROLOL SUCCINATE,"TABLET, EXTENDED RELEASE",ORAL,EQ 25MG TARTRATE,METOPROLOL SUCCINATE,VISUM PHARMACEUTICAL CO LTD,"Dec 19, 2018"
METOPROLOL SUCCINATE,"TABLET, EXTENDED RELEASE",ORAL,EQ 25MG TARTRATE,METOPROLOL SUCCINATE,WOCKHARDT BIO AG,"Jul 22, 2010"
METOPROLOL SUCCINATE,"TABLET, EXTENDED RELEASE",ORAL,EQ 25MG TARTRATE,METOPROLOL SUCCINATE,YICHANG HUMANWELL PHARMACEUTICAL CO LTD,"Aug 1, 2022"
METOPROLOL SUCCINATE,"TABLET, EXTENDED RELEASE",ORAL,EQ 25MG TARTRATE,METOPROLOL SUCCINATE,ZYDUS PHARMACEUTICALS USA INC,"Mar 23, 2018"
METOPROLOL SUCCINATE,"TABLET, EXTENDED RELEASE",ORAL,EQ 50MG TARTRATE,METOPROLOL SUCCINATE,ACTAVIS ELIZABETH LLC,"Nov 25, 2016"
METOPROLOL SUCCINATE,"TABLET, EXTENDED RELEASE",ORAL,EQ 50MG TARTRATE,METOPROLOL SUCCINATE,ACTAVIS LABORATORIES FL INC,"Aug 3, 2009"
METOPROLOL SUCCINATE,"TABLET, EXTENDED RELEASE",ORAL,EQ 50MG TARTRATE,METOPROLOL SUCCINATE,ALKEM LABORATORIES LTD,"Nov 25, 2020"
METOPROLOL SUCCINATE,"TABLET, EXTENDED RELEASE",ORAL,EQ 50MG TARTRATE,METOPROLOL SUCCINATE,CIPLA LTD,"Oct 26, 2018"
METOPROLOL SUCCINATE,"TABLET, EXTENDED RELEASE",ORAL,EQ 50MG TARTRATE,METOPROLOL SUCCINATE,DR REDDYS LABORATORIES LTD,"Aug 1, 2012"
METOPROLOL SUCCINATE,"TABLET, EXTENDED RELEASE",ORAL,EQ 50MG TARTRATE,METOPROLOL SUCCINATE,GRANULES INDIA LTD,"Jun 12, 2023"
METOPROLOL SUCCINATE,"TABLET, EXTENDED RELEASE",ORAL,EQ 50MG TARTRATE,METOPROLOL SUCCINATE,HETERO LABS LTD UNIT III,"Nov 6, 2020"
METOPROLOL SUCCINATE,"TABLET, EXTENDED RELEASE",ORAL,EQ 50MG TARTRATE,METOPROLOL SUCCINATE,IPCA LABORATORIES LTD,"Jun 25, 2025"
METOPROLOL SUCCINATE,"TABLET, EXTENDED RELEASE",ORAL,EQ 50MG TARTRATE,METOPROLOL SUCCINATE,MYLAN PHARMACEUTICALS INC,"Dec 15, 2011"
METOPROLOL SUCCINATE,"TABLET, EXTENDED RELEASE",ORAL,EQ 50MG TARTRATE,METOPROLOL SUCCINATE,NOVAST LABORATORIES LTD,"Feb 6, 2018"
METOPROLOL SUCCINATE,"TABLET, EXTENDED RELEASE",ORAL,EQ 50MG TARTRATE,METOPROLOL SUCCINATE,PHARMADAX INC,"Mar 31, 2020"
METOPROLOL SUCCINATE,"TABLET, EXTENDED RELEASE",ORAL,EQ 50MG TARTRATE,METOPROLOL SUCCINATE,SUNSHINE LAKE PHARMA CO LTD,"Sep 26, 2022"
METOPROLOL SUCCINATE,"TABLET, EXTENDED RELEASE",ORAL,EQ 50MG TARTRATE,METOPROLOL SUCCINATE,VISUM PHARMACEUTICAL CO LTD,"Dec 19, 2018"
METOPROLOL SUCCINATE,"TABLET, EXTENDED RELEASE",ORAL,EQ 50MG TARTRATE,METOPROLOL SUCCINATE,WOCKHARDT BIO AG,"Jul 22, 2010"
METOPROLOL SUCCINATE,"TABLET, EXTENDED RELEASE",ORAL,EQ 50MG TARTRATE,METOPROLOL SUCCINATE,YICHANG HUMANWELL PHARMACEUTICAL CO LTD,"Nov 8, 2021"
METOPROLOL SUCCINATE,"TABLET, EXTENDED RELEASE",ORAL,EQ 50MG TARTRATE,METOPROLOL SUCCINATE,ZHEJIANG JUTAI PHARMACEUTICAL CO LTD,"Jul 26, 2024"
METOPROLOL SUCCINATE,"TABLET, EXTENDED RELEASE",ORAL,EQ 50MG TARTRATE,METOPROLOL SUCCINATE,ZYDUS PHARMACEUTICALS USA INC,"Mar 23, 2018"
METOPROLOL SUCCINATE,"TABLET, EXTENDED RELEASE",ORAL,EQ 100MG TARTRATE,METOPROLOL SUCCINATE,ACTAVIS ELIZABETH LLC,"Nov 25, 2016"
METOPROLOL SUCCINATE,"TABLET, EXTENDED RELEASE",ORAL,EQ 100MG TARTRATE,METOPROLOL SUCCINATE,ALKEM LABORATORIES LTD,"Nov 25, 2020"
METOPROLOL SUCCINATE,"TABLET, EXTENDED RELEASE",ORAL,EQ 100MG TARTRATE,METOPROLOL SUCCINATE,CIPLA LTD,"Oct 26, 2018"
METOPROLOL SUCCINATE,"TABLET, EXTENDED RELEASE",ORAL,EQ 100MG TARTRATE,METOPROLOL SUCCINATE,DOCTOR REDDYS LABORATORIES LTD,"Aug 15, 2012"
METOPROLOL SUCCINATE,"TABLET, EXTENDED RELEASE",ORAL,EQ 100MG TARTRATE,METOPROLOL SUCCINATE,GRANULES INDIA LTD,"Jun 12, 2023"
METOPROLOL SUCCINATE,"TABLET, EXTENDED RELEASE",ORAL,EQ 100MG TARTRATE,METOPROLOL SUCCINATE,HETERO LABS LTD UNIT III,"Nov 6, 2020"
METOPROLOL SUCCINATE,"TABLET, EXTENDED RELEASE",ORAL,EQ 100MG TARTRATE,METOPROLOL SUCCINATE,IPCA LABORATORIES LTD,"Jun 25, 2025"
METOPROLOL SUCCINATE,"TABLET, EXTENDED RELEASE",ORAL,EQ 100MG TARTRATE,METOPROLOL SUCCINATE,MYLAN PHARMACEUTICALS INC,"Dec 15, 2011"
METOPROLOL SUCCINATE,"TABLET, EXTENDED RELEASE",ORAL,EQ 100MG TARTRATE,METOPROLOL SUCCINATE,NOVAST LABORATORIES LTD,"Feb 6, 2018"
METOPROLOL SUCCINATE,"TABLET, EXTENDED RELEASE",ORAL,EQ 100MG TARTRATE,METOPROLOL SUCCINATE,PHARMADAX INC,"Mar 30, 2020"
METOPROLOL SUCCINATE,"TABLET, EXTENDED RELEASE",ORAL,EQ 100MG TARTRATE,METOPROLOL SUCCINATE,SUNSHINE LAKE PHARMA CO LTD,"Sep 26, 2022"
METOPROLOL SUCCINATE,"TABLET, EXTENDED RELEASE",ORAL,EQ 100MG TARTRATE,METOPROLOL SUCCINATE,VISUM PHARMACEUTICAL CO LTD,"Dec 19, 2018"
METOPROLOL SUCCINATE,"TABLET, EXTENDED RELEASE",ORAL,EQ 100MG TARTRATE,METOPROLOL SUCCINATE,WOCKHARDT BIO AG,"Jul 22, 2010"
METOPROLOL SUCCINATE,"TABLET, EXTENDED RELEASE",ORAL,EQ 100MG TARTRATE,METOPROLOL SUCCINATE,ZHEJIANG JUTAI PHARMACEUTICAL CO LTD,"Jul 26, 2024"
METOPROLOL SUCCINATE,"TABLET, EXTENDED RELEASE",ORAL,EQ 100MG TARTRATE,METOPROLOL SUCCINATE,ZYDUS PHARMACEUTICALS USA INC,"Mar 23, 2018"
METOPROLOL SUCCINATE,"TABLET, EXTENDED RELEASE",ORAL,EQ 200MG TARTRATE,METOPROLOL SUCCINATE,ACTAVIS ELIZABETH LLC,"Nov 25, 2016"
METOPROLOL SUCCINATE,"TABLET, EXTENDED RELEASE",ORAL,EQ 200MG TARTRATE,METOPROLOL SUCCINATE,ALKEM LABORATORIES LTD,"Nov 25, 2020"
METOPROLOL SUCCINATE,"TABLET, EXTENDED RELEASE",ORAL,EQ 200MG TARTRATE,METOPROLOL SUCCINATE,CIPLA LTD,"Oct 26, 2018"
METOPROLOL SUCCINATE,"TABLET, EXTENDED RELEASE",ORAL,EQ 200MG TARTRATE,METOPROLOL SUCCINATE,DOCTOR REDDYS LABORATORIES LTD,"Aug 15, 2012"
METOPROLOL SUCCINATE,"TABLET, EXTENDED RELEASE",ORAL,EQ 200MG TARTRATE,METOPROLOL SUCCINATE,GRANULES INDIA LTD,"Jun 12, 2023"
METOPROLOL SUCCINATE,"TABLET, EXTENDED RELEASE",ORAL,EQ 200MG TARTRATE,METOPROLOL SUCCINATE,HETERO LABS LTD UNIT III,"Nov 6, 2020"
METOPROLOL SUCCINATE,"TABLET, EXTENDED RELEASE",ORAL,EQ 200MG TARTRATE,METOPROLOL SUCCINATE,IPCA LABORATORIES LTD,"Jun 25, 2025"
METOPROLOL SUCCINATE,"TABLET, EXTENDED RELEASE",ORAL,EQ 200MG TARTRATE,METOPROLOL SUCCINATE,MYLAN PHARMACEUTICALS INC,"Dec 15, 2011"
METOPROLOL SUCCINATE,"TABLET, EXTENDED RELEASE",ORAL,EQ 200MG TARTRATE,METOPROLOL SUCCINATE,NOVAST LABORATORIES LTD,"Feb 6, 2018"
METOPROLOL SUCCINATE,"TABLET, EXTENDED RELEASE",ORAL,EQ 200MG TARTRATE,METOPROLOL SUCCINATE,PHARMADAX INC,"Mar 30, 2020"
METOPROLOL SUCCINATE,"TABLET, EXTENDED RELEASE",ORAL,EQ 200MG TARTRATE,METOPROLOL SUCCINATE,SUNSHINE LAKE PHARMA CO LTD,"Sep 26, 2022"
METOPROLOL SUCCINATE,"TABLET, EXTENDED RELEASE",ORAL,EQ 200MG TARTRATE,METOPROLOL SUCCINATE,VISUM PHARMACEUTICAL CO LTD,"Dec 19, 2018"
METOPROLOL SUCCINATE,"TABLET, EXTENDED RELEASE",ORAL,EQ 200MG TARTRATE,METOPROLOL SUCCINATE,WOCKHARDT BIO AG,"Jul 22, 2010"
METOPROLOL SUCCINATE,"TABLET, EXTENDED RELEASE",ORAL,EQ 100MG TARTRATE,METOPROLOL SUCCINATE,YICHANG HUMANWELL PHARMACEUTICAL CO LTD,"Feb 12, 2021"
METOPROLOL SUCCINATE,"TABLET, EXTENDED RELEASE",ORAL,EQ 200MG TARTRATE,METOPROLOL SUCCINATE,YICHANG HUMANWELL PHARMACEUTICAL CO LTD,"Feb 12, 2021"
METOPROLOL SUCCINATE,"TABLET, EXTENDED RELEASE",ORAL,EQ 200MG TARTRATE,METOPROLOL SUCCINATE,ZHEJIANG JUTAI PHARMACEUTICAL CO LTD,"Jul 26, 2024"
METOPROLOL SUCCINATE,"TABLET, EXTENDED RELEASE",ORAL,EQ 200MG TARTRATE,METOPROLOL SUCCINATE,ZYDUS PHARMACEUTICALS USA INC,"Mar 23, 2018"
METOPROLOL SUCCINATE,"TABLET, EXTENDED RELEASE",ORAL,EQ 25MG TARTRATE,TOPROL-XL,MELINTA THERAPEUTICS LLC A WHOLLY OWNED SUB OF CORMEDIX INC,"Feb 5, 2001"
METOPROLOL SUCCINATE,"TABLET, EXTENDED RELEASE",ORAL,EQ 50MG TARTRATE,TOPROL-XL,MELINTA THERAPEUTICS LLC A WHOLLY OWNED SUB OF CORMEDIX INC,"Jan 10, 1992"
METOPROLOL SUCCINATE,"TABLET, EXTENDED RELEASE",ORAL,EQ 100MG TARTRATE,TOPROL-XL,MELINTA THERAPEUTICS LLC A WHOLLY OWNED SUB OF CORMEDIX INC,"Jan 10, 1992"
METOPROLOL SUCCINATE,"TABLET, EXTENDED RELEASE",ORAL,EQ 200MG TARTRATE,TOPROL-XL,MELINTA THERAPEUTICS LLC A WHOLLY OWNED SUB OF CORMEDIX INC,"Jan 10, 1992"
METOPROLOL TARTRATE,INJECTABLE,INJECTION,1MG/ML,METOPROLOL TARTRATE,BAXTER HEALTHCARE CORP,"Apr 29, 2013"
METOPROLOL TARTRATE,INJECTABLE,INJECTION,1MG/ML,METOPROLOL TARTRATE,FRESENIUS KABI USA LLC,"Oct 25, 2010"
METOPROLOL TARTRATE,INJECTABLE,INJECTION,1MG/ML,METOPROLOL TARTRATE,GLAND PHARMA LTD,"Aug 27, 2014"
METOPROLOL TARTRATE,INJECTABLE,INJECTION,1MG/ML,METOPROLOL TARTRATE,HIKMA FARMACEUTICA (PORTUGAL) SA,"May 30, 2007"
METOPROLOL TARTRATE,INJECTABLE,INJECTION,1MG/ML,METOPROLOL TARTRATE,HIKMA PHARMACEUTICALS USA INC,"Jul 7, 2003"
METOPROLOL TARTRATE,INJECTABLE,INJECTION,1MG/ML,METOPROLOL TARTRATE,HOSPIRA INC,"Apr 29, 2008"
METOPROLOL TARTRATE,INJECTABLE,INJECTION,1MG/ML,METOPROLOL TARTRATE,SANDOZ INC,"Oct 2, 2007"
METOPROLOL TARTRATE,SOLUTION,ORAL,10MG/ML,LOPRESSOR,RUBICON RESEARCH LTD,"Apr 10, 2025"
METOPROLOL TARTRATE,TABLET,ORAL,12.5MG,LOPRESSOR,XTM CONSULTING LLC,"Aug 28, 2025"
METOPROLOL TARTRATE,TABLET,ORAL,50MG,LOPRESSOR,VALIDUS PHARMACEUTICALS LLC,"Approved Prior to Jan 1, 1982"
METOPROLOL TARTRATE,TABLET,ORAL,100MG,LOPRESSOR,VALIDUS PHARMACEUTICALS LLC,"Approved Prior to Jan 1, 1982"
METOPROLOL TARTRATE,TABLET,ORAL,25MG,METOPROLOL TARTRATE,ALEMBIC PHARMACEUTICALS LTD,"May 28, 2013"
METOPROLOL TARTRATE,TABLET,ORAL,25MG,METOPROLOL TARTRATE,AUROBINDO PHARMA LTD,"Sep 11, 2007"
METOPROLOL TARTRATE,TABLET,ORAL,25MG,METOPROLOL TARTRATE,IPCA LABORATORIES LTD,"Jun 17, 2008"
METOPROLOL TARTRATE,TABLET,ORAL,25MG,METOPROLOL TARTRATE,MYLAN PHARMACEUTICALS INC,"Jan 16, 2004"
METOPROLOL TARTRATE,TABLET,ORAL,25MG,METOPROLOL TARTRATE,RUBICON RESEARCH LTD,"Oct 28, 2014"
METOPROLOL TARTRATE,TABLET,ORAL,25MG,METOPROLOL TARTRATE,SCIEGEN PHARMACEUTICALS INC,"Feb 5, 2020"
METOPROLOL TARTRATE,TABLET,ORAL,37.5MG,METOPROLOL TARTRATE,AUROBINDO PHARMA LTD,"Dec 7, 2023"
METOPROLOL TARTRATE,TABLET,ORAL,37.5MG,METOPROLOL TARTRATE,MYLAN PHARMACEUTICALS INC,"Mar 18, 2015"
METOPROLOL TARTRATE,TABLET,ORAL,37.5MG,METOPROLOL TARTRATE,RUBICON RESEARCH LTD,"Aug 21, 2019"
METOPROLOL TARTRATE,TABLET,ORAL,50MG,METOPROLOL TARTRATE,ALEMBIC PHARMACEUTICALS LTD,"May 28, 2013"
METOPROLOL TARTRATE,TABLET,ORAL,50MG,METOPROLOL TARTRATE,AUROBINDO PHARMA LTD,"Sep 11, 2007"
METOPROLOL TARTRATE,TABLET,ORAL,50MG,METOPROLOL TARTRATE,IPCA LABORATORIES LTD,"Jun 17, 2008"
METOPROLOL TARTRATE,TABLET,ORAL,50MG,METOPROLOL TARTRATE,MYLAN PHARMACEUTICALS INC,"Jan 16, 2004"
METOPROLOL TARTRATE,TABLET,ORAL,50MG,METOPROLOL TARTRATE,RENATA PLC,"Apr 27, 1995"
METOPROLOL TARTRATE,TABLET,ORAL,50MG,METOPROLOL TARTRATE,RUBICON RESEARCH LTD,"Oct 28, 2014"
METOPROLOL TARTRATE,TABLET,ORAL,50MG,METOPROLOL TARTRATE,SCIEGEN PHARMACEUTICALS INC,"Feb 5, 2020"
METOPROLOL TARTRATE,TABLET,ORAL,50MG,METOPROLOL TARTRATE,SUN PHARMACEUTICAL INDUSTRIES INC,"Dec 10, 1996"
METOPROLOL TARTRATE,TABLET,ORAL,75MG,METOPROLOL TARTRATE,AUROBINDO PHARMA LTD,"Dec 7, 2023"
METOPROLOL TARTRATE,TABLET,ORAL,75MG,METOPROLOL TARTRATE,MYLAN PHARMACEUTICALS INC,"Mar 18, 2015"
METOPROLOL TARTRATE,TABLET,ORAL,75MG,METOPROLOL TARTRATE,RUBICON RESEARCH LTD,"Aug 21, 2019"
METOPROLOL TARTRATE,TABLET,ORAL,100MG,METOPROLOL TARTRATE,ALEMBIC PHARMACEUTICALS LTD,"May 28, 2013"
METOPROLOL TARTRATE,TABLET,ORAL,100MG,METOPROLOL TARTRATE,AUROBINDO PHARMA LTD,"Sep 11, 2007"
METOPROLOL TARTRATE,TABLET,ORAL,100MG,METOPROLOL TARTRATE,IPCA LABORATORIES LTD,"Jun 17, 2008"
METOPROLOL TARTRATE,TABLET,ORAL,100MG,METOPROLOL TARTRATE,MYLAN PHARMACEUTICALS INC,"Jan 16, 2004"
METOPROLOL TARTRATE,TABLET,ORAL,100MG,METOPROLOL TARTRATE,RENATA PLC,"Apr 27, 1995"
METOPROLOL TARTRATE,TABLET,ORAL,100MG,METOPROLOL TARTRATE,RUBICON RESEARCH LTD,"Oct 28, 2014"
METOPROLOL TARTRATE,TABLET,ORAL,100MG,METOPROLOL TARTRATE,SCIEGEN PHARMACEUTICALS INC,"Feb 5, 2020"
METOPROLOL TARTRATE,TABLET,ORAL,100MG,METOPROLOL TARTRATE,SUN PHARMACEUTICAL INDUSTRIES INC,"Dec 10, 1996"
CHLORTHALIDONE; METOPROLOL TARTRATE,CAPSULE,ORAL,25MG; 100MG,LOPRESSIDONE,NOVARTIS PHARMACEUTICALS CORP,"Dec 31, 1987"
CHLORTHALIDONE; METOPROLOL TARTRATE,CAPSULE,ORAL,25MG; 200MG,LOPRESSIDONE,NOVARTIS PHARMACEUTICALS CORP,"Dec 31, 1987"
HYDROCHLOROTHIAZIDE; METOPROLOL SUCCINATE,"TABLET, EXTENDED RELEASE",ORAL,12.5MG; EQ 25MG TARTRATE **Federal Register determination that product was not discontinued or withdrawn for safety or effectiveness reasons**,DUTOPROL,CONCORDIA PHARMACEUTICALS INC,"Aug 28, 2006"
HYDROCHLOROTHIAZIDE; METOPROLOL SUCCINATE,"TABLET, EXTENDED RELEASE",ORAL,12.5MG; EQ 50MG TARTRATE **Federal Register determination that product was not discontinued or withdrawn for safety or effectiveness reasons**,DUTOPROL,CONCORDIA PHARMACEUTICALS INC,"Aug 28, 2006"
HYDROCHLOROTHIAZIDE; METOPROLOL SUCCINATE,"TABLET, EXTENDED RELEASE",ORAL,12.5MG; EQ 100MG TARTRATE **Federal Register determination that product was not discontinued or withdrawn for safety or effectiveness reasons**,DUTOPROL,CONCORDIA PHARMACEUTICALS INC,"Aug 28, 2006"
HYDROCHLOROTHIAZIDE; METOPROLOL TARTRATE,TABLET,ORAL,25MG; 100MG **Federal Register determination that product was not discontinued or withdrawn for safety or effectiveness reasons**,LOPRESSOR HCT,VALIDUS PHARMACEUTICALS LLC,"Dec 31, 1984"
HYDROCHLOROTHIAZIDE; METOPROLOL TARTRATE,TABLET,ORAL,50MG; 100MG **Federal Register determination that product was not discontinued or withdrawn for safety or effectiveness reasons**,LOPRESSOR HCT,VALIDUS PHARMACEUTICALS LLC,"Dec 31, 1984"
HYDROCHLOROTHIAZIDE; METOPROLOL TARTRATE,TABLET,ORAL,25MG; 50MG,METOPROLOL TARTRATE AND HYDROCHLOROTHIAZIDE,SUN PHARMACEUTICAL INDUSTRIES LTD,"Jan 19, 2012"
HYDROCHLOROTHIAZIDE; METOPROLOL TARTRATE,TABLET,ORAL,25MG; 100MG,METOPROLOL TARTRATE AND HYDROCHLOROTHIAZIDE,SUN PHARMACEUTICAL INDUSTRIES LTD,"Jan 19, 2012"
HYDROCHLOROTHIAZIDE; METOPROLOL TARTRATE,TABLET,ORAL,50MG; 100MG,METOPROLOL TARTRATE AND HYDROCHLOROTHIAZIDE,SUN PHARMACEUTICAL INDUSTRIES LTD,"Jan 19, 2012"
METOPROLOL FUMARATE,"TABLET, EXTENDED RELEASE",ORAL,EQ 100MG TARTRATE,LOPRESSOR,NOVARTIS PHARMACEUTICALS CORP,"Dec 27, 1989"
METOPROLOL FUMARATE,"TABLET, EXTENDED RELEASE",ORAL,EQ 200MG TARTRATE,LOPRESSOR,NOVARTIS PHARMACEUTICALS CORP,"Dec 27, 1989"
METOPROLOL FUMARATE,"TABLET, EXTENDED RELEASE",ORAL,EQ 300MG TARTRATE,LOPRESSOR,NOVARTIS PHARMACEUTICALS CORP,"Dec 27, 1989"
METOPROLOL FUMARATE,"TABLET, EXTENDED RELEASE",ORAL,EQ 400MG TARTRATE,LOPRESSOR,NOVARTIS PHARMACEUTICALS CORP,"Dec 27, 1989"
METOPROLOL SUCCINATE,"TABLET, EXTENDED RELEASE",ORAL,EQ 25MG TARTRATE,METOPROLOL SUCCINATE,ACCORD HEALTHCARE INC,"Oct 18, 2022"
METOPROLOL SUCCINATE,"TABLET, EXTENDED RELEASE",ORAL,EQ 25MG TARTRATE,METOPROLOL SUCCINATE,ACTAVIS LABORATORIES FL INC,"Aug 3, 2009"
METOPROLOL SUCCINATE,"TABLET, EXTENDED RELEASE",ORAL,EQ 25MG TARTRATE,METOPROLOL SUCCINATE,GRANULES INDIA LTD,"Aug 7, 2023"
METOPROLOL SUCCINATE,"TABLET, EXTENDED RELEASE",ORAL,EQ 25MG TARTRATE,METOPROLOL SUCCINATE,LUPIN INC,"Aug 15, 2023"
METOPROLOL SUCCINATE,"TABLET, EXTENDED RELEASE",ORAL,EQ 25MG TARTRATE,METOPROLOL SUCCINATE,NESHER PHARMACEUTICALS USA LLC,"Mar 20, 2008"
METOPROLOL SUCCINATE,"TABLET, EXTENDED RELEASE",ORAL,EQ 25MG TARTRATE,METOPROLOL SUCCINATE,SANDOZ,"Jul 31, 2006"
METOPROLOL SUCCINATE,"TABLET, EXTENDED RELEASE",ORAL,EQ 50MG TARTRATE,METOPROLOL SUCCINATE,ACCORD HEALTHCARE INC,"Oct 18, 2022"
METOPROLOL SUCCINATE,"TABLET, EXTENDED RELEASE",ORAL,EQ 50MG TARTRATE,METOPROLOL SUCCINATE,GRANULES INDIA LTD,"Aug 7, 2023"
METOPROLOL SUCCINATE,"TABLET, EXTENDED RELEASE",ORAL,EQ 50MG TARTRATE,METOPROLOL SUCCINATE,LUPIN INC,"Aug 15, 2023"
METOPROLOL SUCCINATE,"TABLET, EXTENDED RELEASE",ORAL,EQ 50MG TARTRATE,METOPROLOL SUCCINATE,NESHER PHARMACEUTICALS USA LLC,"May 14, 2008"
METOPROLOL SUCCINATE,"TABLET, EXTENDED RELEASE",ORAL,EQ 50MG TARTRATE,METOPROLOL SUCCINATE,SANDOZ,"May 18, 2007"
METOPROLOL SUCCINATE,"TABLET, EXTENDED RELEASE",ORAL,EQ 100MG TARTRATE,METOPROLOL SUCCINATE,ACCORD HEALTHCARE INC,"Oct 18, 2022"
METOPROLOL SUCCINATE,"TABLET, EXTENDED RELEASE",ORAL,EQ 100MG TARTRATE,METOPROLOL SUCCINATE,ACTAVIS LABORATORIES FL INC,"Apr 15, 2010"
METOPROLOL SUCCINATE,"TABLET, EXTENDED RELEASE",ORAL,EQ 100MG TARTRATE,METOPROLOL SUCCINATE,GRANULES INDIA LTD,"Aug 7, 2023"
METOPROLOL SUCCINATE,"TABLET, EXTENDED RELEASE",ORAL,EQ 100MG TARTRATE,METOPROLOL SUCCINATE,LUPIN INC,"Aug 15, 2023"
METOPROLOL SUCCINATE,"TABLET, EXTENDED RELEASE",ORAL,EQ 100MG TARTRATE,METOPROLOL SUCCINATE,NESHER PHARMACEUTICALS USA LLC,"May 18, 2007"
METOPROLOL SUCCINATE,"TABLET, EXTENDED RELEASE",ORAL,EQ 100MG TARTRATE,METOPROLOL SUCCINATE,PRINSTON PHARMACEUTICAL INC,"Jan 4, 2022"
METOPROLOL SUCCINATE,"TABLET, EXTENDED RELEASE",ORAL,EQ 100MG TARTRATE,METOPROLOL SUCCINATE,SANDOZ,"Mar 20, 2008"
METOPROLOL SUCCINATE,"TABLET, EXTENDED RELEASE",ORAL,EQ 200MG TARTRATE,METOPROLOL SUCCINATE,ACCORD HEALTHCARE INC,"Oct 18, 2022"
METOPROLOL SUCCINATE,"TABLET, EXTENDED RELEASE",ORAL,EQ 200MG TARTRATE,METOPROLOL SUCCINATE,ACTAVIS LABORATORIES FL INC,"Apr 15, 2010"
METOPROLOL SUCCINATE,"TABLET, EXTENDED RELEASE",ORAL,EQ 200MG TARTRATE,METOPROLOL SUCCINATE,GRANULES INDIA LTD,"Aug 7, 2023"
METOPROLOL SUCCINATE,"TABLET, EXTENDED RELEASE",ORAL,EQ 200MG TARTRATE,METOPROLOL SUCCINATE,LUPIN INC,"Aug 15, 2023"
METOPROLOL SUCCINATE,"TABLET, EXTENDED RELEASE",ORAL,EQ 200MG TARTRATE,METOPROLOL SUCCINATE,NESHER PHARMACEUTICALS USA LLC,"May 18, 2007"
METOPROLOL SUCCINATE,"TABLET, EXTENDED RELEASE",ORAL,EQ 200MG TARTRATE,METOPROLOL SUCCINATE,PRINSTON PHARMACEUTICAL INC,"Jan 4, 2022"
METOPROLOL SUCCINATE,"TABLET, EXTENDED RELEASE",ORAL,EQ 200MG TARTRATE,METOPROLOL SUCCINATE,SANDOZ,"Mar 20, 2008"
METOPROLOL TARTRATE,INJECTABLE,INJECTION,1MG/ML **Federal Register determination that product was not discontinued or withdrawn for safety or effectiveness reasons**,LOPRESSOR,NOVARTIS PHARMACEUTICALS CORP,"Mar 30, 1984"
METOPROLOL TARTRATE,INJECTABLE,INJECTION,1MG/ML,METOPROLOL TARTRATE,AMERICAN REGENT INC,"Sep 30, 2009"
METOPROLOL TARTRATE,INJECTABLE,INJECTION,1MG/ML,METOPROLOL TARTRATE,HOSPIRA INC,"Dec 21, 1993"
METOPROLOL TARTRATE,INJECTABLE,INJECTION,1MG/ML,METOPROLOL TARTRATE,HOSPIRA INC,"Jul 6, 1998"
METOPROLOL TARTRATE,INJECTABLE,INJECTION,1MG/ML,METOPROLOL TARTRATE,LUITPOLD PHARMACEUTICALS INC,"Dec 29, 2010"
METOPROLOL TARTRATE,INJECTABLE,INJECTION,1MG/ML,METOPROLOL TARTRATE,ONESOURCE SPECIALTY PTE LTD,"Apr 19, 2010"
METOPROLOL TARTRATE,INJECTABLE,INJECTION,1MG/ML,METOPROLOL TARTRATE,WATSON LABORATORIES INC,"Dec 21, 1993"
METOPROLOL TARTRATE,TABLET,ORAL,25MG,METOPROLOL TARTRATE,SUN PHARMACEUTICAL INDUSTRIES INC,"Jul 15, 2009"
METOPROLOL TARTRATE,TABLET,ORAL,25MG,METOPROLOL TARTRATE,SUN PHARMACEUTICAL INDUSTRIES INC,"Jan 15, 2004"
METOPROLOL TARTRATE,TABLET,ORAL,25MG,METOPROLOL TARTRATE,ZYDUS PHARMACEUTICALS USA INC,"Apr 19, 2023"
METOPROLOL TARTRATE,TABLET,ORAL,50MG,METOPROLOL TARTRATE,APOTHECON INC DIV BRISTOL MYERS SQUIBB,"Jan 27, 1994"
METOPROLOL TARTRATE,TABLET,ORAL,50MG,METOPROLOL TARTRATE,CHARTWELL RX SCIENCES LLC,"Mar 25, 1994"
METOPROLOL TARTRATE,TABLET,ORAL,50MG,METOPROLOL TARTRATE,HERITAGE PHARMA LABS INC,"Jan 31, 1995"
METOPROLOL TARTRATE,TABLET,ORAL,50MG,METOPROLOL TARTRATE,PHARMOBEDIENT CONSULTING LLC,"Dec 21, 1993"
METOPROLOL TARTRATE,TABLET,ORAL,50MG,METOPROLOL TARTRATE,PUREPAC PHARMACEUTICAL CO,"Jul 29, 1994"
METOPROLOL TARTRATE,TABLET,ORAL,50MG,METOPROLOL TARTRATE,SUN PHARMACEUTICAL INDUSTRIES INC,"Dec 21, 1993"
METOPROLOL TARTRATE,TABLET,ORAL,50MG,METOPROLOL TARTRATE,TEVA PHARMACEUTICALS USA,"Jan 27, 1994"
METOPROLOL TARTRATE,TABLET,ORAL,50MG,METOPROLOL TARTRATE,TEVA PHARMACEUTICALS USA INC,"Sep 30, 1994"
METOPROLOL TARTRATE,TABLET,ORAL,50MG,METOPROLOL TARTRATE,WATSON LABORATORIES INC,"May 27, 1994"
METOPROLOL TARTRATE,TABLET,ORAL,50MG,METOPROLOL TARTRATE,ZYDUS PHARMACEUTICALS USA INC,"Apr 19, 2023"
METOPROLOL TARTRATE,TABLET,ORAL,100MG,METOPROLOL TARTRATE,APOTHECON INC DIV BRISTOL MYERS SQUIBB,"Jan 27, 1994"
METOPROLOL TARTRATE,TABLET,ORAL,100MG,METOPROLOL TARTRATE,CHARTWELL RX SCIENCES LLC,"Mar 25, 1994"
METOPROLOL TARTRATE,TABLET,ORAL,100MG,METOPROLOL TARTRATE,HERITAGE PHARMA LABS INC,"Jan 31, 1995"
METOPROLOL TARTRATE,TABLET,ORAL,100MG,METOPROLOL TARTRATE,PHARMOBEDIENT CONSULTING LLC,"Dec 21, 1993"
METOPROLOL TARTRATE,TABLET,ORAL,100MG,METOPROLOL TARTRATE,PUREPAC PHARMACEUTICAL CO,"Jul 29, 1994"
METOPROLOL TARTRATE,TABLET,ORAL,100MG,METOPROLOL TARTRATE,SUN PHARMACEUTICAL INDUSTRIES INC,"Dec 21, 1993"
METOPROLOL TARTRATE,TABLET,ORAL,100MG,METOPROLOL TARTRATE,TEVA PHARMACEUTICALS USA,"Jan 27, 1994"
METOPROLOL TARTRATE,TABLET,ORAL,100MG,METOPROLOL TARTRATE,TEVA PHARMACEUTICALS USA INC,"Sep 30, 1994"
METOPROLOL TARTRATE,TABLET,ORAL,100MG,METOPROLOL TARTRATE,WATSON LABORATORIES INC,"May 27, 1994"
METOPROLOL TARTRATE,TABLET,ORAL,100MG,METOPROLOL TARTRATE,ZYDUS PHARMACEUTICALS USA INC,"Apr 19, 2023"
ACETAMINOPHEN; TRAMADOL HYDROCHLORIDE,TABLET,ORAL,325MG; 37.5MG,TRAMADOL HYDROCHLORIDE AND ACETAMINOPHEN,ALKEM LABORATORIES LTD,"Mar 30, 2012"
ACETAMINOPHEN; TRAMADOL HYDROCHLORIDE,TABLET,ORAL,325MG; 37.5MG,TRAMADOL HYDROCHLORIDE AND ACETAMINOPHEN,AMNEAL PHARMACEUTICALS,"Dec 9, 2009"
ACETAMINOPHEN; TRAMADOL HYDROCHLORIDE,TABLET,ORAL,325MG; 37.5MG,TRAMADOL HYDROCHLORIDE AND ACETAMINOPHEN,AUROBINDO PHARMA LTD,"Mar 22, 2017"
ACETAMINOPHEN; TRAMADOL HYDROCHLORIDE,TABLET,ORAL,325MG; 37.5MG,TRAMADOL HYDROCHLORIDE AND ACETAMINOPHEN,MICRO LABS LTD INDIA,"Dec 14, 2012"
ACETAMINOPHEN; TRAMADOL HYDROCHLORIDE,TABLET,ORAL,325MG; 37.5MG,TRAMADOL HYDROCHLORIDE AND ACETAMINOPHEN,RISING PHARMA HOLDING INC,"Sep 26, 2008"
ACETAMINOPHEN; TRAMADOL HYDROCHLORIDE,TABLET,ORAL,325MG; 37.5MG,TRAMADOL HYDROCHLORIDE AND ACETAMINOPHEN,ZYDUS PHARMACEUTICALS USA INC,"Sep 6, 2012"
TRAMADOL HYDROCHLORIDE,"CAPSULE, EXTENDED RELEASE",ORAL,100MG,CONZIP,CIPHER PHARMACEUTICALS INC,"May 7, 2010"
TRAMADOL HYDROCHLORIDE,"CAPSULE, EXTENDED RELEASE",ORAL,200MG,CONZIP,CIPHER PHARMACEUTICALS INC,"May 7, 2010"
TRAMADOL HYDROCHLORIDE,"CAPSULE, EXTENDED RELEASE",ORAL,300MG,CONZIP,CIPHER PHARMACEUTICALS INC,"May 7, 2010"
TRAMADOL HYDROCHLORIDE,TABLET,ORAL,25MG,TRAMADOL HYDROCHLORIDE,RUBICON RESEARCH LTD,"Nov 27, 2023"
TRAMADOL HYDROCHLORIDE,TABLET,ORAL,50MG,TRAMADOL HYDROCHLORIDE,AMNEAL PHARMACEUTICALS OF NEW YORK LLC,"Jun 20, 2002"
TRAMADOL HYDROCHLORIDE,TABLET,ORAL,50MG,TRAMADOL HYDROCHLORIDE,AUROBINDO PHARMA LTD,"Mar 31, 2014"
TRAMADOL HYDROCHLORIDE,TABLET,ORAL,50MG,TRAMADOL HYDROCHLORIDE,CSPC OUYI PHARMACEUTICAL CO LTD,"Mar 29, 2013"
TRAMADOL HYDROCHLORIDE,TABLET,ORAL,50MG,TRAMADOL HYDROCHLORIDE,GRAVITI PHARMACEUTICALS PRIVATE LTD,"Jun 25, 2002"
TRAMADOL HYDROCHLORIDE,TABLET,ORAL,50MG,TRAMADOL HYDROCHLORIDE,RUBICON RESEARCH LTD,"Jun 28, 2019"
TRAMADOL HYDROCHLORIDE,TABLET,ORAL,50MG,TRAMADOL HYDROCHLORIDE,SENORES PHARMACEUTICALS INC,"Jan 31, 2011"
TRAMADOL HYDROCHLORIDE,TABLET,ORAL,50MG,TRAMADOL HYDROCHLORIDE,STRIDES PHARMA GLOBAL PTE LTD,"Nov 28, 2011"
TRAMADOL HYDROCHLORIDE,TABLET,ORAL,50MG,TRAMADOL HYDROCHLORIDE,SUN PHARMACEUTICAL INDUSTRIES INC,"Jun 19, 2002"
TRAMADOL HYDROCHLORIDE,TABLET,ORAL,50MG,TRAMADOL HYDROCHLORIDE,TEVA PHARMACEUTICALS USA INC,"Jun 19, 2002"
TRAMADOL HYDROCHLORIDE,TABLET,ORAL,50MG,TRAMADOL HYDROCHLORIDE,UNICHEM LABORATORIES LTD,"Aug 9, 2019"
TRAMADOL HYDROCHLORIDE,TABLET,ORAL,75MG,TRAMADOL HYDROCHLORIDE,RUBICON RESEARCH LTD,"Apr 4, 2024"
TRAMADOL HYDROCHLORIDE,TABLET,ORAL,100MG,TRAMADOL HYDROCHLORIDE,GRAVITI PHARMACEUTICALS PRIVATE LTD,"Aug 2, 2024"
TRAMADOL HYDROCHLORIDE,TABLET,ORAL,100MG,TRAMADOL HYDROCHLORIDE,RUBICON RESEARCH LTD,"Jun 28, 2019"
TRAMADOL HYDROCHLORIDE,"TABLET, EXTENDED RELEASE",ORAL,100MG,TRAMADOL HYDROCHLORIDE,LUPIN LTD,"Aug 29, 2011"
TRAMADOL HYDROCHLORIDE,"TABLET, EXTENDED RELEASE",ORAL,100MG,TRAMADOL HYDROCHLORIDE,MACLEODS PHARMACEUTICALS LTD,"Jan 31, 2025"
TRAMADOL HYDROCHLORIDE,"TABLET, EXTENDED RELEASE",ORAL,200MG,TRAMADOL HYDROCHLORIDE,LUPIN LTD,"Aug 29, 2011"
TRAMADOL HYDROCHLORIDE,"TABLET, EXTENDED RELEASE",ORAL,200MG,TRAMADOL HYDROCHLORIDE,MACLEODS PHARMACEUTICALS LTD,"Jan 31, 2025"
TRAMADOL HYDROCHLORIDE,"TABLET, EXTENDED RELEASE",ORAL,300MG,TRAMADOL HYDROCHLORIDE,LUPIN LTD,"Aug 29, 2011"
TRAMADOL HYDROCHLORIDE,"TABLET, EXTENDED RELEASE",ORAL,300MG,TRAMADOL HYDROCHLORIDE,MACLEODS PHARMACEUTICALS LTD,"Jan 31, 2025"
ACETAMINOPHEN; TRAMADOL HYDROCHLORIDE,TABLET,ORAL,325MG; 37.5MG,TRAMADOL HYDROCHLORIDE AND ACETAMINOPHEN,CHARTWELL RX SCIENCES LLC,"Apr 21, 2005"
ACETAMINOPHEN; TRAMADOL HYDROCHLORIDE,TABLET,ORAL,325MG; 37.5MG,TRAMADOL HYDROCHLORIDE AND ACETAMINOPHEN,GRAVITI PHARMACEUTICALS PRIVATE LTD,"Jul 26, 2006"
ACETAMINOPHEN; TRAMADOL HYDROCHLORIDE,TABLET,ORAL,325MG; 37.5MG,TRAMADOL HYDROCHLORIDE AND ACETAMINOPHEN,MACLEODS PHARMACEUTICALS LTD,"May 2, 2017"
ACETAMINOPHEN; TRAMADOL HYDROCHLORIDE,TABLET,ORAL,325MG; 37.5MG,TRAMADOL HYDROCHLORIDE AND ACETAMINOPHEN,MPP PHARMA LLC,"Apr 7, 2014"
ACETAMINOPHEN; TRAMADOL HYDROCHLORIDE,TABLET,ORAL,325MG; 37.5MG,TRAMADOL HYDROCHLORIDE AND ACETAMINOPHEN,SUN PHARMACEUTICAL INDUSTRIES INC,"Dec 16, 2005"
ACETAMINOPHEN; TRAMADOL HYDROCHLORIDE,TABLET,ORAL,325MG; 37.5MG **Federal Register determination that product was not discontinued or withdrawn for safety or effectiveness reasons**,ULTRACET,JANSSEN PHARMACEUTICALS INC,"Aug 15, 2001"
CELECOXIB; TRAMADOL HYDROCHLORIDE,TABLET,ORAL,56MG; 44MG,SEGLENTIS,KOWA PHARMACEUTICALS AMERICA INC,"Oct 15, 2021"
TRAMADOL HYDROCHLORIDE,"CAPSULE, EXTENDED RELEASE",ORAL,150MG,CONZIP,CIPHER PHARMACEUTICALS INC,"Aug 1, 2011"
TRAMADOL HYDROCHLORIDE,SOLUTION,ORAL,5MG/ML,QDOLO,ATHENA BIOSCIENCE LLC,"Sep 1, 2020"
TRAMADOL HYDROCHLORIDE,TABLET,ORAL,50MG,TRAMADOL HYDROCHLORIDE,ACCORD HEALTHCARE INC,"May 16, 2013"
TRAMADOL HYDROCHLORIDE,TABLET,ORAL,50MG,TRAMADOL HYDROCHLORIDE,ACTAVIS ELIZABETH LLC,"Jun 19, 2002"
TRAMADOL HYDROCHLORIDE,TABLET,ORAL,50MG,TRAMADOL HYDROCHLORIDE,APOTEX INC,"Jul 10, 2002"
TRAMADOL HYDROCHLORIDE,TABLET,ORAL,50MG,TRAMADOL HYDROCHLORIDE,ASTA MEDICA INC,"Jul 12, 2002"
TRAMADOL HYDROCHLORIDE,TABLET,ORAL,50MG,TRAMADOL HYDROCHLORIDE,IPCA LABORATORIES LTD,"Nov 16, 2012"
TRAMADOL HYDROCHLORIDE,TABLET,ORAL,50MG,TRAMADOL HYDROCHLORIDE,IVAX PHARMACEUTICALS INC SUB TEVA PHARMACEUTICALS USA,"Jul 3, 2002"
TRAMADOL HYDROCHLORIDE,TABLET,ORAL,50MG,TRAMADOL HYDROCHLORIDE,MACLEODS PHARMACEUTICALS LTD,"Sep 25, 2015"
TRAMADOL HYDROCHLORIDE,TABLET,ORAL,50MG,TRAMADOL HYDROCHLORIDE,MYLAN PHARMACEUTICALS INC,"Nov 21, 2002"
TRAMADOL HYDROCHLORIDE,TABLET,ORAL,50MG,TRAMADOL HYDROCHLORIDE,MYLAN PHARMACEUTICALS INC,"Jun 21, 2002"
TRAMADOL HYDROCHLORIDE,TABLET,ORAL,50MG,TRAMADOL HYDROCHLORIDE,NORTHSTAR HEALTHCARE HOLDINGS LTD,"May 26, 2010"
TRAMADOL HYDROCHLORIDE,TABLET,ORAL,50MG,TRAMADOL HYDROCHLORIDE,PLIVA INC,"Jul 1, 2002"
TRAMADOL HYDROCHLORIDE,TABLET,ORAL,50MG,TRAMADOL HYDROCHLORIDE,PURACAP LABORATORIES LLC DBA BLU PHARMACEUTICALS,"Jul 2, 2019"
TRAMADOL HYDROCHLORIDE,TABLET,ORAL,50MG,TRAMADOL HYDROCHLORIDE,SPECGX LLC,"Jun 25, 2002"
TRAMADOL HYDROCHLORIDE,TABLET,ORAL,50MG,TRAMADOL HYDROCHLORIDE,SUN PHARMACEUTICAL INDUSTRIES INC,"Jun 20, 2002"
TRAMADOL HYDROCHLORIDE,TABLET,ORAL,50MG,TRAMADOL HYDROCHLORIDE,WATSON LABORATORIES,"Jun 24, 2002"
TRAMADOL HYDROCHLORIDE,TABLET,ORAL,50MG **Federal Register determination that product was not discontinued or withdrawn for safety or effectiveness reasons**,ULTRAM,JANSSEN PHARMACEUTICALS INC,"Mar 3, 1995"
TRAMADOL HYDROCHLORIDE,TABLET,ORAL,100MG **Federal Register determination that product was not discontinued or withdrawn for safety or effectiveness reasons**,ULTRAM,JANSSEN PHARMACEUTICALS INC,"Mar 3, 1995"
TRAMADOL HYDROCHLORIDE,"TABLET, EXTENDED RELEASE",ORAL,100MG **Federal Register determination that product was not discontinued or withdrawn for safety or effectiveness reasons**,RYZOLT,PURDUE PHARMA PRODUCTS LP,"Dec 30, 2008"
TRAMADOL HYDROCHLORIDE,"TABLET, EXTENDED RELEASE",ORAL,200MG **Federal Register determination that product was not discontinued or withdrawn for safety or effectiveness reasons**,RYZOLT,PURDUE PHARMA PRODUCTS LP,"Dec 30, 2008"
TRAMADOL HYDROCHLORIDE,"TABLET, EXTENDED RELEASE",ORAL,300MG **Federal Register determination that product was not discontinued or withdrawn for safety or effectiveness reasons**,RYZOLT,PURDUE PHARMA PRODUCTS LP,"Dec 30, 2008"
TRAMADOL HYDROCHLORIDE,"TABLET, EXTENDED RELEASE",ORAL,100MG,TRAMADOL HYDROCHLORIDE,ACTAVIS ELIZABETH LLC,"Jun 27, 2012"
TRAMADOL HYDROCHLORIDE,"TABLET, EXTENDED RELEASE",ORAL,100MG,TRAMADOL HYDROCHLORIDE,AUROBINDO PHARMA LTD,"Oct 20, 2015"
TRAMADOL HYDROCHLORIDE,"TABLET, EXTENDED RELEASE",ORAL,100MG,TRAMADOL HYDROCHLORIDE,MYLAN PHARMACEUTICALS INC,"Dec 22, 2015"
TRAMADOL HYDROCHLORIDE,"TABLET, EXTENDED RELEASE",ORAL,100MG,TRAMADOL HYDROCHLORIDE,PH HEALTH LTD,"Jun 27, 2012"
TRAMADOL HYDROCHLORIDE,"TABLET, EXTENDED RELEASE",ORAL,100MG,TRAMADOL HYDROCHLORIDE,STRIDES PHARMA INTERNATIONAL AG,"Nov 13, 2009"
TRAMADOL HYDROCHLORIDE,"TABLET, EXTENDED RELEASE",ORAL,100MG,TRAMADOL HYDROCHLORIDE,SUN PHARMACEUTICAL INDUSTRIES LTD,"Dec 30, 2011"
TRAMADOL HYDROCHLORIDE,"TABLET, EXTENDED RELEASE",ORAL,100MG,TRAMADOL HYDROCHLORIDE,SUN PHARMACEUTICAL INDUSTRIES LTD,"Dec 7, 2011"
TRAMADOL HYDROCHLORIDE,"TABLET, EXTENDED RELEASE",ORAL,200MG,TRAMADOL HYDROCHLORIDE,ACTAVIS ELIZABETH LLC,"Jun 27, 2012"
TRAMADOL HYDROCHLORIDE,"TABLET, EXTENDED RELEASE",ORAL,200MG,TRAMADOL HYDROCHLORIDE,AUROBINDO PHARMA LTD,"Oct 20, 2015"
TRAMADOL HYDROCHLORIDE,"TABLET, EXTENDED RELEASE",ORAL,200MG,TRAMADOL HYDROCHLORIDE,MYLAN PHARMACEUTICALS INC,"Dec 22, 2015"
TRAMADOL HYDROCHLORIDE,"TABLET, EXTENDED RELEASE",ORAL,200MG,TRAMADOL HYDROCHLORIDE,PH HEALTH LTD,"Jun 27, 2012"
TRAMADOL HYDROCHLORIDE,"TABLET, EXTENDED RELEASE",ORAL,200MG,TRAMADOL HYDROCHLORIDE,STRIDES PHARMA INTERNATIONAL AG,"Nov 13, 2009"
TRAMADOL HYDROCHLORIDE,"TABLET, EXTENDED RELEASE",ORAL,200MG,TRAMADOL HYDROCHLORIDE,SUN PHARMACEUTICAL INDUSTRIES LTD,"Dec 30, 2011"
TRAMADOL HYDROCHLORIDE,"TABLET, EXTENDED RELEASE",ORAL,200MG,TRAMADOL HYDROCHLORIDE,SUN PHARMACEUTICAL INDUSTRIES LTD,"Dec 7, 2011"
TRAMADOL HYDROCHLORIDE,"TABLET, EXTENDED RELEASE",ORAL,300MG,TRAMADOL HYDROCHLORIDE,ACTAVIS ELIZABETH LLC,"Jun 27, 2012"
TRAMADOL HYDROCHLORIDE,"TABLET, EXTENDED RELEASE",ORAL,300MG,TRAMADOL HYDROCHLORIDE,AUROBINDO PHARMA LTD,"Oct 20, 2015"
TRAMADOL HYDROCHLORIDE,"TABLET, EXTENDED RELEASE",ORAL,300MG,TRAMADOL HYDROCHLORIDE,MYLAN PHARMACEUTICALS INC,"Dec 22, 2015"
TRAMADOL HYDROCHLORIDE,"TABLET, EXTENDED RELEASE",ORAL,300MG,TRAMADOL HYDROCHLORIDE,PH HEALTH LTD,"Jun 27, 2012"
TRAMADOL HYDROCHLORIDE,"TABLET, EXTENDED RELEASE",ORAL,300MG,TRAMADOL HYDROCHLORIDE,STRIDES PHARMA INTERNATIONAL AG,"Sep 20, 2011"
TRAMADOL HYDROCHLORIDE,"TABLET, EXTENDED RELEASE",ORAL,300MG,TRAMADOL HYDROCHLORIDE,SUN PHARMACEUTICAL INDUSTRIES LTD,"Dec 30, 2011"
TRAMADOL HYDROCHLORIDE,"TABLET, EXTENDED RELEASE",ORAL,300MG,TRAMADOL HYDROCHLORIDE,SUN PHARMACEUTICAL INDUSTRIES LTD,"Dec 7, 2011"
TRAMADOL HYDROCHLORIDE,"TABLET, EXTENDED RELEASE",ORAL,100MG **Federal Register determination that product was not discontinued or withdrawn for safety or effectiveness reasons**,ULTRAM ER,VALEANT PHARMACEUTICALS NORTH AMERICA LLC,"Sep 8, 2005"
TRAMADOL HYDROCHLORIDE,"TABLET, EXTENDED RELEASE",ORAL,200MG **Federal Register determination that product was not discontinued or withdrawn for safety or effectiveness reasons**,ULTRAM ER,VALEANT PHARMACEUTICALS NORTH AMERICA LLC,"Sep 8, 2005"
TRAMADOL HYDROCHLORIDE,"TABLET, EXTENDED RELEASE",ORAL,300MG **Federal Register determination that product was not discontinued or withdrawn for safety or effectiveness reasons**,ULTRAM ER,VALEANT PHARMACEUTICALS NORTH AMERICA LLC,"Sep 8, 2005"
TRAMADOL HYDROCHLORIDE,"TABLET, ORALLY DISINTEGRATING",ORAL,50MG,RYBIX ODT,SHIONOGI INC,"May 5, 2005"
ESOMEPRAZOLE MAGNESIUM; NAPROXEN,"TABLET, DELAYED RELEASE",ORAL,EQ 20MG BASE; 375MG,NAPROXEN AND ESOMEPRAZOLE MAGNESIUM,AJANTA PHARMA LTD,"Oct 6, 2022"
ESOMEPRAZOLE MAGNESIUM; NAPROXEN,"TABLET, DELAYED RELEASE",ORAL,EQ 20MG BASE; 375MG,NAPROXEN AND ESOMEPRAZOLE MAGNESIUM,DR REDDYS LABORATORIES LTD,"Feb 18, 2020"
ESOMEPRAZOLE MAGNESIUM; NAPROXEN,"TABLET, DELAYED RELEASE",ORAL,EQ 20MG BASE; 375MG,NAPROXEN AND ESOMEPRAZOLE MAGNESIUM,SCIEGEN PHARMACEUTICALS INC,"Oct 11, 2023"
ESOMEPRAZOLE MAGNESIUM; NAPROXEN,"TABLET, DELAYED RELEASE",ORAL,EQ 20MG BASE; 500MG,NAPROXEN AND ESOMEPRAZOLE MAGNESIUM,AJANTA PHARMA LTD,"Oct 6, 2022"
ESOMEPRAZOLE MAGNESIUM; NAPROXEN,"TABLET, DELAYED RELEASE",ORAL,EQ 20MG BASE; 500MG,NAPROXEN AND ESOMEPRAZOLE MAGNESIUM,DR REDDYS LABORATORIES LTD,"Feb 18, 2020"
ESOMEPRAZOLE MAGNESIUM; NAPROXEN,"TABLET, DELAYED RELEASE",ORAL,EQ 20MG BASE; 500MG,NAPROXEN AND ESOMEPRAZOLE MAGNESIUM,SCIEGEN PHARMACEUTICALS INC,"Oct 11, 2023"
NAPROXEN,SUSPENSION,ORAL,25MG/ML,NAPROSYN,ATNAHS PHARMA US LTD,"Mar 23, 1987"
NAPROXEN,SUSPENSION,ORAL,25MG/ML,NAPROXEN,AMNEAL PHARMACEUTICALS LLC,"Jul 31, 2020"
NAPROXEN,SUSPENSION,ORAL,25MG/ML,NAPROXEN,AUROBINDO PHARMA LTD,"Oct 3, 2025"
NAPROXEN,SUSPENSION,ORAL,25MG/ML,NAPROXEN,HETERO LABS LTD UNIT III,"Jun 7, 2022"
NAPROXEN,SUSPENSION,ORAL,25MG/ML,NAPROXEN,HIKMA PHARMACEUTICALS USA INC,"Mar 30, 1994"
NAPROXEN,SUSPENSION,ORAL,25MG/ML,NAPROXEN,NOVITIUM PHARMA LLC,"Mar 10, 2021"
NAPROXEN,TABLET,ORAL,500MG,NAPROSYN,ATNAHS PHARMA US LTD,"Apr 15, 1982"
NAPROXEN,TABLET,ORAL,250MG,NAPROXEN,ADAPTIS PHARMA PRIVATE LTD,"Feb 14, 2011"
NAPROXEN,TABLET,ORAL,250MG,NAPROXEN,AMNEAL PHARMACEUTICALS NY LLC,"Dec 18, 2001"
NAPROXEN,TABLET,ORAL,250MG,NAPROXEN,AUROBINDO PHARMA LTD,"Nov 8, 2011"
NAPROXEN,TABLET,ORAL,250MG,NAPROXEN,GLENMARK PHARMACEUTICALS LTD,"Mar 28, 2007"
NAPROXEN,TABLET,ORAL,250MG,NAPROXEN,GRANULES INDIA LTD,"Dec 21, 1993"
NAPROXEN,TABLET,ORAL,250MG,NAPROXEN,SCIEGEN PHARMACEUTICALS INC,"Feb 21, 2020"
NAPROXEN,TABLET,ORAL,250MG,NAPROXEN,TEVA PHARMACEUTICALS USA INC,"Dec 21, 1993"
NAPROXEN,TABLET,ORAL,250MG,NAPROXEN,ZYDUS PHARMACEUTICALS USA INC,"Jun 7, 2007"
NAPROXEN,TABLET,ORAL,375MG,NAPROXEN,ADAPTIS PHARMA PRIVATE LTD,"Feb 14, 2011"
NAPROXEN,TABLET,ORAL,375MG,NAPROXEN,AMNEAL PHARMACEUTICALS NY LLC,"Dec 18, 2001"
NAPROXEN,TABLET,ORAL,375MG,NAPROXEN,AUROBINDO PHARMA LTD,"Nov 8, 2011"
NAPROXEN,TABLET,ORAL,375MG,NAPROXEN,GLENMARK PHARMACEUTICALS LTD,"Mar 28, 2007"
NAPROXEN,TABLET,ORAL,375MG,NAPROXEN,GRANULES INDIA LTD,"Dec 21, 1993"
NAPROXEN,TABLET,ORAL,375MG,NAPROXEN,SCIEGEN PHARMACEUTICALS INC,"Feb 21, 2020"
NAPROXEN,TABLET,ORAL,375MG,NAPROXEN,TEVA PHARMACEUTICALS USA INC,"Dec 21, 1993"
NAPROXEN,TABLET,ORAL,375MG,NAPROXEN,ZYDUS PHARMACEUTICALS USA INC,"Jun 7, 2007"
NAPROXEN,TABLET,ORAL,500MG,NAPROXEN,ADAPTIS PHARMA PRIVATE LTD,"Feb 14, 2011"
NAPROXEN,TABLET,ORAL,500MG,NAPROXEN,AMNEAL PHARMACEUTICALS NY LLC,"Dec 18, 2001"
NAPROXEN,TABLET,ORAL,500MG,NAPROXEN,AUROBINDO PHARMA LTD,"Nov 8, 2011"
NAPROXEN,TABLET,ORAL,500MG,NAPROXEN,GLENMARK PHARMACEUTICALS LTD,"Mar 28, 2007"
NAPROXEN,TABLET,ORAL,500MG,NAPROXEN,GRANULES INDIA LTD,"Dec 21, 1993"
NAPROXEN,TABLET,ORAL,500MG,NAPROXEN,SCIEGEN PHARMACEUTICALS INC,"Feb 21, 2020"
NAPROXEN,TABLET,ORAL,500MG,NAPROXEN,TEVA PHARMACEUTICALS USA INC,"Dec 21, 1993"
NAPROXEN,TABLET,ORAL,500MG,NAPROXEN,ZYDUS PHARMACEUTICALS USA INC,"Jun 7, 2007"
NAPROXEN,"TABLET, DELAYED RELEASE",ORAL,375MG,EC-NAPROSYN,ATNAHS PHARMA US LTD,"Oct 14, 1994"
NAPROXEN,"TABLET, DELAYED RELEASE",ORAL,500MG,EC-NAPROSYN,ATNAHS PHARMA US LTD,"Oct 14, 1994"
NAPROXEN,"TABLET, DELAYED RELEASE",ORAL,375MG,NAPROXEN,AUROBINDO PHARMA USA INC,"Apr 19, 2001"
NAPROXEN,"TABLET, DELAYED RELEASE",ORAL,375MG,NAPROXEN,NOVITIUM PHARMA LLC,"Jun 12, 2024"
NAPROXEN,"TABLET, DELAYED RELEASE",ORAL,375MG,NAPROXEN,NUVO PHAMACEUTICALS INC,"Sep 19, 2011"
NAPROXEN,"TABLET, DELAYED RELEASE",ORAL,375MG,NAPROXEN,TEVA PHARMACEUTICALS USA INC,"Jun 30, 1998"
NAPROXEN,"TABLET, DELAYED RELEASE",ORAL,375MG,NAPROXEN,TP ANDA HOLDINGS LLC,"May 31, 2023"
NAPROXEN,"TABLET, DELAYED RELEASE",ORAL,500MG,NAPROXEN,AUROBINDO PHARMA USA INC,"Apr 19, 2001"
NAPROXEN,"TABLET, DELAYED RELEASE",ORAL,500MG,NAPROXEN,NOVITIUM PHARMA LLC,"Jun 12, 2024"
NAPROXEN,"TABLET, DELAYED RELEASE",ORAL,500MG,NAPROXEN,NUVO PHAMACEUTICALS INC,"Sep 19, 2011"
NAPROXEN,"TABLET, DELAYED RELEASE",ORAL,500MG,NAPROXEN,TEVA PHARMACEUTICALS USA INC,"Jun 30, 1998"
NAPROXEN,"TABLET, DELAYED RELEASE",ORAL,500MG,NAPROXEN,TP ANDA HOLDINGS LLC,"May 31, 2023"
NAPROXEN SODIUM,TABLET,ORAL,EQ 500MG BASE,ANAPROX DS,ATNAHS PHARMA US LTD,"Sep 30, 1987"
NAPROXEN SODIUM,TABLET,ORAL,EQ 250MG BASE,NAPROXEN SODIUM,AUROBINDO PHARMA LTD,"Oct 31, 2011"
NAPROXEN SODIUM,TABLET,ORAL,EQ 250MG BASE,NAPROXEN SODIUM,DR REDDYS LABORATORIES LTD,"Jul 26, 2007"
NAPROXEN SODIUM,TABLET,ORAL,EQ 250MG BASE,NAPROXEN SODIUM,GLENMARK PHARMACEUTICALS LTD,"Apr 27, 2007"
NAPROXEN SODIUM,TABLET,ORAL,EQ 250MG BASE,NAPROXEN SODIUM,SCIEGEN PHARMACEUTICALS INC,"Oct 30, 2019"
NAPROXEN SODIUM,TABLET,ORAL,EQ 500MG BASE,NAPROXEN SODIUM,AUROBINDO PHARMA LTD,"Oct 31, 2011"
NAPROXEN SODIUM,TABLET,ORAL,EQ 500MG BASE,NAPROXEN SODIUM,DR REDDYS LABORATORIES LTD,"Jul 26, 2007"
NAPROXEN SODIUM,TABLET,ORAL,EQ 500MG BASE,NAPROXEN SODIUM,GLENMARK PHARMACEUTICALS LTD,"Apr 27, 2007"
NAPROXEN SODIUM,TABLET,ORAL,EQ 500MG BASE,NAPROXEN SODIUM,SCIEGEN PHARMACEUTICALS INC,"Oct 30, 2019"
NAPROXEN SODIUM,"TABLET, EXTENDED RELEASE",ORAL,EQ 375MG BASE,NAPRELAN,TWI PHARMACEUTICALS INC,"Jan 5, 1996"
NAPROXEN SODIUM,"TABLET, EXTENDED RELEASE",ORAL,EQ 500MG BASE,NAPRELAN,TWI PHARMACEUTICALS INC,"Jan 5, 1996"
NAPROXEN SODIUM,"TABLET, EXTENDED RELEASE",ORAL,EQ 750MG BASE,NAPRELAN,TWI PHARMACEUTICALS INC,"Jan 5, 1996"
NAPROXEN SODIUM,"TABLET, EXTENDED RELEASE",ORAL,EQ 375MG BASE,NAPROXEN SODIUM,ACTAVIS LABORATORIES FL INC,"Apr 23, 2003"
NAPROXEN SODIUM,"TABLET, EXTENDED RELEASE",ORAL,EQ 500MG BASE,NAPROXEN SODIUM,ACTAVIS LABORATORIES FL INC,"Aug 27, 2002"
NAPROXEN SODIUM,"TABLET, EXTENDED RELEASE",ORAL,EQ 750MG BASE,NAPROXEN SODIUM,ACTAVIS LABORATORIES FL INC,"Aug 11, 2016"
NAPROXEN SODIUM; SUMATRIPTAN SUCCINATE,TABLET,ORAL,500MG; EQ 85MG BASE,SUMATRIPTAN AND NAPROXEN SODIUM,AUROBINDO PHARMA LTD,"Feb 15, 2018"
NAPROXEN SODIUM; SUMATRIPTAN SUCCINATE,TABLET,ORAL,500MG; EQ 85MG BASE,SUMATRIPTAN AND NAPROXEN SODIUM,RISING PHARMA HOLDINGS INC,"Sep 4, 2018"
NAPROXEN SODIUM; SUMATRIPTAN SUCCINATE,TABLET,ORAL,500MG; EQ 85MG BASE,SUMATRIPTAN AND NAPROXEN SODIUM,SUN PHARMACEUTICAL INDUSTRIES LTD,"Jul 20, 2018"
NAPROXEN SODIUM; SUMATRIPTAN SUCCINATE,TABLET,ORAL,500MG; EQ 85MG BASE,TREXIMET,CURRAX PHARMACEUTICALS LLC,"Apr 15, 2008"
DEXTROMETHORPHAN HYDROBROMIDE; GUAIFENESIN; NAPROXEN SODIUM,"TABLET, EXTENDED RELEASE",ORAL,30MG; 600MG; 110MG,MUCINEX 12HR COLD & FEVER MULTI-SYMPTOM,RB HEALTH US LLC,"Dec 22, 2025"
DIPHENHYDRAMINE HYDROCHLORIDE; NAPROXEN SODIUM,TABLET,ORAL,25MG; 220MG,ALEVE PM,BAYER HEALTHCARE CONSUMER CARE,"Jan 17, 2014"
DIPHENHYDRAMINE HYDROCHLORIDE; NAPROXEN SODIUM,TABLET,ORAL,25MG; 220MG,NAPROXEN SODIUM AND DIPHENHYDRAMINE HYDROCHLORIDE,AMNEAL PHARMACEUTICALS CO GMBH,"Oct 23, 2018"
DIPHENHYDRAMINE HYDROCHLORIDE; NAPROXEN SODIUM,TABLET,ORAL,25MG; 220MG,NAPROXEN SODIUM AND DIPHENHYDRAMINE HYDROCHLORIDE,COREPHARMA LLC,"Aug 22, 2019"
DIPHENHYDRAMINE HYDROCHLORIDE; NAPROXEN SODIUM,TABLET,ORAL,25MG; 220MG,NAPROXEN SODIUM AND DIPHENHYDRAMINE HYDROCHLORIDE,GRANULES INDIA LTD,"Sep 24, 2020"
DIPHENHYDRAMINE HYDROCHLORIDE; NAPROXEN SODIUM,TABLET,ORAL,25MG; 220MG,NAPROXEN SODIUM AND DIPHENHYDRAMINE HYDROCHLORIDE,PERRIGO R AND D CO,"May 10, 2019"
NAPROXEN SODIUM,CAPSULE,ORAL,EQ 200MG BASE,NAPROXEN SODIUM,BIONPHARMA INC,"Feb 17, 2006"
NAPROXEN SODIUM,CAPSULE,ORAL,EQ 200MG BASE,NAPROXEN SODIUM,CATALENT PHARMA SOLUTIONS LLC,"Jan 4, 2019"
NAPROXEN SODIUM,CAPSULE,ORAL,EQ 200MG BASE,NAPROXEN SODIUM,PATHEON SOFTGELS BV,"Jan 10, 2023"
NAPROXEN SODIUM,CAPSULE,ORAL,EQ 200MG BASE,NAPROXEN SODIUM,PURACAP PHARMACEUTICAL LLC,"Mar 15, 2018"
NAPROXEN SODIUM,TABLET,ORAL,220MG,ALEVE,BAYER HEALTHCARE LLC,"Jan 11, 1994"
NAPROXEN SODIUM,TABLET,ORAL,220MG,NAPROXEN SODIUM,AMNEAL PHARMACEUTICALS NY LLC,"Dec 16, 2008"
NAPROXEN SODIUM,TABLET,ORAL,220MG,NAPROXEN SODIUM,AUROBINDO PHARMA LTD,"Mar 18, 2016"
NAPROXEN SODIUM,TABLET,ORAL,220MG,NAPROXEN SODIUM,CONTRACT PHARMACAL CORP,"Jan 13, 1997"
NAPROXEN SODIUM,TABLET,ORAL,220MG,NAPROXEN SODIUM,DR REDDYS LABORATORIES INC,"Jul 28, 1998"
NAPROXEN SODIUM,TABLET,ORAL,220MG,NAPROXEN SODIUM,GRANULES INDIA LTD,"Sep 20, 2011"
NAPROXEN SODIUM,TABLET,ORAL,220MG,NAPROXEN SODIUM,HETERO LABS LTD UNIT V,"Oct 28, 2022"
NAPROXEN SODIUM,TABLET,ORAL,220MG,NAPROXEN SODIUM,L PERRIGO CO,"Jan 13, 1997"
NAPROXEN SODIUM,TABLET,ORAL,220MG,NAPROXEN SODIUM,LNK INTERNATIONAL INC,"Jan 23, 2017"
NAPROXEN SODIUM,TABLET,ORAL,220MG,NAPROXEN SODIUM,MARKSANS PHARMA LTD,"Mar 16, 2011"
NAPROXEN SODIUM,TABLET,ORAL,220MG,NAPROXEN SODIUM,YICHANG HUMANWELL PHARMACEUTICAL CO LTD,"Aug 30, 2019"
NAPROXEN SODIUM; PSEUDOEPHEDRINE HYDROCHLORIDE,"TABLET, EXTENDED RELEASE",ORAL,220MG; 120MG,NAPROXEN SODIUM AND PSEUDOEPHEDRINE HYDROCHLORIDE,AUROBINDO PHARMA LTD,"Jun 1, 2022"
NAPROXEN SODIUM; PSEUDOEPHEDRINE HYDROCHLORIDE,"TABLET, EXTENDED RELEASE",ORAL,220MG; 120MG,NAPROXEN SODIUM AND PSEUDOEPHEDRINE HYDROCHLORIDE,DR REDDYS LABORATORIES INC,"Sep 27, 2006"
NAPROXEN SODIUM; PSEUDOEPHEDRINE HYDROCHLORIDE,"TABLET, EXTENDED RELEASE",ORAL,220MG; 120MG,NAPROXEN SODIUM AND PSEUDOEPHEDRINE HYDROCHLORIDE,L PERRIGO CO,"Mar 17, 2004"
DIPHENHYDRAMINE HYDROCHLORIDE; NAPROXEN SODIUM,TABLET,ORAL,25MG; 220MG,NAPROXEN SODIUM AND DIPHENHYDRAMINE HYDROCHLORIDE,P AND L DEVELOPMENT LLC,"Jan 25, 2019"
ESOMEPRAZOLE MAGNESIUM; NAPROXEN,"TABLET, DELAYED RELEASE",ORAL,EQ 20MG BASE; 375MG,NAPROXEN AND ESOMEPRAZOLE MAGNESIUM,ACTAVIS LABORATORIES FL INC,"Aug 24, 2022"
ESOMEPRAZOLE MAGNESIUM; NAPROXEN,"TABLET, DELAYED RELEASE",ORAL,EQ 20MG BASE; 375MG,NAPROXEN AND ESOMEPRAZOLE MAGNESIUM,PHARMOBEDIENT CONSULTING LLC,"Jul 20, 2021"
ESOMEPRAZOLE MAGNESIUM; NAPROXEN,"TABLET, DELAYED RELEASE",ORAL,EQ 20MG BASE; 500MG,NAPROXEN AND ESOMEPRAZOLE MAGNESIUM,ACTAVIS LABORATORIES FL INC,"Aug 24, 2022"
ESOMEPRAZOLE MAGNESIUM; NAPROXEN,"TABLET, DELAYED RELEASE",ORAL,EQ 20MG BASE; 500MG,NAPROXEN AND ESOMEPRAZOLE MAGNESIUM,PHARMOBEDIENT CONSULTING LLC,"Jul 20, 2021"
ESOMEPRAZOLE MAGNESIUM; NAPROXEN,"TABLET, DELAYED RELEASE",ORAL,EQ 20MG BASE; 375MG **Federal Register determination that product was not discontinued or withdrawn for safety or effectiveness reasons**,VIMOVO,HORIZON MEDICINES LLC,"Apr 30, 2010"
ESOMEPRAZOLE MAGNESIUM; NAPROXEN,"TABLET, DELAYED RELEASE",ORAL,EQ 20MG BASE; 500MG **Federal Register determination that product was not discontinued or withdrawn for safety or effectiveness reasons**,VIMOVO,HORIZON MEDICINES LLC,"Apr 30, 2010"
LANSOPRAZOLE; NAPROXEN,"CAPSULE, DELAYED REL PELLETS, TABLET",ORAL,"15MG,N/A; N/A,250MG **Federal Register determination that product was not discontinued or withdrawn for safety or effectiveness reasons**",PREVACID NAPRAPAC 250 (COPACKAGED),TAKEDA PHARMACEUTICALS NORTH AMERICA INC,"Nov 14, 2003"
LANSOPRAZOLE; NAPROXEN,"CAPSULE, DELAYED REL PELLETS, TABLET",ORAL,"15MG,N/A; N/A,375MG",PREVACID NAPRAPAC 375 (COPACKAGED),TAKEDA PHARMACEUTICALS NORTH AMERICA INC,"Nov 14, 2003"
LANSOPRAZOLE; NAPROXEN,"CAPSULE, DELAYED REL PELLETS, TABLET",ORAL,"15MG,N/A; N/A,500MG",PREVACID NAPRAPAC 500 (COPACKAGED),TAKEDA PHARMACEUTICALS NORTH AMERICA INC,"Nov 14, 2003"
NAPROXEN,TABLET,ORAL,250MG,NAPROSYN,ATNAHS PHARMA US LTD,"Approved Prior to Jan 1, 1982"
NAPROXEN,TABLET,ORAL,375MG,NAPROSYN,ATNAHS PHARMA US LTD,"Approved Prior to Jan 1, 1982"
NAPROXEN,TABLET,ORAL,250MG,NAPROXEN,CHARTWELL MOLECULES LLC,"Apr 28, 1995"
NAPROXEN,TABLET,ORAL,250MG,NAPROXEN,DAVA PHARMACEUTICALS INC,"Dec 21, 1993"
NAPROXEN,TABLET,ORAL,250MG,NAPROXEN,HAMILTON PHARMACEUTICALS LTD,"Oct 30, 1992"
NAPROXEN,TABLET,ORAL,250MG,NAPROXEN,HIKMA INTERNATIONAL PHARMACEUTICALS LLC,"Jan 14, 2004"
NAPROXEN,TABLET,ORAL,250MG,NAPROXEN,INVAGEN PHARMACEUTICALS INC,"Aug 24, 2011"
NAPROXEN,TABLET,ORAL,250MG,NAPROXEN,IVAX PHARMACEUTICALS INC SUB TEVA PHARMACEUTICALS USA,"Feb 28, 1995"
NAPROXEN,TABLET,ORAL,250MG,NAPROXEN,L PERRIGO CO,"Apr 27, 2005"
NAPROXEN,TABLET,ORAL,250MG,NAPROXEN,PHARMOBEDIENT CONSULTING LLC,"Dec 21, 1993"
NAPROXEN,TABLET,ORAL,250MG,NAPROXEN,PLIVA INC,"Jun 27, 1996"
NAPROXEN,TABLET,ORAL,250MG,NAPROXEN,PUREPAC PHARMACEUTICAL CO,"Dec 21, 1993"
NAPROXEN,TABLET,ORAL,250MG,NAPROXEN,ROXANE LABORATORIES INC,"Feb 28, 1994"
NAPROXEN,TABLET,ORAL,250MG,NAPROXEN,TEVA PHARMACEUTICALS USA,"Dec 21, 1993"
NAPROXEN,TABLET,ORAL,250MG,NAPROXEN,TEVA PHARMACEUTICALS USA INC,"Dec 21, 1993"
NAPROXEN,TABLET,ORAL,250MG,NAPROXEN,TEVA PHARMACEUTICALS USA INC,"Apr 11, 1996"
NAPROXEN,TABLET,ORAL,250MG,NAPROXEN,WATSON LABORATORIES INC,"May 31, 1995"
NAPROXEN,TABLET,ORAL,250MG,NAPROXEN,WATSON LABORATORIES INC AN INDIRECT WHOLLY OWNED SUB OF TEVA PHARMACEUTICALS USA INC,"Feb 10, 1995"
NAPROXEN,TABLET,ORAL,375MG,NAPROXEN,CHARTWELL MOLECULES LLC,"Apr 28, 1995"
NAPROXEN,TABLET,ORAL,375MG,NAPROXEN,DAVA PHARMACEUTICALS INC,"Dec 21, 1993"
NAPROXEN,TABLET,ORAL,375MG,NAPROXEN,HAMILTON PHARMACEUTICALS LTD,"Oct 30, 1992"
NAPROXEN,TABLET,ORAL,375MG,NAPROXEN,HIKMA INTERNATIONAL PHARMACEUTICALS LLC,"Jan 14, 2004"
NAPROXEN,TABLET,ORAL,375MG,NAPROXEN,INVAGEN PHARMACEUTICALS INC,"Aug 24, 2011"
NAPROXEN,TABLET,ORAL,375MG,NAPROXEN,IVAX PHARMACEUTICALS INC SUB TEVA PHARMACEUTICALS USA,"Feb 28, 1995"
NAPROXEN,TABLET,ORAL,375MG,NAPROXEN,L PERRIGO CO,"Apr 27, 2005"
NAPROXEN,TABLET,ORAL,375MG,NAPROXEN,PHARMOBEDIENT CONSULTING LLC,"Dec 21, 1993"
NAPROXEN,TABLET,ORAL,375MG,NAPROXEN,PLIVA INC,"Jun 27, 1996"
NAPROXEN,TABLET,ORAL,375MG,NAPROXEN,PUREPAC PHARMACEUTICAL CO,"Dec 21, 1993"
NAPROXEN,TABLET,ORAL,375MG,NAPROXEN,ROXANE LABORATORIES INC,"Feb 28, 1994"
NAPROXEN,TABLET,ORAL,375MG,NAPROXEN,TEVA PHARMACEUTICALS USA,"Dec 21, 1993"
NAPROXEN,TABLET,ORAL,375MG,NAPROXEN,TEVA PHARMACEUTICALS USA INC,"Dec 21, 1993"
NAPROXEN,TABLET,ORAL,375MG,NAPROXEN,TEVA PHARMACEUTICALS USA INC,"Apr 11, 1996"
NAPROXEN,TABLET,ORAL,375MG,NAPROXEN,WATSON LABORATORIES INC,"May 31, 1995"
NAPROXEN,TABLET,ORAL,375MG,NAPROXEN,WATSON LABORATORIES INC AN INDIRECT WHOLLY OWNED SUB OF TEVA PHARMACEUTICALS USA INC,"Feb 10, 1995"
NAPROXEN,TABLET,ORAL,500MG,NAPROXEN,CHARTWELL MOLECULES LLC,"Apr 28, 1995"
NAPROXEN,TABLET,ORAL,500MG,NAPROXEN,DAVA PHARMACEUTICALS INC,"Dec 21, 1993"
NAPROXEN,TABLET,ORAL,500MG,NAPROXEN,HAMILTON PHARMACEUTICALS LTD,"Oct 30, 1992"
NAPROXEN,TABLET,ORAL,500MG,NAPROXEN,HIKMA INTERNATIONAL PHARMACEUTICALS LLC,"Jan 14, 2004"
NAPROXEN,TABLET,ORAL,500MG,NAPROXEN,INVAGEN PHARMACEUTICALS INC,"Aug 24, 2011"
NAPROXEN,TABLET,ORAL,500MG,NAPROXEN,IVAX PHARMACEUTICALS INC SUB TEVA PHARMACEUTICALS USA,"Feb 28, 1995"
NAPROXEN,TABLET,ORAL,500MG,NAPROXEN,L PERRIGO CO,"Apr 27, 2005"
NAPROXEN,TABLET,ORAL,500MG,NAPROXEN,PHARMOBEDIENT CONSULTING LLC,"Dec 21, 1993"
NAPROXEN,TABLET,ORAL,500MG,NAPROXEN,PLIVA INC,"Jun 27, 1996"
NAPROXEN,TABLET,ORAL,500MG,NAPROXEN,PUREPAC PHARMACEUTICAL CO,"Dec 21, 1993"
NAPROXEN,TABLET,ORAL,500MG,NAPROXEN,ROXANE LABORATORIES INC,"Feb 28, 1994"
NAPROXEN,TABLET,ORAL,500MG,NAPROXEN,TEVA PHARMACEUTICALS USA,"Dec 21, 1993"
NAPROXEN,TABLET,ORAL,500MG,NAPROXEN,TEVA PHARMACEUTICALS USA INC,"Dec 21, 1993"
NAPROXEN,TABLET,ORAL,500MG,NAPROXEN,TEVA PHARMACEUTICALS USA INC,"Apr 11, 1996"
NAPROXEN,TABLET,ORAL,500MG,NAPROXEN,WATSON LABORATORIES INC,"May 31, 1995"
NAPROXEN,TABLET,ORAL,500MG,NAPROXEN,WATSON LABORATORIES INC AN INDIRECT WHOLLY OWNED SUB OF TEVA PHARMACEUTICALS USA INC,"Feb 10, 1995"
NAPROXEN,"TABLET, DELAYED RELEASE",ORAL,375MG,NAPROXEN,ACTAVIS ELIZABETH LLC,"Feb 24, 1998"
NAPROXEN,"TABLET, DELAYED RELEASE",ORAL,375MG,NAPROXEN,FOSUN PHARMA USA INC,"Feb 18, 1998"
NAPROXEN,"TABLET, DELAYED RELEASE",ORAL,375MG,NAPROXEN,PLIVA INC,"May 26, 1999"
NAPROXEN,"TABLET, DELAYED RELEASE",ORAL,500MG,NAPROXEN,ACTAVIS ELIZABETH LLC,"Feb 24, 1998"
NAPROXEN,"TABLET, DELAYED RELEASE",ORAL,500MG,NAPROXEN,FOSUN PHARMA USA INC,"Feb 18, 1998"
NAPROXEN,"TABLET, DELAYED RELEASE",ORAL,500MG,NAPROXEN,PLIVA INC,"May 26, 1999"
NAPROXEN SODIUM,CAPSULE,ORAL,EQ 200MG BASE,NAPROXEN SODIUM,ONESOURCE SPECIALTY PTE LTD,"Aug 17, 2022"
NAPROXEN SODIUM,TABLET,ORAL,EQ 250MG BASE **Federal Register determination that product was not discontinued or withdrawn for safety or effectiveness reasons**,ANAPROX,ATNAHS PHARMA US LTD,"Approved Prior to Jan 1, 1982"
NAPROXEN SODIUM,TABLET,ORAL,220MG,NAPROXEN SODIUM,CONTRACT PHARMACAL CORP,"Feb 27, 1997"
NAPROXEN SODIUM,TABLET,ORAL,220MG,NAPROXEN SODIUM,NOVELGENIX THERAPEUTICS PVT LTD,"Nov 16, 2018"
NAPROXEN SODIUM,TABLET,ORAL,220MG,NAPROXEN SODIUM,PLD ACQUISITIONS LLC,"Jan 13, 1997"
NAPROXEN SODIUM,TABLET,ORAL,220MG,NAPROXEN SODIUM,SUN PHARMACEUTICAL INDUSTRIES LTD,"May 20, 2011"
NAPROXEN SODIUM,TABLET,ORAL,EQ 250MG BASE,NAPROXEN SODIUM,ABLE LABORATORIES INC,"Aug 22, 2003"
NAPROXEN SODIUM,TABLET,ORAL,EQ 250MG BASE,NAPROXEN SODIUM,AMNEAL PHARMACEUTICALS NY LLC,"Apr 25, 2007"
NAPROXEN SODIUM,TABLET,ORAL,EQ 250MG BASE,NAPROXEN SODIUM,HAMILTON PHARMACEUTICALS LTD,"Aug 31, 1993"
NAPROXEN SODIUM,TABLET,ORAL,EQ 250MG BASE,NAPROXEN SODIUM,HIKMA PHARMACEUTICALS,"Feb 18, 1998"
NAPROXEN SODIUM,TABLET,ORAL,EQ 250MG BASE,NAPROXEN SODIUM,IVAX PHARMACEUTICALS INC SUB TEVA PHARMACEUTICALS USA,"Mar 14, 1995"
NAPROXEN SODIUM,TABLET,ORAL,EQ 250MG BASE,NAPROXEN SODIUM,PHARMOBEDIENT CONSULTING LLC,"Aug 31, 1994"
NAPROXEN SODIUM,TABLET,ORAL,EQ 250MG BASE,NAPROXEN SODIUM,PLIVA INC,"Jun 20, 1996"
NAPROXEN SODIUM,TABLET,ORAL,EQ 250MG BASE,NAPROXEN SODIUM,PUREPAC PHARMACEUTICAL CO,"Mar 20, 1995"
NAPROXEN SODIUM,TABLET,ORAL,EQ 250MG BASE,NAPROXEN SODIUM,ROXANE LABORATORIES INC,"Dec 21, 1993"
NAPROXEN SODIUM,TABLET,ORAL,EQ 250MG BASE,NAPROXEN SODIUM,SANDOZ INC,"Dec 21, 1993"
NAPROXEN SODIUM,TABLET,ORAL,EQ 250MG BASE,NAPROXEN SODIUM,SANDOZ INC,"Dec 5, 1994"
NAPROXEN SODIUM,TABLET,ORAL,EQ 250MG BASE,NAPROXEN SODIUM,TEVA PHARMACEUTICALS USA,"Jan 27, 1994"
NAPROXEN SODIUM,TABLET,ORAL,EQ 250MG BASE,NAPROXEN SODIUM,TEVA PHARMACEUTICALS USA INC,"Dec 21, 1993"
NAPROXEN SODIUM,TABLET,ORAL,EQ 250MG BASE,NAPROXEN SODIUM,TEVA PHARMACEUTICALS USA INC,"Dec 21, 1993"
NAPROXEN SODIUM,TABLET,ORAL,EQ 250MG BASE,NAPROXEN SODIUM,WATSON LABORATORIES INC,"Dec 21, 1993"
NAPROXEN SODIUM,TABLET,ORAL,EQ 250MG BASE,NAPROXEN SODIUM,WATSON LABORATORIES INC,"May 31, 1995"
NAPROXEN SODIUM,TABLET,ORAL,EQ 500MG BASE,NAPROXEN SODIUM,ABLE LABORATORIES INC,"Aug 22, 2003"
NAPROXEN SODIUM,TABLET,ORAL,EQ 500MG BASE,NAPROXEN SODIUM,AMNEAL PHARMACEUTICALS NY LLC,"Apr 25, 2007"
NAPROXEN SODIUM,TABLET,ORAL,EQ 500MG BASE,NAPROXEN SODIUM,HAMILTON PHARMACEUTICALS LTD,"Aug 31, 1993"
NAPROXEN SODIUM,TABLET,ORAL,EQ 500MG BASE,NAPROXEN SODIUM,HIKMA PHARMACEUTICALS,"May 14, 1996"
NAPROXEN SODIUM,TABLET,ORAL,EQ 500MG BASE,NAPROXEN SODIUM,IVAX PHARMACEUTICALS INC SUB TEVA PHARMACEUTICALS USA,"Mar 14, 1995"
NAPROXEN SODIUM,TABLET,ORAL,EQ 500MG BASE,NAPROXEN SODIUM,PHARMOBEDIENT CONSULTING LLC,"Aug 31, 1994"
NAPROXEN SODIUM,TABLET,ORAL,EQ 500MG BASE,NAPROXEN SODIUM,PLIVA INC,"Jun 20, 1996"
NAPROXEN SODIUM,TABLET,ORAL,EQ 500MG BASE,NAPROXEN SODIUM,PUREPAC PHARMACEUTICAL CO,"Mar 20, 1995"
NAPROXEN SODIUM,TABLET,ORAL,EQ 500MG BASE,NAPROXEN SODIUM,ROXANE LABORATORIES INC,"Dec 21, 1993"
NAPROXEN SODIUM,TABLET,ORAL,EQ 500MG BASE,NAPROXEN SODIUM,SANDOZ INC,"Dec 21, 1993"
NAPROXEN SODIUM,TABLET,ORAL,EQ 500MG BASE,NAPROXEN SODIUM,SANDOZ INC,"Dec 5, 1994"
NAPROXEN SODIUM,TABLET,ORAL,EQ 500MG BASE,NAPROXEN SODIUM,TEVA PHARMACEUTICALS USA,"Jan 27, 1994"
NAPROXEN SODIUM,TABLET,ORAL,EQ 500MG BASE,NAPROXEN SODIUM,TEVA PHARMACEUTICALS USA INC,"Dec 21, 1993"
NAPROXEN SODIUM,TABLET,ORAL,EQ 500MG BASE,NAPROXEN SODIUM,TEVA PHARMACEUTICALS USA INC,"Dec 21, 1993"
NAPROXEN SODIUM,TABLET,ORAL,EQ 500MG BASE,NAPROXEN SODIUM,WATSON LABORATORIES INC,"Dec 21, 1993"
NAPROXEN SODIUM,TABLET,ORAL,EQ 500MG BASE,NAPROXEN SODIUM,WATSON LABORATORIES INC,"May 31, 1995"
NAPROXEN SODIUM; PSEUDOEPHEDRINE HYDROCHLORIDE,"TABLET, EXTENDED RELEASE",ORAL,220MG; 120MG **Federal Register determination that product was not discontinued or withdrawn for safety or effectiveness reasons**,ALEVE-D SINUS & COLD,BAYER HEALTHCARE LLC,"Nov 29, 1999"
NAPROXEN SODIUM; SUMATRIPTAN SUCCINATE,TABLET,ORAL,60MG; EQ 10MG BASE,TREXIMET,CURRAX PHARMACEUTICALS LLC,"May 14, 2015"
ACETAMINOPHEN; IBUPROFEN,TABLET,ORAL,325MG; 97.5MG,COMBOGESIC,AFT PHARMACEUTICALS US INC,"Mar 1, 2023"
ACETAMINOPHEN; IBUPROFEN SODIUM,SOLUTION,INTRAVENOUS,1GM/100ML (10MG/ML); EQ 300MG BASE/100ML (EQ 3MG BASE/ML),COMBOGESIC IV,HIKMA PHARMACEUTICALS USA INC,"Oct 17, 2023"
FAMOTIDINE; IBUPROFEN,TABLET,ORAL,26.6MG; 800MG,IBUPROFEN AND FAMOTIDINE,ALKEM LABORATORIES LTD,"Aug 3, 2021"
FAMOTIDINE; IBUPROFEN,TABLET,ORAL,26.6MG; 800MG,IBUPROFEN AND FAMOTIDINE,ASCENT PHARMACEUTICALS INC,"Mar 15, 2023"
FAMOTIDINE; IBUPROFEN,TABLET,ORAL,26.6MG; 800MG,IBUPROFEN AND FAMOTIDINE,PH HEALTH LTD,"Mar 22, 2024"
FAMOTIDINE; IBUPROFEN,TABLET,ORAL,26.6MG; 800MG,IBUPROFEN AND FAMOTIDINE,ZYDUS LIFESCIENCES LTD,"Feb 20, 2025"
HYDROCODONE BITARTRATE; IBUPROFEN,TABLET,ORAL,5MG; 200MG,HYDROCODONE BITARTRATE AND IBUPROFEN,AMNEAL PHARMACEUTICALS NY LLC,"Mar 18, 2004"
HYDROCODONE BITARTRATE; IBUPROFEN,TABLET,ORAL,7.5MG; 200MG,HYDROCODONE BITARTRATE AND IBUPROFEN,ACTAVIS LABORATORIES FL INC,"Dec 31, 2003"
HYDROCODONE BITARTRATE; IBUPROFEN,TABLET,ORAL,7.5MG; 200MG,HYDROCODONE BITARTRATE AND IBUPROFEN,AMNEAL PHARMACEUTICALS NY LLC,"Oct 12, 2004"
HYDROCODONE BITARTRATE; IBUPROFEN,TABLET,ORAL,7.5MG; 200MG,HYDROCODONE BITARTRATE AND IBUPROFEN,AUROLIFE PHARMA LLC,"Jun 2, 2016"
IBUPROFEN,SOLUTION,INTRAVENOUS,800MG/8ML (100MG/ML),CALDOLOR,CUMBERLAND PHARMACEUTICALS INC,"Jun 11, 2009"
IBUPROFEN,SOLUTION,INTRAVENOUS,800MG/200ML (4MG/ML),CALDOLOR,CUMBERLAND PHARMACEUTICALS INC,"Jan 25, 2019"
IBUPROFEN,SUSPENSION,ORAL,100MG/5ML,IBUPROFEN,ACTAVIS MID ATLANTIC LLC AN INDIRECT WHOLLY OWNED SUB OF TEVA PHARMACEUTICALS USA INC,"Mar 25, 1998"
IBUPROFEN,SUSPENSION,ORAL,100MG/5ML,IBUPROFEN,AUROBINDO PHARMA LTD,"Feb 16, 2018"
IBUPROFEN,SUSPENSION,ORAL,100MG/5ML,IBUPROFEN,PADAGIS US LLC,"Sep 23, 2004"
IBUPROFEN,SUSPENSION,ORAL,100MG/5ML,IBUPROFEN,STRIDES PHARMA GLOBAL PTE LTD,"May 27, 2022"
IBUPROFEN,SUSPENSION,ORAL,100MG/5ML,IBUPROFEN,SUN PHARMA CANADA INC,"Jun 23, 2017"
IBUPROFEN,TABLET,ORAL,300MG,IBUPROFEN,SHANDONG XINHUA PHARMACEUTICAL CO LTD,"Jul 5, 2024"
IBUPROFEN,TABLET,ORAL,400MG,IBUPROFEN,ALKEM LABORATORIES LTD,"Sep 13, 2021"
IBUPROFEN,TABLET,ORAL,400MG,IBUPROFEN,AMNEAL PHARMACEUTICALS NY LLC,"Nov 25, 1986"
IBUPROFEN,TABLET,ORAL,400MG,IBUPROFEN,AMNEAL PHARMACEUTICALS NY LLC,"Jun 18, 2007"
IBUPROFEN,TABLET,ORAL,400MG,IBUPROFEN,AUROBINDO PHARMA LTD,"May 8, 2020"
IBUPROFEN,TABLET,ORAL,400MG,IBUPROFEN,CONTRACT PHARMACAL CORP,"Oct 15, 1986"
IBUPROFEN,TABLET,ORAL,400MG,IBUPROFEN,DR REDDYS LABORATORIES INC,"Nov 14, 2001"
IBUPROFEN,TABLET,ORAL,400MG,IBUPROFEN,DR REDDYS LABORATORIES INC,"Oct 31, 2001"
IBUPROFEN,TABLET,ORAL,400MG,IBUPROFEN,GRANULES INDIA LTD,"Sep 15, 2015"
IBUPROFEN,TABLET,ORAL,400MG,IBUPROFEN,MARKSANS PHARMA LTD,"Dec 21, 2010"
IBUPROFEN,TABLET,ORAL,400MG,IBUPROFEN,SHANDONG XINHUA PHARMACEUTICAL CO LTD,"Nov 23, 2016"
IBUPROFEN,TABLET,ORAL,400MG,IBUPROFEN,STRIDES PHARMA GLOBAL PTE LTD,"Feb 5, 2009"
IBUPROFEN,TABLET,ORAL,400MG,IBUPROFEN,YICHANG HUMANWELL PHARMACEUTICAL CO LTD,"Mar 30, 2022"
IBUPROFEN,TABLET,ORAL,600MG,IBUPROFEN,ALKEM LABORATORIES LTD,"Sep 13, 2021"
IBUPROFEN,TABLET,ORAL,600MG,IBUPROFEN,AMNEAL PHARMACEUTICALS NY LLC,"Nov 25, 1986"
IBUPROFEN,TABLET,ORAL,600MG,IBUPROFEN,AMNEAL PHARMACEUTICALS NY LLC,"Jun 18, 2007"
IBUPROFEN,TABLET,ORAL,600MG,IBUPROFEN,AUROBINDO PHARMA LTD,"May 8, 2020"
IBUPROFEN,TABLET,ORAL,600MG,IBUPROFEN,CONTRACT PHARMACAL CORP,"Oct 15, 1986"
IBUPROFEN,TABLET,ORAL,600MG,IBUPROFEN,DR REDDYS LABORATORIES INC,"Nov 14, 2001"
IBUPROFEN,TABLET,ORAL,600MG,IBUPROFEN,DR REDDYS LABORATORIES INC,"Oct 31, 2001"
IBUPROFEN,TABLET,ORAL,600MG,IBUPROFEN,GRANULES INDIA LTD,"Sep 15, 2015"
IBUPROFEN,TABLET,ORAL,600MG,IBUPROFEN,MARKSANS PHARMA LTD,"Dec 21, 2010"
IBUPROFEN,TABLET,ORAL,600MG,IBUPROFEN,SHANDONG XINHUA PHARMACEUTICAL CO LTD,"Nov 23, 2016"
IBUPROFEN,TABLET,ORAL,600MG,IBUPROFEN,STRIDES PHARMA GLOBAL PTE LTD,"Feb 5, 2009"
IBUPROFEN,TABLET,ORAL,600MG,IBUPROFEN,YICHANG HUMANWELL PHARMACEUTICAL CO LTD,"Mar 30, 2022"
IBUPROFEN,TABLET,ORAL,800MG,IBUPROFEN,ALKEM LABORATORIES LTD,"Sep 13, 2021"
IBUPROFEN,TABLET,ORAL,800MG,IBUPROFEN,AMNEAL PHARMACEUTICALS NY LLC,"Oct 13, 1987"
IBUPROFEN,TABLET,ORAL,800MG,IBUPROFEN,AMNEAL PHARMACEUTICALS NY LLC,"Jun 18, 2007"
IBUPROFEN,TABLET,ORAL,800MG,IBUPROFEN,AUROBINDO PHARMA LTD,"May 8, 2020"
IBUPROFEN,TABLET,ORAL,800MG,IBUPROFEN,CONTRACT PHARMACAL CORP,"Jul 1, 1988"
IBUPROFEN,TABLET,ORAL,800MG,IBUPROFEN,DR REDDYS LABORATORIES INC,"Nov 14, 2001"
IBUPROFEN,TABLET,ORAL,800MG,IBUPROFEN,DR REDDYS LABORATORIES INC,"Oct 31, 2001"
IBUPROFEN,TABLET,ORAL,800MG,IBUPROFEN,GRANULES INDIA LTD,"Sep 15, 2015"
IBUPROFEN,TABLET,ORAL,800MG,IBUPROFEN,MARKSANS PHARMA LTD,"Dec 21, 2010"
IBUPROFEN,TABLET,ORAL,800MG,IBUPROFEN,SHANDONG XINHUA PHARMACEUTICAL CO LTD,"Nov 23, 2016"
IBUPROFEN,TABLET,ORAL,800MG,IBUPROFEN,STRIDES PHARMA GLOBAL PTE LTD,"Feb 5, 2009"
IBUPROFEN,TABLET,ORAL,800MG,IBUPROFEN,YICHANG HUMANWELL PHARMACEUTICAL CO LTD,"Mar 30, 2022"
IBUPROFEN LYSINE,INJECTABLE,INTRAVENOUS,EQ 20MG BASE/2ML (EQ 10MG BASE/ML),IBUPROFEN LYSINE,XGEN PHARMACEUTICALS DJB INC,"Mar 30, 2016"
IBUPROFEN LYSINE,INJECTABLE,INTRAVENOUS,EQ 20MG BASE/2ML (EQ 10MG BASE/ML),NEOPROFEN,RECORDATI RARE DISEASES INC,"Apr 13, 2006"
ACETAMINOPHEN; IBUPROFEN,TABLET,ORAL,250MG; 125MG,ACETAMINOPHEN AND IBUPROFEN,AUROBINDO PHARMA LTD,"Mar 26, 2024"
ACETAMINOPHEN; IBUPROFEN,TABLET,ORAL,250MG; 125MG,ACETAMINOPHEN AND IBUPROFEN,BIONPHARMA INC,"Aug 1, 2023"
ACETAMINOPHEN; IBUPROFEN,TABLET,ORAL,250MG; 125MG,ACETAMINOPHEN AND IBUPROFEN,DR REDDYS LABORATORIES LTD,"Aug 23, 2024"
ACETAMINOPHEN; IBUPROFEN,TABLET,ORAL,250MG; 125MG,ACETAMINOPHEN AND IBUPROFEN,GLENMARK PHARMACEUTICALS LTD,"Apr 26, 2024"
ACETAMINOPHEN; IBUPROFEN,TABLET,ORAL,250MG; 125MG,ACETAMINOPHEN AND IBUPROFEN,GRANULES PHARMACEUTICALS INC,"Jul 13, 2023"
ACETAMINOPHEN; IBUPROFEN,TABLET,ORAL,250MG; 125MG,ACETAMINOPHEN AND IBUPROFEN,L PERRIGO CO,"Feb 28, 2023"
ACETAMINOPHEN; IBUPROFEN,TABLET,ORAL,250MG; 125MG,ACETAMINOPHEN AND IBUPROFEN,LNK INTERNATIONAL INC,"Dec 11, 2025"
ACETAMINOPHEN; IBUPROFEN,TABLET,ORAL,250MG; 125MG,ACETAMINOPHEN AND IBUPROFEN,MARKSANS PHARMA LTD,"Jul 10, 2023"
ACETAMINOPHEN; IBUPROFEN,TABLET,ORAL,250MG; 125MG,ACETAMINOPHEN AND IBUPROFEN,TARO PHARMACEUTICAL INDUSTRIES LTD,"Jan 2, 2026"
ACETAMINOPHEN; IBUPROFEN,TABLET,ORAL,250MG; 125MG,ADVIL DUAL ACTION WITH ACETAMINOPHEN,HALEON US HOLDINGS LLC,"Feb 28, 2020"
CHLORPHENIRAMINE MALEATE; IBUPROFEN; PHENYLEPHRINE HYDROCHLORIDE,TABLET,ORAL,4MG; 200MG; 10MG,ADVIL ALLERGY AND CONGESTION RELIEF,HALEON US HOLDINGS LLC,"Dec 21, 2011"
CHLORPHENIRAMINE MALEATE; IBUPROFEN; PHENYLEPHRINE HYDROCHLORIDE,TABLET,ORAL,4MG; 200MG; 10MG,ADVIL MULTI-SYMPTOM COLD & FLU,HALEON US HOLDINGS LLC,"Apr 28, 2017"
CHLORPHENIRAMINE MALEATE; IBUPROFEN; PSEUDOEPHEDRINE HYDROCHLORIDE,SUSPENSION,ORAL,1MG/5ML; 100MG/5ML; 15MG/5ML,CHILDREN'S ADVIL ALLERGY SINUS,HALEON US HOLDINGS LLC,"Feb 24, 2004"
CHLORPHENIRAMINE MALEATE; IBUPROFEN; PSEUDOEPHEDRINE HYDROCHLORIDE,TABLET,ORAL,2MG; 200MG; 30MG,ADVIL ALLERGY SINUS,HALEON US HOLDINGS LLC,"Dec 19, 2002"
DIPHENHYDRAMINE CITRATE; IBUPROFEN,TABLET,ORAL,38MG; 200MG,ADVIL PM,HALEON US HOLDINGS LLC,"Dec 21, 2005"
DIPHENHYDRAMINE CITRATE; IBUPROFEN,TABLET,ORAL,38MG; 200MG,IBUPROFEN AND DIPHENHYDRAMINE CITRATE,AUROBINDO PHARMA LTD,"May 31, 2022"
DIPHENHYDRAMINE CITRATE; IBUPROFEN,TABLET,ORAL,38MG; 200MG,IBUPROFEN AND DIPHENHYDRAMINE CITRATE,DR REDDYS LABORATORIES LTD,"Jul 8, 2009"
DIPHENHYDRAMINE CITRATE; IBUPROFEN,TABLET,ORAL,38MG; 200MG,IBUPROFEN AND DIPHENHYDRAMINE CITRATE,PERRIGO R AND D CO,"Dec 22, 2008"
DIPHENHYDRAMINE CITRATE; IBUPROFEN,TABLET,ORAL,38MG; 200MG,IBUPROFEN AND DIPHENHYDRAMINE CITRATE,PLD ACQUISITIONS LLC,"Apr 11, 2024"
DIPHENHYDRAMINE HYDROCHLORIDE; IBUPROFEN,CAPSULE,ORAL,25MG; EQ 200MG FREE ACID AND POTASSIUM SALT,ADVIL PM,HALEON US HOLDINGS LLC,"Dec 21, 2005"
DIPHENHYDRAMINE HYDROCHLORIDE; IBUPROFEN,CAPSULE,ORAL,25MG; EQ 200MG FREE ACID AND POTASSIUM SALT,IBUPROFEN AND DIPHENHYDRAMINE HYDROCHLORIDE,AUROBINDO PHARMA LTD,"Feb 14, 2019"
DIPHENHYDRAMINE HYDROCHLORIDE; IBUPROFEN,CAPSULE,ORAL,25MG; EQ 200MG FREE ACID AND POTASSIUM SALT,IBUPROFEN AND DIPHENHYDRAMINE HYDROCHLORIDE,BIONPHARMA INC,"Nov 22, 2010"
DIPHENHYDRAMINE HYDROCHLORIDE; IBUPROFEN,CAPSULE,ORAL,25MG; EQ 200MG FREE ACID AND POTASSIUM SALT,IBUPROFEN AND DIPHENHYDRAMINE HYDROCHLORIDE,ONESOURCE SPECIALTY PTE LTD,"Mar 5, 2012"
IBUPROFEN,CAPSULE,ORAL,EQ 200MG FREE ACID AND POTASSIUM SALT,ADVIL LIQUI-GELS,HALEON US HOLDINGS LLC,"Apr 20, 1995"
IBUPROFEN,CAPSULE,ORAL,EQ 200MG FREE ACID AND POTASSIUM SALT,ADVIL MIGRAINE LIQUI-GELS,HALEON US HOLDINGS LLC,"Mar 16, 2000"
IBUPROFEN,CAPSULE,ORAL,EQ 200MG FREE ACID AND POTASSIUM SALT,IBUPROFEN,AMNEAL PHARMACEUTICALS OF NEW YORK LLC,"Dec 23, 2011"
IBUPROFEN,CAPSULE,ORAL,EQ 200MG FREE ACID AND POTASSIUM SALT,IBUPROFEN,ASCENT PHARMACEUTICALS INC,"Dec 21, 2017"
IBUPROFEN,CAPSULE,ORAL,EQ 200MG FREE ACID AND POTASSIUM SALT,IBUPROFEN,AUROBINDO PHARMA LTD,"Jun 29, 2018"
IBUPROFEN,CAPSULE,ORAL,EQ 200MG FREE ACID AND POTASSIUM SALT,IBUPROFEN,AUROBINDO PHARMA LTD,"Sep 14, 2023"
IBUPROFEN,CAPSULE,ORAL,EQ 200MG FREE ACID AND POTASSIUM SALT,IBUPROFEN,BIONPHARMA INC,"Mar 24, 2009"
IBUPROFEN,CAPSULE,ORAL,EQ 200MG FREE ACID AND POTASSIUM SALT,IBUPROFEN,HUMANWELL PURACAP PHARMACEUTICAL WUHAN CO LTD,"Jun 21, 2016"
IBUPROFEN,CAPSULE,ORAL,EQ 200MG FREE ACID AND POTASSIUM SALT,IBUPROFEN,MARKSANS PHARMA LTD,"Jun 26, 2009"
IBUPROFEN,CAPSULE,ORAL,EQ 200MG FREE ACID AND POTASSIUM SALT,IBUPROFEN,ONESOURCE SPECIALTY PTE LTD,"Mar 28, 2018"
IBUPROFEN,CAPSULE,ORAL,EQ 200MG FREE ACID AND POTASSIUM SALT,IBUPROFEN,P AND L DEVELOPMENT LLC DBA PLD DEVELOPMENTS LLC,"Jul 10, 2009"
IBUPROFEN,CAPSULE,ORAL,EQ 200MG FREE ACID AND POTASSIUM SALT,IBUPROFEN,PATHEON SOFTGELS BV,"Feb 13, 2024"
IBUPROFEN,CAPSULE,ORAL,EQ 200MG FREE ACID AND POTASSIUM SALT,IBUPROFEN,SOFGEN PHARMACEUTICALS LLC,"Sep 7, 2016"
IBUPROFEN,CAPSULE,ORAL,200MG,MIDOL LIQUID GELS,BIONPHARMA INC,"Oct 18, 2002"
IBUPROFEN,SUSPENSION,ORAL,100MG/5ML,CHILDREN'S ADVIL,HALEON US HOLDINGS LLC,"Jun 27, 1996"
IBUPROFEN,SUSPENSION,ORAL,100MG/5ML,CHILDREN'S ADVIL-FLAVORED,HALEON US HOLDINGS LLC,"Nov 7, 1997"
IBUPROFEN,SUSPENSION,ORAL,100MG/5ML,CHILDREN'S IBUPROFEN,L PERRIGO CO,"Dec 22, 1998"
IBUPROFEN,SUSPENSION,ORAL,100MG/5ML,CHILDREN'S MOTRIN,KENVUE BRANDS LLC,"Jun 16, 1995"
IBUPROFEN,SUSPENSION,ORAL,100MG/5ML,IBUPROFEN,ANNORA PHARMA PRIVATE LTD,"Nov 23, 2018"
IBUPROFEN,SUSPENSION,ORAL,100MG/5ML,IBUPROFEN,AUROBINDO PHARMA LTD,"Apr 17, 2018"
IBUPROFEN,SUSPENSION,ORAL,100MG/5ML,IBUPROFEN,GUARDIAN DRUG CO,"Aug 17, 2018"
IBUPROFEN,SUSPENSION,ORAL,100MG/5ML,IBUPROFEN,P AND L DEVELOPMENT LLC,"Apr 30, 1999"
IBUPROFEN,SUSPENSION,ORAL,100MG/5ML,IBUPROFEN,PAI HOLDINGS LLC DBA PHARMACEUTICAL ASSOCIATES INC,"Nov 8, 2024"
IBUPROFEN,SUSPENSION,ORAL,100MG/5ML,IBUPROFEN,STRIDES PHARMA GLOBAL PTE LTD,"Feb 22, 2021"
IBUPROFEN,SUSPENSION,ORAL,100MG/5ML,IBUPROFEN,SUN PHARMA CANADA INC,"Jun 27, 2017"
IBUPROFEN,SUSPENSION/DROPS,ORAL,40MG/ML,CHILDREN'S MOTRIN,KENVUE BRANDS LLC,"Jun 10, 1996"
IBUPROFEN,SUSPENSION/DROPS,ORAL,40MG/ML,IBUPROFEN,AUROBINDO PHARMA LTD,"Apr 8, 2024"
IBUPROFEN,SUSPENSION/DROPS,ORAL,40MG/ML,IBUPROFEN,GUARDIAN DRUG CO,"Sep 26, 2018"
IBUPROFEN,SUSPENSION/DROPS,ORAL,40MG/ML,IBUPROFEN,L PERRIGO CO,"Dec 16, 1998"
IBUPROFEN,SUSPENSION/DROPS,ORAL,40MG/ML,IBUPROFEN,SUN PHARMA CANADA INC,"Aug 8, 2023"
IBUPROFEN,SUSPENSION/DROPS,ORAL,40MG/ML,IBUPROFEN,TRIS PHARMA INC,"Aug 31, 2009"
IBUPROFEN,SUSPENSION/DROPS,ORAL,50MG/1.25ML,INFANT'S ADVIL,HALEON US HOLDINGS LLC,"Jan 12, 2000"
IBUPROFEN,TABLET,ORAL,200MG,ADVIL,HALEON US HOLDINGS LLC,"May 18, 1984"
IBUPROFEN,TABLET,ORAL,200MG,IBUPROFEN,ADAPTIS PHARMA PRIVATE LTD,"Jul 1, 1988"
IBUPROFEN,TABLET,ORAL,200MG,IBUPROFEN,AMNEAL PHARMACEUTICALS NY LLC,"Feb 17, 1987"
IBUPROFEN,TABLET,ORAL,200MG,IBUPROFEN,AMNEAL PHARMACEUTICALS NY LLC,"May 23, 1988"
IBUPROFEN,TABLET,ORAL,200MG,IBUPROFEN,AMNEAL PHARMACEUTICALS OF NEW YORK LLC,"Mar 18, 2014"
IBUPROFEN,TABLET,ORAL,200MG,IBUPROFEN,AUROBINDO PHARMA LTD,"Nov 8, 2017"
IBUPROFEN,TABLET,ORAL,200MG,IBUPROFEN,AVEMA PHARMA SOLUTIONS,"Nov 26, 2003"
IBUPROFEN,TABLET,ORAL,200MG,IBUPROFEN,DR REDDYS LABORATORIES INC,"Dec 12, 2001"
IBUPROFEN,TABLET,ORAL,200MG,IBUPROFEN,DR REDDYS LABORATORIES INC,"Nov 20, 2001"
IBUPROFEN,TABLET,ORAL,200MG,IBUPROFEN,GRANULES INDIA LTD,"Dec 10, 2010"
IBUPROFEN,TABLET,ORAL,200MG,IBUPROFEN,GRANULES INDIA LTD,"Oct 7, 2016"
IBUPROFEN,TABLET,ORAL,200MG,IBUPROFEN,L PERRIGO CO,"Dec 8, 1987"
IBUPROFEN,TABLET,ORAL,200MG,IBUPROFEN,LNK INTERNATIONAL INC,"Mar 1, 1999"
IBUPROFEN,TABLET,ORAL,200MG,IBUPROFEN,LNK INTERNATIONAL INC,"Mar 1, 1999"
IBUPROFEN,TABLET,ORAL,200MG,IBUPROFEN,MARKSANS PHARMA LTD,"Feb 8, 2011"
IBUPROFEN,TABLET,ORAL,200MG,IBUPROFEN,MARKSANS PHARMA LTD,"Feb 1, 2011"
IBUPROFEN,TABLET,ORAL,200MG,IBUPROFEN,MCNEIL CONSUMER PRODUCTS CO DIV MCNEILAB INC,"Mar 30, 1994"
IBUPROFEN,TABLET,ORAL,200MG,IBUPROFEN,PERRIGO R AND D CO,"Jun 21, 2005"
IBUPROFEN,TABLET,ORAL,200MG,IBUPROFEN,PH HEALTH LTD,"Apr 1, 1987"
IBUPROFEN,TABLET,ORAL,200MG,IBUPROFEN,SHANDONG XINHUA PHARMACEUTICAL CO LTD,"May 5, 2017"
IBUPROFEN,TABLET,ORAL,200MG,IBUPROFEN,SHANDONG XINHUA PHARMACEUTICAL CO LTD,"Aug 21, 2018"
IBUPROFEN,TABLET,ORAL,200MG,IBUPROFEN,STRIDES PHARMA GLOBAL PTE LTD,"Mar 28, 2011"
IBUPROFEN,TABLET,ORAL,200MG,IBUPROFEN,STRIDES PHARMA GLOBAL PTE LTD,"Apr 4, 2011"
IBUPROFEN,TABLET,ORAL,100MG,JUNIOR STRENGTH ADVIL,HALEON US HOLDINGS LLC,"Dec 13, 1996"
IBUPROFEN,TABLET,ORAL,100MG,JUNIOR STRENGTH MOTRIN,KENVUE BRANDS LLC,"Jun 10, 1996"
IBUPROFEN,TABLET,ORAL,200MG,MOTRIN IB,KENVUE BRANDS LLC,"Dec 17, 1990"
IBUPROFEN,"TABLET, CHEWABLE",ORAL,50MG,CHILDREN'S ADVIL,HALEON US HOLDINGS LLC,"Dec 18, 1998"
IBUPROFEN,"TABLET, CHEWABLE",ORAL,100MG,IBUPROFEN,L PERRIGO CO,"Jan 16, 2004"
IBUPROFEN,"TABLET, CHEWABLE",ORAL,100MG,JUNIOR STRENGTH ADVIL,HALEON US HOLDINGS LLC,"Dec 18, 1998"
IBUPROFEN SODIUM,TABLET,ORAL,EQ 200MG BASE,ADVIL,HALEON US HOLDINGS LLC,"Jun 12, 2012"
IBUPROFEN; PHENYLEPHRINE HYDROCHLORIDE,TABLET,ORAL,200MG; 10MG,ADVIL CONGESTION RELIEF,HALEON US HOLDINGS LLC,"May 27, 2010"
IBUPROFEN; PHENYLEPHRINE HYDROCHLORIDE,TABLET,ORAL,200MG; 10MG,IBUPROFEN AND PHENYLEPHRINE HYDROCHLORIDE,PERRIGO R AND D CO,"Jul 3, 2014"
IBUPROFEN; PSEUDOEPHEDRINE HYDROCHLORIDE,CAPSULE,ORAL,EQ 200MG FREE ACID AND POTASSIUM SALT; 30MG,ADVIL COLD AND SINUS,HALEON US HOLDINGS LLC,"May 30, 2002"
IBUPROFEN; PSEUDOEPHEDRINE HYDROCHLORIDE,CAPSULE,ORAL,EQ 200MG FREE ACID AND POTASSIUM SALT; 30MG,IBUPROFEN AND PSEUDOEPHEDRINE HYDROCHLORIDE,AUROBINDO PHARMA LTD,"Dec 1, 2017"
IBUPROFEN; PSEUDOEPHEDRINE HYDROCHLORIDE,SUSPENSION,ORAL,100MG/5ML; 15MG/5ML,CHILDREN'S ADVIL COLD,HALEON US HOLDINGS LLC,"Apr 18, 2002"
IBUPROFEN; PSEUDOEPHEDRINE HYDROCHLORIDE,SUSPENSION,ORAL,100MG/5ML; 15MG/5ML,CHILDREN'S MOTRIN COLD,KENVUE BRANDS LLC,"Aug 1, 2000"
IBUPROFEN; PSEUDOEPHEDRINE HYDROCHLORIDE,TABLET,ORAL,200MG; 30MG,ADVIL COLD AND SINUS,HALEON US HOLDINGS LLC,"Sep 19, 1989"
IBUPROFEN; PSEUDOEPHEDRINE HYDROCHLORIDE,TABLET,ORAL,200MG; 30MG,IBUPROFEN AND PSEUDOEPHEDRINE HYDROCHLORIDE,AUROBINDO PHARMA LTD,"Mar 10, 2023"
IBUPROFEN; PSEUDOEPHEDRINE HYDROCHLORIDE,TABLET,ORAL,200MG; 30MG,IBUPROFEN AND PSEUDOEPHEDRINE HYDROCHLORIDE,STRIDES PHARMA GLOBAL PTE LTD,"Aug 14, 2006"
IBUPROFEN; PSEUDOEPHEDRINE HYDROCHLORIDE,TABLET,ORAL,200MG; 30MG,IBUPROHM COLD AND SINUS,OHM LABORATORIES INC,"Apr 17, 2001"
IBUPROFEN; PSEUDOEPHEDRINE HYDROCHLORIDE,TABLET,ORAL,200MG; 30MG,SINE-AID IB,KENVUE BRANDS LLC,"Dec 31, 1992"
ACETAMINOPHEN; IBUPROFEN,TABLET,ORAL,250MG; 125MG,ACETAMINOPHEN AND IBUPROFEN,STRIDES PHARMA GLOBAL PTE LTD,"Jan 17, 2025"
FAMOTIDINE; IBUPROFEN,TABLET,ORAL,26.6MG; 800MG **Federal Register determination that product was not discontinued or withdrawn for safety or effectiveness reasons**,DUEXIS,HORIZON MEDICINES LLC,"Apr 23, 2011"
FAMOTIDINE; IBUPROFEN,TABLET,ORAL,26.6MG; 800MG,IBUPROFEN AND FAMOTIDINE,AUROBINDO PHARMA LTD,"Jun 30, 2025"
FAMOTIDINE; IBUPROFEN,TABLET,ORAL,26.6MG; 800MG,IBUPROFEN AND FAMOTIDINE,TEVA PHARMACEUTICALS USA,"Oct 29, 2021"
FAMOTIDINE; IBUPROFEN,TABLET,ORAL,26.6MG; 800MG,IBUPROFEN AND FAMOTIDINE,TORRENT PHARMACEUTICALS LTD,"Mar 18, 2024"
HYDROCODONE BITARTRATE; IBUPROFEN,TABLET,ORAL,5MG; 200MG,HYDROCODONE,STRIDES PHARMA GLOBAL PTE LTD,"Nov 6, 2006"
HYDROCODONE BITARTRATE; IBUPROFEN,TABLET,ORAL,2.5MG; 200MG,HYDROCODONE BITARTRATE AND IBUPROFEN,SUN PHARMACEUTICAL INDUSTRIES INC,"May 28, 2013"
HYDROCODONE BITARTRATE; IBUPROFEN,TABLET,ORAL,5MG; 200MG,HYDROCODONE BITARTRATE AND IBUPROFEN,ANI PHARMACEUTICALS INC,"Jun 23, 2010"
HYDROCODONE BITARTRATE; IBUPROFEN,TABLET,ORAL,5MG; 200MG,HYDROCODONE BITARTRATE AND IBUPROFEN,SUN PHARMACEUTICAL INDUSTRIES INC,"May 28, 2013"
HYDROCODONE BITARTRATE; IBUPROFEN,TABLET,ORAL,7.5MG; 200MG,HYDROCODONE BITARTRATE AND IBUPROFEN,STRIDES PHARMA GLOBAL PTE LTD,"Nov 6, 2006"
HYDROCODONE BITARTRATE; IBUPROFEN,TABLET,ORAL,7.5MG; 200MG,HYDROCODONE BITARTRATE AND IBUPROFEN,SUN PHARMACEUTICAL INDUSTRIES INC,"May 28, 2013"
HYDROCODONE BITARTRATE; IBUPROFEN,TABLET,ORAL,7.5MG; 200MG,HYDROCODONE BITARTRATE AND IBUPROFEN,TEVA PHARMACEUTICALS USA INC,"Apr 11, 2003"
HYDROCODONE BITARTRATE; IBUPROFEN,TABLET,ORAL,10MG; 200MG,HYDROCODONE BITARTRATE AND IBUPROFEN,STRIDES PHARMA GLOBAL PTE LTD,"Nov 6, 2006"
HYDROCODONE BITARTRATE; IBUPROFEN,TABLET,ORAL,10MG; 200MG,HYDROCODONE BITARTRATE AND IBUPROFEN,SUN PHARMACEUTICAL INDUSTRIES INC,"May 28, 2013"
HYDROCODONE BITARTRATE; IBUPROFEN,TABLET,ORAL,2.5MG; 200MG,REPREXAIN,AMNEAL PHARMACEUTICALS NY LLC,"Oct 19, 2007"
HYDROCODONE BITARTRATE; IBUPROFEN,TABLET,ORAL,10MG; 200MG,REPREXAIN,AMNEAL PHARMACEUTICALS NY LLC,"Oct 19, 2007"
HYDROCODONE BITARTRATE; IBUPROFEN,TABLET,ORAL,7.5MG; 200MG **Federal Register determination that product was not discontinued or withdrawn for safety or effectiveness reasons**,VICOPROFEN,ABBVIE INC,"Sep 23, 1997"
IBUPROFEN,CAPSULE,ORAL,200MG,IBUPROFEN,CONTRACT PHARMACAL CORP,"Jul 6, 1998"
IBUPROFEN,CAPSULE,ORAL,200MG **Federal Register determination that product was not discontinued or withdrawn for safety or effectiveness reasons**,MIDOL,BAYER HEALTHCARE LLC,"Sep 2, 1987"
IBUPROFEN,CAPSULE,ORAL,200MG **Federal Register determination that product was not discontinued or withdrawn for safety or effectiveness reasons**,MIDOL,BAYER HEALTHCARE LLC,"Sep 2, 1987"
IBUPROFEN,SOLUTION,INTRAVENOUS,400MG/4ML (100MG/ML),CALDOLOR,CUMBERLAND PHARMACEUTICALS INC,"Jun 11, 2009"
IBUPROFEN,SUSPENSION,ORAL,100MG/5ML,CHILDREN'S ADVIL,HALEON US HOLDINGS LLC,"Sep 19, 1989"
IBUPROFEN,SUSPENSION,ORAL,100MG/5ML,CHILDREN'S ELIXSURE,MOBERG PHARMA NORTH AMERICA LLC,"Jan 7, 2004"
IBUPROFEN,SUSPENSION,ORAL,100MG/5ML,IBU,ABBOTT LABORATORIES PHARMACEUTICAL PRODUCTS DIV,"Dec 18, 1989"
IBUPROFEN,SUSPENSION,ORAL,100MG/5ML,IBUPROFEN,ARISE PHARMACEUTICALS LLC,"Aug 18, 2011"
IBUPROFEN,SUSPENSION,ORAL,100MG/5ML,IBUPROFEN,PAI HOLDINGS LLC DBA PHARMACEUTICAL ASSOCIATES INC,"Nov 3, 2016"
IBUPROFEN,SUSPENSION,ORAL,100MG/5ML **Federal Register determination that product was not discontinued or withdrawn for safety or effectiveness reasons**,MOTRIN,MCNEIL CONSUMER HEALTHCARE DIV MCNEIL PPC INC,"Sep 19, 1989"
IBUPROFEN,SUSPENSION/DROPS,ORAL,50MG/1.25ML,IBUPROFEN,STRIDES PHARMA GLOBAL PTE LTD,"Jun 9, 2022"
IBUPROFEN,SUSPENSION/DROPS,ORAL,40MG/ML,MOTRIN,MCNEIL CONSUMER PRODUCTS CO DIV MCNEILAB INC,"May 25, 1995"
IBUPROFEN,SUSPENSION/DROPS,ORAL,100MG/2.5ML,PEDIATRIC ADVIL,HALEON US HOLDINGS LLC,"Jan 30, 1998"
IBUPROFEN,TABLET,ORAL,200MG,ACHES-N-PAIN,LEDERLE LABORATORIES DIV AMERICAN CYANAMID CO,"May 28, 1987"
IBUPROFEN,TABLET,ORAL,200MG,CAP-PROFEN,L PERRIGO CO,"Dec 8, 1987"
IBUPROFEN,TABLET,ORAL,400MG,IBU,BASF CORP,"Approved Prior to Jan 1, 1982"
IBUPROFEN,TABLET,ORAL,400MG,IBU,BASF CORP,"Feb 22, 1985"
IBUPROFEN,TABLET,ORAL,600MG,IBU,BASF CORP,"Feb 8, 1985"
IBUPROFEN,TABLET,ORAL,600MG,IBU,BASF CORP,"Mar 29, 1985"
IBUPROFEN,TABLET,ORAL,800MG,IBU,BASF CORP,"Jul 23, 1986"
IBUPROFEN,TABLET,ORAL,400MG,IBU-TAB,ALRA LABORATORIES INC,"Aug 11, 1988"
IBUPROFEN,TABLET,ORAL,600MG,IBU-TAB,ALRA LABORATORIES INC,"Aug 11, 1988"
IBUPROFEN,TABLET,ORAL,800MG,IBU-TAB,ALRA LABORATORIES INC,"Aug 11, 1988"
IBUPROFEN,TABLET,ORAL,200MG,IBU-TAB 200,ALRA LABORATORIES INC,"Aug 11, 1988"
IBUPROFEN,TABLET,ORAL,200MG,IBUPRIN,PLIVA INC,"Jul 16, 1987"
IBUPROFEN,TABLET,ORAL,100MG,IBUPROFEN,LNK INTERNATIONAL INC,"Jun 17, 2004"
IBUPROFEN,TABLET,ORAL,200MG,IBUPROFEN,ADAPTIS PHARMA PRIVATE LTD,"Oct 15, 1986"
IBUPROFEN,TABLET,ORAL,200MG,IBUPROFEN,ADAPTIS PHARMA PRIVATE LTD,"Sep 10, 1987"
IBUPROFEN,TABLET,ORAL,200MG,IBUPROFEN,ANI PHARMACEUTICALS INC,"Jan 20, 1987"
IBUPROFEN,TABLET,ORAL,200MG,IBUPROFEN,ANI PHARMACEUTICALS INC,"Dec 19, 1991"
IBUPROFEN,TABLET,ORAL,200MG,IBUPROFEN,ANI PHARMACEUTICALS INC,"Dec 19, 1991"
IBUPROFEN,TABLET,ORAL,200MG,IBUPROFEN,CONTRACT PHARMACAL CORP,"Sep 10, 1987"
IBUPROFEN,TABLET,ORAL,200MG,IBUPROFEN,CONTRACT PHARMACAL CORP,"Feb 25, 1994"
IBUPROFEN,TABLET,ORAL,200MG,IBUPROFEN,CONTRACT PHARMACAL CORP,"Jul 20, 1998"
IBUPROFEN,TABLET,ORAL,200MG,IBUPROFEN,HALSEY DRUG CO INC,"Sep 29, 1987"
IBUPROFEN,TABLET,ORAL,200MG,IBUPROFEN,IVAX PHARMACEUTICALS INC SUB TEVA PHARMACEUTICALS USA,"Oct 27, 1987"
IBUPROFEN,TABLET,ORAL,200MG,IBUPROFEN,IVAX PHARMACEUTICALS INC SUB TEVA PHARMACEUTICALS USA,"Apr 29, 1988"
IBUPROFEN,TABLET,ORAL,200MG,IBUPROFEN,L PERRIGO CO,"Dec 8, 1987"
IBUPROFEN,TABLET,ORAL,200MG,IBUPROFEN,L PERRIGO CO,"Mar 14, 2002"
IBUPROFEN,TABLET,ORAL,200MG,IBUPROFEN,MERRO PHARMACEUTICAL CO LTD,"Oct 2, 1987"
IBUPROFEN,TABLET,ORAL,200MG,IBUPROFEN,OHM CORP,"Jul 15, 1986"
IBUPROFEN,TABLET,ORAL,200MG,IBUPROFEN,P AND L DEVELOPMENT LLC DBA PLD DEVELOPMENTS LLC,"Sep 19, 1986"
IBUPROFEN,TABLET,ORAL,200MG,IBUPROFEN,PH HEALTH LTD,"Feb 2, 1988"
IBUPROFEN,TABLET,ORAL,200MG,IBUPROFEN,PH HEALTH LTD,"Jan 10, 1989"
IBUPROFEN,TABLET,ORAL,200MG,IBUPROFEN,PHARMOBEDIENT CONSULTING LLC,"May 5, 1988"
IBUPROFEN,TABLET,ORAL,200MG,IBUPROFEN,PUREPAC PHARMACEUTICAL CO,"Oct 3, 1986"
IBUPROFEN,TABLET,ORAL,200MG,IBUPROFEN,PUREPAC PHARMACEUTICAL CO,"Feb 3, 1987"
IBUPROFEN,TABLET,ORAL,200MG,IBUPROFEN,SANDOZ INC,"Feb 25, 1988"
IBUPROFEN,TABLET,ORAL,200MG,IBUPROFEN,SANDOZ INC,"Dec 15, 1995"
IBUPROFEN,TABLET,ORAL,200MG,IBUPROFEN,SANDOZ INC,"Dec 15, 1995"
IBUPROFEN,TABLET,ORAL,200MG,IBUPROFEN,STRIDES PHARMA GLOBAL PTE LTD,"May 30, 2017"
IBUPROFEN,TABLET,ORAL,200MG,IBUPROFEN,STRIDES PHARMA GLOBAL PTE LTD,"Jun 29, 2018"
IBUPROFEN,TABLET,ORAL,200MG,IBUPROFEN,STRIDES PHARMA INTERNATIONAL AG,"Sep 24, 1986"
IBUPROFEN,TABLET,ORAL,200MG,IBUPROFEN,STRIDES PHARMA INTERNATIONAL AG,"May 8, 1987"
IBUPROFEN,TABLET,ORAL,200MG,IBUPROFEN,SUN PHARMACEUTICAL INDUSTRIES INC,"Dec 24, 1985"
IBUPROFEN,TABLET,ORAL,200MG,IBUPROFEN,SUN PHARMACEUTICAL INDUSTRIES INC,"Sep 26, 1986"
IBUPROFEN,TABLET,ORAL,200MG,IBUPROFEN,SUN PHARMACEUTICAL INDUSTRIES INC,"Oct 2, 1986"
IBUPROFEN,TABLET,ORAL,200MG,IBUPROFEN,TEVA PHARMACEUTICALS USA INC,"May 29, 1992"
IBUPROFEN,TABLET,ORAL,200MG,IBUPROFEN,ULTRATAB LABORATORIES INC,"Jan 6, 2020"
IBUPROFEN,TABLET,ORAL,200MG,IBUPROFEN,WATSON LABORATORIES INC,"Mar 5, 1986"
IBUPROFEN,TABLET,ORAL,200MG,IBUPROFEN,WATSON LABORATORIES INC,"Sep 4, 1987"
IBUPROFEN,TABLET,ORAL,200MG,IBUPROFEN,WATSON LABORATORIES INC,"Mar 8, 1988"
IBUPROFEN,TABLET,ORAL,200MG,IBUPROFEN,YICHANG HUMANWELL PHARMACEUTICAL CO LTD,"Oct 19, 2020"
IBUPROFEN,TABLET,ORAL,300MG,IBUPROFEN,HALSEY DRUG CO INC,"Mar 23, 1987"
IBUPROFEN,TABLET,ORAL,300MG,IBUPROFEN,LEINER HEALTH PRODUCTS INC,"Oct 15, 1986"
IBUPROFEN,TABLET,ORAL,300MG,IBUPROFEN,PAR PHARMACEUTICAL INC,"Aug 6, 1985"
IBUPROFEN,TABLET,ORAL,300MG,IBUPROFEN,PH HEALTH LTD,"Oct 22, 1986"
IBUPROFEN,TABLET,ORAL,300MG,IBUPROFEN,PUREPAC PHARMACEUTICAL CO,"Sep 19, 1986"
IBUPROFEN,TABLET,ORAL,300MG,IBUPROFEN,RISING PHARMA HOLDINGS INC,"Jun 12, 1986"
IBUPROFEN,TABLET,ORAL,300MG,IBUPROFEN,WATSON LABORATORIES INC,"Dec 1, 1986"
IBUPROFEN,TABLET,ORAL,400MG,IBUPROFEN,HALSEY DRUG CO INC,"Mar 23, 1987"
IBUPROFEN,TABLET,ORAL,400MG,IBUPROFEN,IVAX PHARMACEUTICALS INC SUB TEVA PHARMACEUTICALS USA,"Sep 23, 1986"
IBUPROFEN,TABLET,ORAL,400MG,IBUPROFEN,JOHNSON AND JOHNSON CONSUMER INC MCNEIL CONSUMER HEALTHCARE DIV,"Jun 16, 1986"
IBUPROFEN,TABLET,ORAL,400MG,IBUPROFEN,L PERRIGO CO,"Jul 18, 2005"
IBUPROFEN,TABLET,ORAL,400MG,IBUPROFEN,LEDERLE LABORATORIES DIV AMERICAN CYANAMID CO,"Sep 19, 1986"
IBUPROFEN,TABLET,ORAL,400MG,IBUPROFEN,NORTHSTAR HEALTHCARE HOLDINGS,"Sep 10, 2007"
IBUPROFEN,TABLET,ORAL,400MG,IBUPROFEN,OHM LABORATORIES INC,"Dec 26, 1985"
IBUPROFEN,TABLET,ORAL,400MG,IBUPROFEN,PH HEALTH LTD,"Oct 22, 1986"
IBUPROFEN,TABLET,ORAL,400MG,IBUPROFEN,PH HEALTH LTD,"Feb 1, 1988"
IBUPROFEN,TABLET,ORAL,400MG,IBUPROFEN,PHARMOBEDIENT CONSULTING LLC,"Sep 24, 1985"
IBUPROFEN,TABLET,ORAL,400MG,IBUPROFEN,PLIVA INC AN INDIRECT WHOLLY OWNED SUB OF TEVA PHARMACEUTICALS USA INC,"Jun 18, 1987"
IBUPROFEN,TABLET,ORAL,400MG,IBUPROFEN,PUREPAC PHARMACEUTICAL CO,"Sep 19, 1986"
IBUPROFEN,TABLET,ORAL,400MG,IBUPROFEN,RISING PHARMA HOLDINGS INC,"Jun 12, 1986"
IBUPROFEN,TABLET,ORAL,400MG,IBUPROFEN,SANDOZ INC,"Jan 14, 1988"
IBUPROFEN,TABLET,ORAL,400MG,IBUPROFEN,STRIDES PHARMA INTERNATIONAL AG,"Aug 6, 1985"
IBUPROFEN,TABLET,ORAL,400MG,IBUPROFEN,SUN PHARMACEUTICAL INDUSTRIES INC,"Jul 24, 1985"
IBUPROFEN,TABLET,ORAL,400MG,IBUPROFEN,SUNSHINE LAKE PHARMA CO LTD,"Sep 10, 2018"
IBUPROFEN,TABLET,ORAL,400MG,IBUPROFEN,TEVA PHARMACEUTICALS USA INC,"Jun 30, 1992"
IBUPROFEN,TABLET,ORAL,400MG,IBUPROFEN,WATSON LABORATORIES INC,"Sep 6, 1985"
IBUPROFEN,TABLET,ORAL,400MG,IBUPROFEN,WATSON LABORATORIES INC,"Aug 21, 1985"
IBUPROFEN,TABLET,ORAL,600MG,IBUPROFEN,ABBOTT LABORATORIES PHARMACEUTICAL PRODUCTS DIV,"Jun 14, 1985"
IBUPROFEN,TABLET,ORAL,600MG,IBUPROFEN,HALSEY DRUG CO INC,"Mar 23, 1987"
IBUPROFEN,TABLET,ORAL,600MG,IBUPROFEN,IVAX PHARMACEUTICALS INC SUB TEVA PHARMACEUTICALS USA,"Sep 23, 1986"
IBUPROFEN,TABLET,ORAL,600MG,IBUPROFEN,L PERRIGO CO,"Jul 18, 2005"
IBUPROFEN,TABLET,ORAL,600MG,IBUPROFEN,LEDERLE LABORATORIES DIV AMERICAN CYANAMID CO,"Sep 19, 1986"
IBUPROFEN,TABLET,ORAL,600MG,IBUPROFEN,MCNEIL CONSUMER PRODUCTS CO DIV MCNEILAB INC,"Jun 16, 1986"
IBUPROFEN,TABLET,ORAL,600MG,IBUPROFEN,NORTHSTAR HEALTHCARE HOLDINGS,"Sep 10, 2007"
IBUPROFEN,TABLET,ORAL,600MG,IBUPROFEN,PH HEALTH LTD,"Oct 22, 1986"
IBUPROFEN,TABLET,ORAL,600MG,IBUPROFEN,PHARMOBEDIENT CONSULTING LLC,"Sep 24, 1985"
IBUPROFEN,TABLET,ORAL,600MG,IBUPROFEN,PLIVA INC AN INDIRECT WHOLLY OWNED SUB OF TEVA PHARMACEUTICALS USA INC,"Jun 18, 1987"
IBUPROFEN,TABLET,ORAL,600MG,IBUPROFEN,PUREPAC PHARMACEUTICAL CO,"Sep 19, 1986"
IBUPROFEN,TABLET,ORAL,600MG,IBUPROFEN,RISING PHARMA HOLDINGS INC,"Jun 12, 1986"
IBUPROFEN,TABLET,ORAL,600MG,IBUPROFEN,SANDOZ INC,"Jan 14, 1988"
IBUPROFEN,TABLET,ORAL,600MG,IBUPROFEN,STRIDES PHARMA INTERNATIONAL AG,"Aug 6, 1985"
IBUPROFEN,TABLET,ORAL,600MG,IBUPROFEN,SUN PHARMACEUTICAL INDUSTRIES INC,"Jul 24, 1985"
IBUPROFEN,TABLET,ORAL,600MG,IBUPROFEN,SUNSHINE LAKE PHARMA CO LTD,"Sep 10, 2018"
IBUPROFEN,TABLET,ORAL,600MG,IBUPROFEN,SUPERPHARM CORP,"Apr 25, 1986"
IBUPROFEN,TABLET,ORAL,600MG,IBUPROFEN,TEVA PHARMACEUTICALS USA INC,"Jun 30, 1992"
IBUPROFEN,TABLET,ORAL,600MG,IBUPROFEN,WATSON LABORATORIES INC,"Sep 6, 1985"
IBUPROFEN,TABLET,ORAL,600MG,IBUPROFEN,WATSON LABORATORIES INC,"Aug 21, 1985"
IBUPROFEN,TABLET,ORAL,800MG,IBUPROFEN,ABBOTT LABORATORIES PHARMACEUTICAL PRODUCTS DIV,"Jul 25, 1986"
IBUPROFEN,TABLET,ORAL,800MG,IBUPROFEN,HALSEY DRUG CO INC,"Feb 5, 1988"
IBUPROFEN,TABLET,ORAL,800MG,IBUPROFEN,IVAX PHARMACEUTICALS INC SUB TEVA PHARMACEUTICALS USA,"May 8, 1987"
IBUPROFEN,TABLET,ORAL,800MG,IBUPROFEN,L PERRIGO CO,"Jul 18, 2005"
IBUPROFEN,TABLET,ORAL,800MG,IBUPROFEN,NORTHSTAR HEALTHCARE HOLDINGS,"Sep 10, 2007"
IBUPROFEN,TABLET,ORAL,800MG,IBUPROFEN,PH HEALTH LTD,"Nov 18, 1987"
IBUPROFEN,TABLET,ORAL,800MG,IBUPROFEN,PHARMOBEDIENT CONSULTING LLC,"Dec 3, 1987"
IBUPROFEN,TABLET,ORAL,800MG,IBUPROFEN,PLIVA INC AN INDIRECT WHOLLY OWNED SUB OF TEVA PHARMACEUTICALS USA INC,"Jun 18, 1987"
IBUPROFEN,TABLET,ORAL,800MG,IBUPROFEN,PUREPAC PHARMACEUTICAL CO,"Feb 1, 1988"
IBUPROFEN,TABLET,ORAL,800MG,IBUPROFEN,RISING PHARMA HOLDINGS INC,"Jan 14, 1988"
IBUPROFEN,TABLET,ORAL,800MG,IBUPROFEN,SANDOZ INC,"Dec 11, 1987"
IBUPROFEN,TABLET,ORAL,800MG,IBUPROFEN,STRIDES PHARMA INTERNATIONAL AG,"Jul 25, 1986"
IBUPROFEN,TABLET,ORAL,800MG,IBUPROFEN,SUN PHARMACEUTICAL INDUSTRIES INC,"Feb 18, 1987"
IBUPROFEN,TABLET,ORAL,800MG,IBUPROFEN,SUNSHINE LAKE PHARMA CO LTD,"Sep 10, 2018"
IBUPROFEN,TABLET,ORAL,800MG,IBUPROFEN,TEVA PHARMACEUTICALS USA INC,"Jun 30, 1992"
IBUPROFEN,TABLET,ORAL,800MG,IBUPROFEN,WATSON LABORATORIES INC,"Jul 2, 1987"
IBUPROFEN,TABLET,ORAL,800MG,IBUPROFEN,WATSON LABORATORIES INC,"Oct 13, 1987"
IBUPROFEN,TABLET,ORAL,200MG,IBUPROHM,OHM LABORATORIES INC,"Dec 1, 1986"
IBUPROFEN,TABLET,ORAL,400MG,IBUPROHM,OHM LABORATORIES INC.,"Aug 29, 1985"
IBUPROFEN,TABLET,ORAL,100MG,JUNIOR STRENGTH IBUPROFEN,L PERRIGO CO,"Apr 22, 1999"
IBUPROFEN,TABLET,ORAL,200MG,MEDIPREN,MCNEIL CONSUMER PRODUCTS CO DIV MCNEILAB INC,"Feb 6, 1986"
IBUPROFEN,TABLET,ORAL,200MG,MEDIPREN,MCNEIL CONSUMER PRODUCTS CO DIV MCNEILAB INC,"Jun 26, 1986"
IBUPROFEN,TABLET,ORAL,200MG,MIDOL,BAYER HEALTHCARE LLC,"Sep 2, 1987"
IBUPROFEN,TABLET,ORAL,200MG,MIDOL,BAYER HEALTHCARE LLC,"Sep 2, 1987"
IBUPROFEN,TABLET,ORAL,100MG,MOTRIN,MCNEIL PEDIATRICS,"Nov 16, 1994"
IBUPROFEN,TABLET,ORAL,300MG **Federal Register determination that product was not discontinued or withdrawn for safety or effectiveness reasons**,MOTRIN,MCNEIL CONSUMER HEALTHCARE DIV MCNEIL PPC INC,"Approved Prior to Jan 1, 1982"
IBUPROFEN,TABLET,ORAL,400MG **Federal Register determination that product was not discontinued or withdrawn for safety or effectiveness reasons**,MOTRIN,MCNEIL CONSUMER HEALTHCARE DIV MCNEIL PPC INC,"Approved Prior to Jan 1, 1982"
IBUPROFEN,TABLET,ORAL,600MG **Federal Register determination that product was not discontinued or withdrawn for safety or effectiveness reasons**,MOTRIN,MCNEIL CONSUMER HEALTHCARE DIV MCNEIL PPC INC,"Approved Prior to Jan 1, 1982"
IBUPROFEN,TABLET,ORAL,800MG **Federal Register determination that product was not discontinued or withdrawn for safety or effectiveness reasons**,MOTRIN,MCNEIL CONSUMER HEALTHCARE DIV MCNEIL PPC INC,"May 22, 1985"
IBUPROFEN,TABLET,ORAL,200MG,MOTRIN MIGRAINE PAIN,KENVUE BRANDS LLC,"Feb 25, 2000"
IBUPROFEN,TABLET,ORAL,200MG,NUPRIN,BRISTOL MYERS PRODUCTS INC,"Feb 16, 1988"
IBUPROFEN,TABLET,ORAL,200MG,NUPRIN,BRISTOL MYERS PRODUCTS INC,"Feb 16, 1988"
IBUPROFEN,TABLET,ORAL,200MG,NUPRIN,KENVUE BRANDS LLC,"May 18, 1984"
IBUPROFEN,TABLET,ORAL,200MG,NUPRIN,KENVUE BRANDS LLC,"Jul 29, 1987"
IBUPROFEN,TABLET,ORAL,600MG,RUFEN,BASF CORP,"Mar 5, 1984"
IBUPROFEN,TABLET,ORAL,200MG,TAB-PROFEN,L PERRIGO CO,"Dec 8, 1987"
IBUPROFEN,"TABLET, CHEWABLE",ORAL,50MG,CHILDREN'S MOTRIN,KENVUE BRANDS LLC,"Nov 15, 1996"
IBUPROFEN,"TABLET, CHEWABLE",ORAL,50MG,IBUPROFEN,L PERRIGO CO,"Jan 16, 2004"
IBUPROFEN,"TABLET, CHEWABLE",ORAL,100MG,JUNIOR STRENGTH MOTRIN,KENVUE BRANDS LLC,"Nov 15, 1996"
IBUPROFEN,"TABLET, CHEWABLE",ORAL,50MG,MOTRIN,MCNEIL PEDIATRICS,"Nov 16, 1994"
IBUPROFEN,"TABLET, CHEWABLE",ORAL,100MG,MOTRIN,MCNEIL PEDIATRICS,"Nov 16, 1994"
IBUPROFEN SODIUM,TABLET,ORAL,EQ 200MG BASE,IBUPROFEN SODIUM,PERRIGO R AND D CO,"Aug 3, 2015"
IBUPROFEN; OXYCODONE HYDROCHLORIDE,TABLET,ORAL,400MG; 5MG **Federal Register determination that product was not discontinued or withdrawn for safety or effectiveness reasons**,COMBUNOX,FOREST LABORATORIES INC,"Nov 26, 2004"
IBUPROFEN; OXYCODONE HYDROCHLORIDE,TABLET,ORAL,400MG; 5MG,OXYCODONE HYDROCHLORIDE AND IBUPROFEN,ACTAVIS ELIZABETH LLC,"Jan 4, 2008"
IBUPROFEN; OXYCODONE HYDROCHLORIDE,TABLET,ORAL,400MG; 5MG,OXYCODONE HYDROCHLORIDE AND IBUPROFEN,BARR LABORATORIES INC,"Nov 29, 2007"
IBUPROFEN; OXYCODONE HYDROCHLORIDE,TABLET,ORAL,400MG; 5MG,OXYCODONE HYDROCHLORIDE AND IBUPROFEN,WATSON LABORATORIES INC,"Nov 26, 2007"
IBUPROFEN; PSEUDOEPHEDRINE HYDROCHLORIDE,SUSPENSION,ORAL,100MG/5ML; 15MG/5ML,IBUPROFEN AND PSEUDOEPHEDRINE HYDROCHLORIDE,L PERRIGO CO,"Nov 5, 2003"
IBUPROFEN; PSEUDOEPHEDRINE HYDROCHLORIDE,TABLET,ORAL,200MG; 30MG,IBUPROFEN AND PSEUDOEPHEDRINE HYDROCHLORIDE,CONTRACT PHARMACAL CORP,"Apr 8, 2002"
ASPIRIN; BUTALBITAL; CAFFEINE,CAPSULE,ORAL,325MG; 50MG; 40MG,"BUTALBITAL, ASPIRIN AND CAFFEINE",MPP PHARMA LLC,"Jun 13, 2007"
ASPIRIN; BUTALBITAL; CAFFEINE,CAPSULE,ORAL,325MG; 50MG; 40MG,LANORINAL,SANDOZ INC,"Oct 11, 1985"
ASPIRIN; BUTALBITAL; CAFFEINE; CODEINE PHOSPHATE,CAPSULE,ORAL,325MG; 50MG; 40MG; 30MG,"BUTALBITAL, ASPIRIN, CAFFEINE, AND CODEINE PHOSPHATE",JEROME STEVENS PHARMACEUTICALS INC,"Aug 31, 1998"
ASPIRIN; BUTALBITAL; CAFFEINE; CODEINE PHOSPHATE,CAPSULE,ORAL,325MG; 50MG; 40MG; 30MG,"BUTALBITAL, ASPIRIN, CAFFEINE, AND CODEINE PHOSPHATE",LGM PHARMA SOLUTIONS LLC,"Nov 30, 2001"
ASPIRIN; CAFFEINE; ORPHENADRINE CITRATE,TABLET,ORAL,385MG; 30MG; 25MG,ORPHENGESIC,GALT PHARMACEUTICALS LLC,"May 29, 1998"
ASPIRIN; CAFFEINE; ORPHENADRINE CITRATE,TABLET,ORAL,770MG; 60MG; 50MG,ORPHENGESIC FORTE,GALT PHARMACEUTICALS LLC,"May 29, 1998"
ASPIRIN; DIPYRIDAMOLE,"CAPSULE, EXTENDED RELEASE",ORAL,25MG; 200MG,ASPIRIN AND DIPYRIDAMOLE,AMNEAL PHARMACEUTICALS OF NEW YORK LLC,"Mar 8, 2016"
ASPIRIN; DIPYRIDAMOLE,"CAPSULE, EXTENDED RELEASE",ORAL,25MG; 200MG,ASPIRIN AND DIPYRIDAMOLE,BARR LABORATORIES INC,"Aug 14, 2009"
ASPIRIN; DIPYRIDAMOLE,"CAPSULE, EXTENDED RELEASE",ORAL,25MG; 200MG,ASPIRIN AND DIPYRIDAMOLE,DR REDDYS LABORATORIES LTD,"Oct 10, 2018"
ASPIRIN; DIPYRIDAMOLE,"CAPSULE, EXTENDED RELEASE",ORAL,25MG; 200MG,ASPIRIN AND DIPYRIDAMOLE,GLENMARK SPECIALTY SA,"May 24, 2019"
ASPIRIN; DIPYRIDAMOLE,"CAPSULE, EXTENDED RELEASE",ORAL,25MG; 200MG,ASPIRIN AND DIPYRIDAMOLE,MICRO LABS LTD,"Aug 11, 2021"
ASPIRIN; DIPYRIDAMOLE,"CAPSULE, EXTENDED RELEASE",ORAL,25MG; 200MG,ASPIRIN AND DIPYRIDAMOLE,PH HEALTH LTD,"Jan 18, 2017"
ASPIRIN; DIPYRIDAMOLE,"CAPSULE, EXTENDED RELEASE",ORAL,25MG; 200MG,ASPIRIN AND DIPYRIDAMOLE,SANDOZ INC,"Jan 18, 2017"
ASPIRIN; DIPYRIDAMOLE,"CAPSULE, EXTENDED RELEASE",ORAL,25MG; 200MG,ASPIRIN AND DIPYRIDAMOLE,ZYDUS PHARMACEUTICALS USA INC,"Aug 29, 2017"
ASPIRIN; HYDROCODONE BITARTRATE,TABLET,ORAL,500MG; 5MG,HYDROCODONE BITARTRATE AND ASPIRIN,LGM PHARMA SOLUTIONS LLC,"May 28, 2021"
ASPIRIN; OXYCODONE HYDROCHLORIDE,TABLET,ORAL,325MG; 4.8355MG,OXYCODONE AND ASPIRIN,EPIC PHARMA LLC,"Jul 16, 2020"
ASPIRIN; OXYCODONE HYDROCHLORIDE,TABLET,ORAL,325MG; 4.8355MG,PERCODAN,ENDO OPERATIONS LTD,"Aug 5, 2005"
ACETAMINOPHEN; ASPIRIN; CAFFEINE,TABLET,ORAL,250MG; 250MG; 65MG,"ACETAMINOPHEN, ASPIRIN AND CAFFEINE",AUROBINDO PHARMA LTD,"Feb 2, 2022"
ACETAMINOPHEN; ASPIRIN; CAFFEINE,TABLET,ORAL,250MG; 250MG; 65MG,"ACETAMINOPHEN, ASPIRIN AND CAFFEINE",GRANULES INDIA LTD,"Feb 23, 2021"
ACETAMINOPHEN; ASPIRIN; CAFFEINE,TABLET,ORAL,250MG; 250MG; 65MG,"ACETAMINOPHEN, ASPIRIN AND CAFFEINE",L PERRIGO CO,"Nov 26, 2001"
ACETAMINOPHEN; ASPIRIN; CAFFEINE,TABLET,ORAL,250MG; 250MG; 65MG,EXCEDRIN (MIGRAINE RELIEF),HALEON US HOLDINGS LLC,"Jan 14, 1998"
ASPIRIN,CAPSULE,ORAL,81MG,VAZALORE,PLX PHARMA INC,"Feb 26, 2021"
ASPIRIN,CAPSULE,ORAL,325MG,VAZALORE,PLX PHARMA INC,"Jan 14, 2013"
ACETAMINOPHEN; ASPIRIN; CODEINE PHOSPHATE,CAPSULE,ORAL,150MG; 180MG; 15MG,"ACETAMINOPHEN, ASPIRIN, AND CODEINE PHOSPHATE",MIKART LLC,"Oct 26, 1990"
ACETAMINOPHEN; ASPIRIN; CODEINE PHOSPHATE,CAPSULE,ORAL,150MG; 180MG; 30MG,"ACETAMINOPHEN, ASPIRIN, AND CODEINE PHOSPHATE",MIKART LLC,"Oct 26, 1990"
ACETAMINOPHEN; ASPIRIN; CODEINE PHOSPHATE,CAPSULE,ORAL,150MG; 180MG; 60MG,"ACETAMINOPHEN, ASPIRIN, AND CODEINE PHOSPHATE",MIKART LLC,"Oct 26, 1990"
ACETAMINOPHEN; ASPIRIN; CODEINE PHOSPHATE,CAPSULE,ORAL,150MG; 180MG; 15MG,"CODEINE, ASPIRIN, APAP FORMULA NO. 2",SCHERER LABORATORIES INC,"Approved Prior to Jan 1, 1982"
ACETAMINOPHEN; ASPIRIN; CODEINE PHOSPHATE,CAPSULE,ORAL,150MG; 180MG; 30MG,"CODEINE, ASPIRIN, APAP FORMULA NO. 3",SCHERER LABORATORIES INC,"Approved Prior to Jan 1, 1982"
ACETAMINOPHEN; ASPIRIN; CODEINE PHOSPHATE,CAPSULE,ORAL,150MG; 180MG; 60MG,"CODEINE, ASPIRIN, APAP FORMULA NO. 4",SCHERER LABORATORIES INC,"Approved Prior to Jan 1, 1982"
ASPIRIN,"CAPSULE, EXTENDED RELEASE",ORAL,162.5MG,DURLAZA,HESP LLC,"Sep 4, 2015"
ASPIRIN,TABLET,ORAL,500MG,BAYER EXTRA STRENGTH ASPIRIN FOR MIGRAINE PAIN,BAYER HEALTHCARE LLC,"Oct 18, 2001"
ASPIRIN,"TABLET, EXTENDED RELEASE",ORAL,650MG,8-HOUR BAYER,BAYER HEALTHCARE LLC,"Approved Prior to Jan 1, 1982"
ASPIRIN,"TABLET, EXTENDED RELEASE",ORAL,650MG,MEASURIN,BAYER HEALTHCARE LLC,"Approved Prior to Jan 1, 1982"
ASPIRIN; BUTALBITAL,TABLET,ORAL,650MG; 50MG,AXOTAL,SAVAGE LABORATORIES INC DIV ALTANA INC,"Oct 13, 1983"
ASPIRIN; BUTALBITAL; CAFFEINE,CAPSULE,ORAL,325MG; 50MG; 40MG,"BUTALBITAL, ASPIRIN AND CAFFEINE",WATSON LABORATORIES INC,"Feb 12, 1985"
ASPIRIN; BUTALBITAL; CAFFEINE,CAPSULE,ORAL,500MG; 50MG; 40MG,"BUTALBITAL, ASPIRIN AND CAFFEINE",LGM PHARMA SOLUTIONS LLC,"Oct 18, 2021"
ASPIRIN; BUTALBITAL; CAFFEINE,CAPSULE,ORAL,325MG; 50MG; 40MG **Federal Register determination that product was not discontinued or withdrawn for safety or effectiveness reasons**,FIORINAL,ALLERGAN SALES LLC,"Apr 16, 1986"
ASPIRIN; BUTALBITAL; CAFFEINE,TABLET,ORAL,325MG; 50MG; 40MG,"BUTALBITAL, ASPIRIN AND CAFFEINE",ACTAVIS ELIZABETH LLC,"Aug 23, 1983"
ASPIRIN; BUTALBITAL; CAFFEINE,TABLET,ORAL,325MG; 50MG; 40MG,"BUTALBITAL, ASPIRIN AND CAFFEINE",FOSUN PHARMA USA INC,"Apr 6, 1984"
ASPIRIN; BUTALBITAL; CAFFEINE,TABLET,ORAL,325MG; 50MG; 40MG,"BUTALBITAL, ASPIRIN AND CAFFEINE",HALSEY DRUG CO INC,"Dec 1, 1986"
ASPIRIN; BUTALBITAL; CAFFEINE,TABLET,ORAL,325MG; 50MG; 40MG **Federal Register determination that product was not discontinued or withdrawn for safety or effectiveness reasons**,"BUTALBITAL, ASPIRIN AND CAFFEINE",HIKMA INTERNATIONAL PHARMACEUTICALS LLC,"Feb 16, 1984"
ASPIRIN; BUTALBITAL; CAFFEINE,TABLET,ORAL,325MG; 50MG; 40MG,"BUTALBITAL, ASPIRIN AND CAFFEINE",IVAX PHARMACEUTICALS INC,"Oct 31, 1984"
ASPIRIN; BUTALBITAL; CAFFEINE,TABLET,ORAL,325MG; 50MG; 40MG,"BUTALBITAL, ASPIRIN AND CAFFEINE",PURACAP PHARMACEUTICAL LLC,"Dec 9, 1983"
ASPIRIN; BUTALBITAL; CAFFEINE,TABLET,ORAL,325MG; 50MG; 40MG,"BUTALBITAL, ASPIRIN AND CAFFEINE",QUANTUM PHARMICS LTD,"Jun 18, 1985"
ASPIRIN; BUTALBITAL; CAFFEINE,TABLET,ORAL,325MG; 50MG; 40MG,"BUTALBITAL, ASPIRIN AND CAFFEINE",STRIDES PHARMA GLOBAL PTE LTD,"Sep 22, 2016"
ASPIRIN; BUTALBITAL; CAFFEINE,TABLET,ORAL,325MG; 50MG; 40MG,"BUTALBITAL, ASPIRIN AND CAFFEINE",WATSON LABORATORIES INC,"Mar 23, 1984"
ASPIRIN; BUTALBITAL; CAFFEINE,TABLET,ORAL,325MG; 50MG; 40MG **Federal Register determination that product was not discontinued or withdrawn for safety or effectiveness reasons**,FIORINAL,ALLERGAN SALES LLC,"Apr 16, 1986"
ASPIRIN; BUTALBITAL; CAFFEINE,TABLET,ORAL,325MG; 50MG; 40MG,LANORINAL,LANNETT CO INC,"Oct 18, 1985"
ASPIRIN; BUTALBITAL; CAFFEINE; CODEINE PHOSPHATE,CAPSULE,ORAL,325MG; 50MG; 40MG; 30MG,"BUTALBITAL, ASPIRIN, CAFFEINE, AND CODEINE PHOSPHATE",DR REDDYS LABORATORIES SA,"Oct 30, 2015"
ASPIRIN; BUTALBITAL; CAFFEINE; CODEINE PHOSPHATE,CAPSULE,ORAL,325MG; 50MG; 40MG; 30MG,"BUTALBITAL, ASPIRIN, CAFFEINE, AND CODEINE PHOSPHATE",NOVITIUM PHARMA LLC,"Mar 5, 1999"
ASPIRIN; BUTALBITAL; CAFFEINE; CODEINE PHOSPHATE,CAPSULE,ORAL,325MG; 50MG; 40MG; 30MG,"BUTALBITAL, ASPIRIN, CAFFEINE, AND CODEINE PHOSPHATE",WATSON LABORATORIES INC,"Aug 31, 1995"
ASPIRIN; BUTALBITAL; CAFFEINE; CODEINE PHOSPHATE,CAPSULE,ORAL,325MG; 50MG; 40MG; 30MG **Federal Register determination that product was not discontinued or withdrawn for safety or effectiveness reasons**,FIORINAL W/CODEINE,ALLERGAN SALES LLC,"Oct 26, 1990"
ASPIRIN; CAFFEINE; DIHYDROCODEINE BITARTRATE,CAPSULE,ORAL,356.4MG; 30MG; 16MG,SYNALGOS-DC,SUN PHARMACEUTICAL INDUSTRIES INC,"Sep 6, 1983"
ASPIRIN; CAFFEINE; ORPHENADRINE CITRATE,TABLET,ORAL,385MG; 30MG; 25MG,INVAGESIC,CHARTWELL RX SCIENCES LLC,"Nov 27, 1996"
ASPIRIN; CAFFEINE; ORPHENADRINE CITRATE,TABLET,ORAL,770MG; 60MG; 50MG,INVAGESIC FORTE,CHARTWELL RX SCIENCES LLC,"Nov 27, 1996"
ASPIRIN; CAFFEINE; ORPHENADRINE CITRATE,TABLET,ORAL,385MG; 30MG; 25MG **Federal Register determination that product was not discontinued or withdrawn for safety or effectiveness reasons**,NORGESIC,BAUSCH HEALTH US LLC,"Oct 27, 1982"
ASPIRIN; CAFFEINE; ORPHENADRINE CITRATE,TABLET,ORAL,770MG; 60MG; 50MG **Federal Register determination that product was not discontinued or withdrawn for safety or effectiveness reasons**,NORGESIC FORTE,BAUSCH HEALTH US LLC,"Oct 27, 1982"
ASPIRIN; CAFFEINE; ORPHENADRINE CITRATE,TABLET,ORAL,385MG; 30MG; 25MG,"ORPHENADRINE CITRATE, ASPIRIN, AND CAFFEINE",JEROME STEVENS PHARMACEUTICALS INC,"Apr 30, 1999"
ASPIRIN; CAFFEINE; ORPHENADRINE CITRATE,TABLET,ORAL,385MG; 30MG; 25MG,"ORPHENADRINE CITRATE, ASPIRIN, AND CAFFEINE",SANDOZ INC,"Dec 31, 1996"
ASPIRIN; CAFFEINE; ORPHENADRINE CITRATE,TABLET,ORAL,770MG; 60MG; 50MG,"ORPHENADRINE CITRATE, ASPIRIN, AND CAFFEINE",JEROME STEVENS PHARMACEUTICALS INC,"Apr 30, 1999"
ASPIRIN; CAFFEINE; ORPHENADRINE CITRATE,TABLET,ORAL,770MG; 60MG; 50MG,"ORPHENADRINE CITRATE, ASPIRIN, AND CAFFEINE",SANDOZ INC,"Dec 31, 1996"
ASPIRIN; CAFFEINE; PROPOXYPHENE HYDROCHLORIDE,CAPSULE,ORAL,389MG; 32.4MG; 65MG,COMPOUND 65,ALRA LABORATORIES INC,"Aug 17, 1983"
ASPIRIN; CAFFEINE; PROPOXYPHENE HYDROCHLORIDE,CAPSULE,ORAL,389MG; 32.4MG; 32MG,DARVON COMPOUND,XANODYNE PHARMACEUTICS INC,"Mar 8, 1983"
ASPIRIN; CAFFEINE; PROPOXYPHENE HYDROCHLORIDE,CAPSULE,ORAL,389MG; 32.4MG; 65MG,DARVON COMPOUND-65,XANODYNE PHARMACEUTICS INC,"Mar 8, 1983"
ASPIRIN; CAFFEINE; PROPOXYPHENE HYDROCHLORIDE,CAPSULE,ORAL,389MG; 32.4MG; 65MG,PROPOXYPHENE COMPOUND 65,IVAX PHARMACEUTICALS INC SUB TEVA PHARMACEUTICALS USA,"Dec 7, 1984"
ASPIRIN; CAFFEINE; PROPOXYPHENE HYDROCHLORIDE,CAPSULE,ORAL,389MG; 32.4MG; 65MG,PROPOXYPHENE COMPOUND 65,SANDOZ INC,"Sep 16, 1983"
ASPIRIN; CAFFEINE; PROPOXYPHENE HYDROCHLORIDE,CAPSULE,ORAL,389MG; 32.4MG; 65MG,PROPOXYPHENE COMPOUND 65,TEVA PHARMACEUTICALS USA INC,"Mar 29, 1985"
ASPIRIN; CAFFEINE; PROPOXYPHENE HYDROCHLORIDE,CAPSULE,ORAL,389MG; 32.4MG; 65MG,PROPOXYPHENE COMPOUND-65,SANDOZ INC,"Jun 24, 1985"
ASPIRIN; CAFFEINE; PROPOXYPHENE HYDROCHLORIDE,CAPSULE,ORAL,389MG; 32.4MG; 65MG,PROPOXYPHENE HYDROCHLORIDE W/ ASPIRIN AND CAFFEINE,WATSON LABORATORIES INC,"Sep 3, 1984"
ASPIRIN; CARISOPRODOL,TABLET,ORAL,325MG; 200MG,CARISOPRODOL AND ASPIRIN,CHARTWELL RX SCIENCES LLC,"Mar 31, 1989"
ASPIRIN; CARISOPRODOL,TABLET,ORAL,325MG; 200MG,CARISOPRODOL AND ASPIRIN,GENUS LIFESCIENCES INC,"Apr 25, 1996"
ASPIRIN; CARISOPRODOL,TABLET,ORAL,325MG; 200MG,CARISOPRODOL AND ASPIRIN,NOVAST LABORATORIES LTD,"Jan 7, 2010"
ASPIRIN; CARISOPRODOL,TABLET,ORAL,325MG; 200MG,CARISOPRODOL AND ASPIRIN,OXFORD PHARMACEUTICALS LLC,"Dec 10, 1997"
ASPIRIN; CARISOPRODOL,TABLET,ORAL,325MG; 200MG,CARISOPRODOL COMPOUND,WATSON LABORATORIES INC,"Oct 3, 1985"
ASPIRIN; CARISOPRODOL,TABLET,ORAL,325MG; 200MG **Federal Register determination that product was not discontinued or withdrawn for safety or effectiveness reasons**,SOMA COMPOUND,MEDA PHARMACEUTICALS MEDA PHARMACEUTICALS INC,"Jul 11, 1983"
ASPIRIN; CARISOPRODOL; CODEINE PHOSPHATE,TABLET,ORAL,325MG; 200MG; 16MG,"CARISOPRODOL, ASPIRIN AND CODEINE PHOSPHATE",INGENUS PHARMACEUTICALS NJ LLC,"Jan 7, 2010"
ASPIRIN; CARISOPRODOL; CODEINE PHOSPHATE,TABLET,ORAL,325MG; 200MG; 16MG,"CARISOPRODOL, ASPIRIN AND CODEINE PHOSPHATE",OXFORD PHARMACEUTICALS LLC,"Dec 29, 1998"
ASPIRIN; CARISOPRODOL; CODEINE PHOSPHATE,TABLET,ORAL,325MG; 200MG; 16MG,"CARISOPRODOL, ASPIRIN AND CODEINE PHOSPHATE",SANDOZ INC,"Apr 16, 1996"
ASPIRIN; CARISOPRODOL; CODEINE PHOSPHATE,TABLET,ORAL,325MG; 200MG; 16MG **Federal Register determination that product was not discontinued or withdrawn for safety or effectiveness reasons**,SOMA COMPOUND W/ CODEINE,MEDA PHARMACEUTICALS MEDA PHARMACEUTICALS INC,"Jul 11, 1983"
ASPIRIN; DIPYRIDAMOLE,"CAPSULE, EXTENDED RELEASE",ORAL,25MG; 200MG **Federal Register determination that product was not discontinued or withdrawn for safety or effectiveness reasons**,AGGRENOX,BOEHRINGER INGELHEIM PHARMACEUTICALS INC,"Nov 22, 1999"
ASPIRIN; DIPYRIDAMOLE,"CAPSULE, EXTENDED RELEASE",ORAL,25MG; 200MG,ASPIRIN AND DIPYRIDAMOLE,ANI PHARMACEUTICALS INC,"Jan 18, 2017"
ASPIRIN; DIPYRIDAMOLE,"CAPSULE, EXTENDED RELEASE",ORAL,25MG; 200MG,ASPIRIN AND DIPYRIDAMOLE,CHARTWELL MOLECULAR HOLDINGS LLC,"Mar 20, 2019"
ASPIRIN; DIPYRIDAMOLE,"CAPSULE, EXTENDED RELEASE",ORAL,25MG; 200MG,ASPIRIN AND DIPYRIDAMOLE,SUN PHARMACEUTICAL INDUSTRIES LTD,"Aug 21, 2018"
ASPIRIN; HYDROCODONE BITARTRATE,TABLET,ORAL,500MG; 5MG **Federal Register determination that product was not discontinued or withdrawn for safety or effectiveness reasons**,AZDONE,SCHWARZ PHARMA INC,"Jan 25, 1988"
ASPIRIN; HYDROCODONE BITARTRATE,TABLET,ORAL,500MG; 5MG,VICOPRIN,ABBOTT LABORATORIES PHARMACEUTICAL PRODUCTS DIV,"Sep 14, 1983"
ASPIRIN; MEPROBAMATE,TABLET,ORAL,325MG; 200MG,EQUAGESIC,SUN PHARMACEUTICAL INDUSTRIES INC,"Dec 29, 1983"
ASPIRIN; MEPROBAMATE,TABLET,ORAL,325MG; 200MG,MEPRO-ASPIRIN,SANDOZ INC,"Mar 2, 1987"
ASPIRIN; MEPROBAMATE,TABLET,ORAL,325MG; 200MG,MEPROBAMATE AND ASPIRIN,PAR PHARMACEUTICAL INC,"Aug 19, 1986"
ASPIRIN; MEPROBAMATE,TABLET,ORAL,325MG; 200MG,MICRAININ,MEDPOINTE PHARMACEUTICALS MEDPOINTE HEALTHCARE INC,"Approved Prior to Jan 1, 1982"
ASPIRIN; MEPROBAMATE,TABLET,ORAL,325MG; 200MG,Q-GESIC,QUANTUM PHARMICS LTD,"Jun 1, 1984"
ASPIRIN; METHOCARBAMOL,TABLET,ORAL,325MG; 400MG,METHOCARBAMOL AND ASPIRIN,IVAX PHARMACEUTICALS INC SUB TEVA PHARMACEUTICALS USA,"Dec 22, 1982"
ASPIRIN; METHOCARBAMOL,TABLET,ORAL,325MG; 400MG,METHOCARBAMOL AND ASPIRIN,JEROME STEVENS PHARMACEUTICALS INC,"Jan 31, 1995"
ASPIRIN; METHOCARBAMOL,TABLET,ORAL,325MG; 400MG,METHOCARBAMOL AND ASPIRIN,MCNEIL CONSUMER PRODUCTS CO DIV MCNEILAB INC,"Feb 12, 1986"
ASPIRIN; METHOCARBAMOL,TABLET,ORAL,325MG; 400MG,METHOCARBAMOL AND ASPIRIN,PAR PHARMACEUTICAL INC,"Nov 4, 1988"
ASPIRIN; METHOCARBAMOL,TABLET,ORAL,325MG; 400MG,ROBAXISAL,AH ROBINS CO,"Approved Prior to Jan 1, 1982"
ASPIRIN; OMEPRAZOLE,"TABLET, DELAYED RELEASE",ORAL,81MG; 40MG,YOSPRALA,GENUS LIFE SCIENCES INC,"Sep 14, 2016"
ASPIRIN; OMEPRAZOLE,"TABLET, DELAYED RELEASE",ORAL,325MG; 40MG,YOSPRALA,GENUS LIFE SCIENCES INC,"Sep 14, 2016"
ASPIRIN; OXYCODONE HYDROCHLORIDE,TABLET,ORAL,325MG; 4.8355MG,OXYCODONE AND ASPIRIN,ACTAVIS LABORATORIES FL INC,"Mar 22, 2011"
ASPIRIN; OXYCODONE HYDROCHLORIDE,TABLET,ORAL,325MG; 4.8355MG,OXYCODONE AND ASPIRIN,DR REDDYS LABORATORIES SA,"Mar 16, 2011"
ASPIRIN; OXYCODONE HYDROCHLORIDE; OXYCODONE TEREPHTHALATE,TABLET,ORAL,325MG; 4.5MG; 0.38MG,CODOXY,HALSEY DRUG CO INC,"Jul 1, 1982"
ASPIRIN; OXYCODONE HYDROCHLORIDE; OXYCODONE TEREPHTHALATE,TABLET,ORAL,325MG; 4.5MG; 0.38MG,OXYCODONE AND ASPIRIN,ANI PHARMACEUTICALS INC,"Feb 27, 1998"
ASPIRIN; OXYCODONE HYDROCHLORIDE; OXYCODONE TEREPHTHALATE,TABLET,ORAL,325MG; 4.5MG; 0.38MG,OXYCODONE AND ASPIRIN,SUN PHARMACEUTICAL INDUSTRIES INC,"Jul 17, 1998"
ASPIRIN; OXYCODONE HYDROCHLORIDE; OXYCODONE TEREPHTHALATE,TABLET,ORAL,325MG; 4.5MG; 0.38MG,OXYCODONE AND ASPIRIN,SUN PHARMACEUTICAL INDUSTRIES INC,"May 26, 1982"
ASPIRIN; OXYCODONE HYDROCHLORIDE; OXYCODONE TEREPHTHALATE,TABLET,ORAL,325MG; 2.25MG; 0.19MG,OXYCODONE AND ASPIRIN (HALF-STRENGTH),ROXANE LABORATORIES INC,"Jun 4, 1982"
ASPIRIN; OXYCODONE HYDROCHLORIDE; OXYCODONE TEREPHTHALATE,TABLET,ORAL,325MG; 4.5MG; 0.38MG **Federal Register determination that product was not discontinued or withdrawn for safety or effectiveness reasons**,PERCODAN,ENDO OPERATIONS LTD,"Approved Prior to Jan 1, 1982"
ASPIRIN; OXYCODONE HYDROCHLORIDE; OXYCODONE TEREPHTHALATE,TABLET,ORAL,325MG; 2.25MG; 0.19MG **Federal Register determination that product was not discontinued or withdrawn for safety or effectiveness reasons**,PERCODAN-DEMI,ENDO OPERATIONS LTD,"Approved Prior to Jan 1, 1982"
ASPIRIN; OXYCODONE HYDROCHLORIDE; OXYCODONE TEREPHTHALATE,TABLET,ORAL,325MG; 4.5MG; 0.38MG,ROXIPRIN,ROXANE LABORATORIES INC,"Jun 4, 1982"
ASPIRIN; PENTAZOCINE HYDROCHLORIDE,TABLET,ORAL,325MG; EQ 12.5MG BASE **Federal Register determination that product was not discontinued or withdrawn for safety or effectiveness reasons**,TALWIN COMPOUND,SANOFI AVENTIS US LLC,"Approved Prior to Jan 1, 1982"
ASPIRIN; PRAVASTATIN SODIUM,TABLET,ORAL,81MG; 20MG,PRAVIGARD PAC (COPACKAGED),BRISTOL MYERS SQUIBB CO,"Jun 24, 2003"
ASPIRIN; PRAVASTATIN SODIUM,TABLET,ORAL,81MG; 40MG,PRAVIGARD PAC (COPACKAGED),BRISTOL MYERS SQUIBB CO,"Jun 24, 2003"
ASPIRIN; PRAVASTATIN SODIUM,TABLET,ORAL,81MG; 80MG,PRAVIGARD PAC (COPACKAGED),BRISTOL MYERS SQUIBB CO,"Jun 24, 2003"
ASPIRIN; PRAVASTATIN SODIUM,TABLET,ORAL,325MG; 20MG,PRAVIGARD PAC (COPACKAGED),BRISTOL MYERS SQUIBB CO,"Jun 24, 2003"
ASPIRIN; PRAVASTATIN SODIUM,TABLET,ORAL,325MG; 40MG,PRAVIGARD PAC (COPACKAGED),BRISTOL MYERS SQUIBB CO,"Jun 24, 2003"
ASPIRIN; PRAVASTATIN SODIUM,TABLET,ORAL,325MG; 80MG,PRAVIGARD PAC (COPACKAGED),BRISTOL MYERS SQUIBB CO,"Jun 24, 2003"
ASPIRIN; PROPOXYPHENE HYDROCHLORIDE,CAPSULE,ORAL,325MG; 65MG,DARVON W/ ASA,XANODYNE PHARMACEUTICS INC,"Approved Prior to Jan 1, 1982"
ASPIRIN; PROPOXYPHENE NAPSYLATE,CAPSULE,ORAL,325MG; 100MG,DARVON-N W/ ASA,AAIPHARMA LLC,"Approved Prior to Jan 1, 1982"
ASPIRIN; PROPOXYPHENE NAPSYLATE,TABLET,ORAL,325MG; 100MG,DARVON-N W/ ASA,AAIPHARMA LLC,"Approved Prior to Jan 1, 1982"
ESOMEPRAZOLE MAGNESIUM; NAPROXEN,"TABLET, DELAYED RELEASE",ORAL,EQ 20MG BASE; 375MG,NAPROXEN AND ESOMEPRAZOLE MAGNESIUM,AJANTA PHARMA LTD,"Oct 6, 2022"
ESOMEPRAZOLE MAGNESIUM; NAPROXEN,"TABLET, DELAYED RELEASE",ORAL,EQ 20MG BASE; 375MG,NAPROXEN AND ESOMEPRAZOLE MAGNESIUM,DR REDDYS LABORATORIES LTD,"Feb 18, 2020"
ESOMEPRAZOLE MAGNESIUM; NAPROXEN,"TABLET, DELAYED RELEASE",ORAL,EQ 20MG BASE; 375MG,NAPROXEN AND ESOMEPRAZOLE MAGNESIUM,SCIEGEN PHARMACEUTICALS INC,"Oct 11, 2023"
ESOMEPRAZOLE MAGNESIUM; NAPROXEN,"TABLET, DELAYED RELEASE",ORAL,EQ 20MG BASE; 500MG,NAPROXEN AND ESOMEPRAZOLE MAGNESIUM,AJANTA PHARMA LTD,"Oct 6, 2022"
ESOMEPRAZOLE MAGNESIUM; NAPROXEN,"TABLET, DELAYED RELEASE",ORAL,EQ 20MG BASE; 500MG,NAPROXEN AND ESOMEPRAZOLE MAGNESIUM,DR REDDYS LABORATORIES LTD,"Feb 18, 2020"
ESOMEPRAZOLE MAGNESIUM; NAPROXEN,"TABLET, DELAYED RELEASE",ORAL,EQ 20MG BASE; 500MG,NAPROXEN AND ESOMEPRAZOLE MAGNESIUM,SCIEGEN PHARMACEUTICALS INC,"Oct 11, 2023"
NAPROXEN,SUSPENSION,ORAL,25MG/ML,NAPROSYN,ATNAHS PHARMA US LTD,"Mar 23, 1987"
NAPROXEN,SUSPENSION,ORAL,25MG/ML,NAPROXEN,AMNEAL PHARMACEUTICALS LLC,"Jul 31, 2020"
NAPROXEN,SUSPENSION,ORAL,25MG/ML,NAPROXEN,AUROBINDO PHARMA LTD,"Oct 3, 2025"
NAPROXEN,SUSPENSION,ORAL,25MG/ML,NAPROXEN,HETERO LABS LTD UNIT III,"Jun 7, 2022"
NAPROXEN,SUSPENSION,ORAL,25MG/ML,NAPROXEN,HIKMA PHARMACEUTICALS USA INC,"Mar 30, 1994"
NAPROXEN,SUSPENSION,ORAL,25MG/ML,NAPROXEN,NOVITIUM PHARMA LLC,"Mar 10, 2021"
NAPROXEN,TABLET,ORAL,500MG,NAPROSYN,ATNAHS PHARMA US LTD,"Apr 15, 1982"
NAPROXEN,TABLET,ORAL,250MG,NAPROXEN,ADAPTIS PHARMA PRIVATE LTD,"Feb 14, 2011"
NAPROXEN,TABLET,ORAL,250MG,NAPROXEN,AMNEAL PHARMACEUTICALS NY LLC,"Dec 18, 2001"
NAPROXEN,TABLET,ORAL,250MG,NAPROXEN,AUROBINDO PHARMA LTD,"Nov 8, 2011"
NAPROXEN,TABLET,ORAL,250MG,NAPROXEN,GLENMARK PHARMACEUTICALS LTD,"Mar 28, 2007"
NAPROXEN,TABLET,ORAL,250MG,NAPROXEN,GRANULES INDIA LTD,"Dec 21, 1993"
NAPROXEN,TABLET,ORAL,250MG,NAPROXEN,SCIEGEN PHARMACEUTICALS INC,"Feb 21, 2020"
NAPROXEN,TABLET,ORAL,250MG,NAPROXEN,TEVA PHARMACEUTICALS USA INC,"Dec 21, 1993"
NAPROXEN,TABLET,ORAL,250MG,NAPROXEN,ZYDUS PHARMACEUTICALS USA INC,"Jun 7, 2007"
NAPROXEN,TABLET,ORAL,375MG,NAPROXEN,ADAPTIS PHARMA PRIVATE LTD,"Feb 14, 2011"
NAPROXEN,TABLET,ORAL,375MG,NAPROXEN,AMNEAL PHARMACEUTICALS NY LLC,"Dec 18, 2001"
NAPROXEN,TABLET,ORAL,375MG,NAPROXEN,AUROBINDO PHARMA LTD,"Nov 8, 2011"
NAPROXEN,TABLET,ORAL,375MG,NAPROXEN,GLENMARK PHARMACEUTICALS LTD,"Mar 28, 2007"
NAPROXEN,TABLET,ORAL,375MG,NAPROXEN,GRANULES INDIA LTD,"Dec 21, 1993"
NAPROXEN,TABLET,ORAL,375MG,NAPROXEN,SCIEGEN PHARMACEUTICALS INC,"Feb 21, 2020"
NAPROXEN,TABLET,ORAL,375MG,NAPROXEN,TEVA PHARMACEUTICALS USA INC,"Dec 21, 1993"
NAPROXEN,TABLET,ORAL,375MG,NAPROXEN,ZYDUS PHARMACEUTICALS USA INC,"Jun 7, 2007"
NAPROXEN,TABLET,ORAL,500MG,NAPROXEN,ADAPTIS PHARMA PRIVATE LTD,"Feb 14, 2011"
NAPROXEN,TABLET,ORAL,500MG,NAPROXEN,AMNEAL PHARMACEUTICALS NY LLC,"Dec 18, 2001"
NAPROXEN,TABLET,ORAL,500MG,NAPROXEN,AUROBINDO PHARMA LTD,"Nov 8, 2011"
NAPROXEN,TABLET,ORAL,500MG,NAPROXEN,GLENMARK PHARMACEUTICALS LTD,"Mar 28, 2007"
NAPROXEN,TABLET,ORAL,500MG,NAPROXEN,GRANULES INDIA LTD,"Dec 21, 1993"
NAPROXEN,TABLET,ORAL,500MG,NAPROXEN,SCIEGEN PHARMACEUTICALS INC,"Feb 21, 2020"
NAPROXEN,TABLET,ORAL,500MG,NAPROXEN,TEVA PHARMACEUTICALS USA INC,"Dec 21, 1993"
NAPROXEN,TABLET,ORAL,500MG,NAPROXEN,ZYDUS PHARMACEUTICALS USA INC,"Jun 7, 2007"
NAPROXEN,"TABLET, DELAYED RELEASE",ORAL,375MG,EC-NAPROSYN,ATNAHS PHARMA US LTD,"Oct 14, 1994"
NAPROXEN,"TABLET, DELAYED RELEASE",ORAL,500MG,EC-NAPROSYN,ATNAHS PHARMA US LTD,"Oct 14, 1994"
NAPROXEN,"TABLET, DELAYED RELEASE",ORAL,375MG,NAPROXEN,AUROBINDO PHARMA USA INC,"Apr 19, 2001"
NAPROXEN,"TABLET, DELAYED RELEASE",ORAL,375MG,NAPROXEN,NOVITIUM PHARMA LLC,"Jun 12, 2024"
NAPROXEN,"TABLET, DELAYED RELEASE",ORAL,375MG,NAPROXEN,NUVO PHAMACEUTICALS INC,"Sep 19, 2011"
NAPROXEN,"TABLET, DELAYED RELEASE",ORAL,375MG,NAPROXEN,TEVA PHARMACEUTICALS USA INC,"Jun 30, 1998"
NAPROXEN,"TABLET, DELAYED RELEASE",ORAL,375MG,NAPROXEN,TP ANDA HOLDINGS LLC,"May 31, 2023"
NAPROXEN,"TABLET, DELAYED RELEASE",ORAL,500MG,NAPROXEN,AUROBINDO PHARMA USA INC,"Apr 19, 2001"
NAPROXEN,"TABLET, DELAYED RELEASE",ORAL,500MG,NAPROXEN,NOVITIUM PHARMA LLC,"Jun 12, 2024"
NAPROXEN,"TABLET, DELAYED RELEASE",ORAL,500MG,NAPROXEN,NUVO PHAMACEUTICALS INC,"Sep 19, 2011"
NAPROXEN,"TABLET, DELAYED RELEASE",ORAL,500MG,NAPROXEN,TEVA PHARMACEUTICALS USA INC,"Jun 30, 1998"
NAPROXEN,"TABLET, DELAYED RELEASE",ORAL,500MG,NAPROXEN,TP ANDA HOLDINGS LLC,"May 31, 2023"
NAPROXEN SODIUM,TABLET,ORAL,EQ 500MG BASE,ANAPROX DS,ATNAHS PHARMA US LTD,"Sep 30, 1987"
NAPROXEN SODIUM,TABLET,ORAL,EQ 250MG BASE,NAPROXEN SODIUM,AUROBINDO PHARMA LTD,"Oct 31, 2011"
NAPROXEN SODIUM,TABLET,ORAL,EQ 250MG BASE,NAPROXEN SODIUM,DR REDDYS LABORATORIES LTD,"Jul 26, 2007"
NAPROXEN SODIUM,TABLET,ORAL,EQ 250MG BASE,NAPROXEN SODIUM,GLENMARK PHARMACEUTICALS LTD,"Apr 27, 2007"
NAPROXEN SODIUM,TABLET,ORAL,EQ 250MG BASE,NAPROXEN SODIUM,SCIEGEN PHARMACEUTICALS INC,"Oct 30, 2019"
NAPROXEN SODIUM,TABLET,ORAL,EQ 500MG BASE,NAPROXEN SODIUM,AUROBINDO PHARMA LTD,"Oct 31, 2011"
NAPROXEN SODIUM,TABLET,ORAL,EQ 500MG BASE,NAPROXEN SODIUM,DR REDDYS LABORATORIES LTD,"Jul 26, 2007"
NAPROXEN SODIUM,TABLET,ORAL,EQ 500MG BASE,NAPROXEN SODIUM,GLENMARK PHARMACEUTICALS LTD,"Apr 27, 2007"
NAPROXEN SODIUM,TABLET,ORAL,EQ 500MG BASE,NAPROXEN SODIUM,SCIEGEN PHARMACEUTICALS INC,"Oct 30, 2019"
NAPROXEN SODIUM,"TABLET, EXTENDED RELEASE",ORAL,EQ 375MG BASE,NAPRELAN,TWI PHARMACEUTICALS INC,"Jan 5, 1996"
NAPROXEN SODIUM,"TABLET, EXTENDED RELEASE",ORAL,EQ 500MG BASE,NAPRELAN,TWI PHARMACEUTICALS INC,"Jan 5, 1996"
NAPROXEN SODIUM,"TABLET, EXTENDED RELEASE",ORAL,EQ 750MG BASE,NAPRELAN,TWI PHARMACEUTICALS INC,"Jan 5, 1996"
NAPROXEN SODIUM,"TABLET, EXTENDED RELEASE",ORAL,EQ 375MG BASE,NAPROXEN SODIUM,ACTAVIS LABORATORIES FL INC,"Apr 23, 2003"
NAPROXEN SODIUM,"TABLET, EXTENDED RELEASE",ORAL,EQ 500MG BASE,NAPROXEN SODIUM,ACTAVIS LABORATORIES FL INC,"Aug 27, 2002"
NAPROXEN SODIUM,"TABLET, EXTENDED RELEASE",ORAL,EQ 750MG BASE,NAPROXEN SODIUM,ACTAVIS LABORATORIES FL INC,"Aug 11, 2016"
NAPROXEN SODIUM; SUMATRIPTAN SUCCINATE,TABLET,ORAL,500MG; EQ 85MG BASE,SUMATRIPTAN AND NAPROXEN SODIUM,AUROBINDO PHARMA LTD,"Feb 15, 2018"
NAPROXEN SODIUM; SUMATRIPTAN SUCCINATE,TABLET,ORAL,500MG; EQ 85MG BASE,SUMATRIPTAN AND NAPROXEN SODIUM,RISING PHARMA HOLDINGS INC,"Sep 4, 2018"
NAPROXEN SODIUM; SUMATRIPTAN SUCCINATE,TABLET,ORAL,500MG; EQ 85MG BASE,SUMATRIPTAN AND NAPROXEN SODIUM,SUN PHARMACEUTICAL INDUSTRIES LTD,"Jul 20, 2018"
NAPROXEN SODIUM; SUMATRIPTAN SUCCINATE,TABLET,ORAL,500MG; EQ 85MG BASE,TREXIMET,CURRAX PHARMACEUTICALS LLC,"Apr 15, 2008"
DEXTROMETHORPHAN HYDROBROMIDE; GUAIFENESIN; NAPROXEN SODIUM,"TABLET, EXTENDED RELEASE",ORAL,30MG; 600MG; 110MG,MUCINEX 12HR COLD & FEVER MULTI-SYMPTOM,RB HEALTH US LLC,"Dec 22, 2025"
DIPHENHYDRAMINE HYDROCHLORIDE; NAPROXEN SODIUM,TABLET,ORAL,25MG; 220MG,ALEVE PM,BAYER HEALTHCARE CONSUMER CARE,"Jan 17, 2014"
DIPHENHYDRAMINE HYDROCHLORIDE; NAPROXEN SODIUM,TABLET,ORAL,25MG; 220MG,NAPROXEN SODIUM AND DIPHENHYDRAMINE HYDROCHLORIDE,AMNEAL PHARMACEUTICALS CO GMBH,"Oct 23, 2018"
DIPHENHYDRAMINE HYDROCHLORIDE; NAPROXEN SODIUM,TABLET,ORAL,25MG; 220MG,NAPROXEN SODIUM AND DIPHENHYDRAMINE HYDROCHLORIDE,COREPHARMA LLC,"Aug 22, 2019"
DIPHENHYDRAMINE HYDROCHLORIDE; NAPROXEN SODIUM,TABLET,ORAL,25MG; 220MG,NAPROXEN SODIUM AND DIPHENHYDRAMINE HYDROCHLORIDE,GRANULES INDIA LTD,"Sep 24, 2020"
DIPHENHYDRAMINE HYDROCHLORIDE; NAPROXEN SODIUM,TABLET,ORAL,25MG; 220MG,NAPROXEN SODIUM AND DIPHENHYDRAMINE HYDROCHLORIDE,PERRIGO R AND D CO,"May 10, 2019"
NAPROXEN SODIUM,CAPSULE,ORAL,EQ 200MG BASE,NAPROXEN SODIUM,BIONPHARMA INC,"Feb 17, 2006"
NAPROXEN SODIUM,CAPSULE,ORAL,EQ 200MG BASE,NAPROXEN SODIUM,CATALENT PHARMA SOLUTIONS LLC,"Jan 4, 2019"
NAPROXEN SODIUM,CAPSULE,ORAL,EQ 200MG BASE,NAPROXEN SODIUM,PATHEON SOFTGELS BV,"Jan 10, 2023"
NAPROXEN SODIUM,CAPSULE,ORAL,EQ 200MG BASE,NAPROXEN SODIUM,PURACAP PHARMACEUTICAL LLC,"Mar 15, 2018"
NAPROXEN SODIUM,TABLET,ORAL,220MG,ALEVE,BAYER HEALTHCARE LLC,"Jan 11, 1994"
NAPROXEN SODIUM,TABLET,ORAL,220MG,NAPROXEN SODIUM,AMNEAL PHARMACEUTICALS NY LLC,"Dec 16, 2008"
NAPROXEN SODIUM,TABLET,ORAL,220MG,NAPROXEN SODIUM,AUROBINDO PHARMA LTD,"Mar 18, 2016"
NAPROXEN SODIUM,TABLET,ORAL,220MG,NAPROXEN SODIUM,CONTRACT PHARMACAL CORP,"Jan 13, 1997"
NAPROXEN SODIUM,TABLET,ORAL,220MG,NAPROXEN SODIUM,DR REDDYS LABORATORIES INC,"Jul 28, 1998"
NAPROXEN SODIUM,TABLET,ORAL,220MG,NAPROXEN SODIUM,GRANULES INDIA LTD,"Sep 20, 2011"
NAPROXEN SODIUM,TABLET,ORAL,220MG,NAPROXEN SODIUM,HETERO LABS LTD UNIT V,"Oct 28, 2022"
NAPROXEN SODIUM,TABLET,ORAL,220MG,NAPROXEN SODIUM,L PERRIGO CO,"Jan 13, 1997"
NAPROXEN SODIUM,TABLET,ORAL,220MG,NAPROXEN SODIUM,LNK INTERNATIONAL INC,"Jan 23, 2017"
NAPROXEN SODIUM,TABLET,ORAL,220MG,NAPROXEN SODIUM,MARKSANS PHARMA LTD,"Mar 16, 2011"
NAPROXEN SODIUM,TABLET,ORAL,220MG,NAPROXEN SODIUM,YICHANG HUMANWELL PHARMACEUTICAL CO LTD,"Aug 30, 2019"
NAPROXEN SODIUM; PSEUDOEPHEDRINE HYDROCHLORIDE,"TABLET, EXTENDED RELEASE",ORAL,220MG; 120MG,NAPROXEN SODIUM AND PSEUDOEPHEDRINE HYDROCHLORIDE,AUROBINDO PHARMA LTD,"Jun 1, 2022"
NAPROXEN SODIUM; PSEUDOEPHEDRINE HYDROCHLORIDE,"TABLET, EXTENDED RELEASE",ORAL,220MG; 120MG,NAPROXEN SODIUM AND PSEUDOEPHEDRINE HYDROCHLORIDE,DR REDDYS LABORATORIES INC,"Sep 27, 2006"
NAPROXEN SODIUM; PSEUDOEPHEDRINE HYDROCHLORIDE,"TABLET, EXTENDED RELEASE",ORAL,220MG; 120MG,NAPROXEN SODIUM AND PSEUDOEPHEDRINE HYDROCHLORIDE,L PERRIGO CO,"Mar 17, 2004"
DIPHENHYDRAMINE HYDROCHLORIDE; NAPROXEN SODIUM,TABLET,ORAL,25MG; 220MG,NAPROXEN SODIUM AND DIPHENHYDRAMINE HYDROCHLORIDE,P AND L DEVELOPMENT LLC,"Jan 25, 2019"
ESOMEPRAZOLE MAGNESIUM; NAPROXEN,"TABLET, DELAYED RELEASE",ORAL,EQ 20MG BASE; 375MG,NAPROXEN AND ESOMEPRAZOLE MAGNESIUM,ACTAVIS LABORATORIES FL INC,"Aug 24, 2022"
ESOMEPRAZOLE MAGNESIUM; NAPROXEN,"TABLET, DELAYED RELEASE",ORAL,EQ 20MG BASE; 375MG,NAPROXEN AND ESOMEPRAZOLE MAGNESIUM,PHARMOBEDIENT CONSULTING LLC,"Jul 20, 2021"
ESOMEPRAZOLE MAGNESIUM; NAPROXEN,"TABLET, DELAYED RELEASE",ORAL,EQ 20MG BASE; 500MG,NAPROXEN AND ESOMEPRAZOLE MAGNESIUM,ACTAVIS LABORATORIES FL INC,"Aug 24, 2022"
ESOMEPRAZOLE MAGNESIUM; NAPROXEN,"TABLET, DELAYED RELEASE",ORAL,EQ 20MG BASE; 500MG,NAPROXEN AND ESOMEPRAZOLE MAGNESIUM,PHARMOBEDIENT CONSULTING LLC,"Jul 20, 2021"
ESOMEPRAZOLE MAGNESIUM; NAPROXEN,"TABLET, DELAYED RELEASE",ORAL,EQ 20MG BASE; 375MG **Federal Register determination that product was not discontinued or withdrawn for safety or effectiveness reasons**,VIMOVO,HORIZON MEDICINES LLC,"Apr 30, 2010"
ESOMEPRAZOLE MAGNESIUM; NAPROXEN,"TABLET, DELAYED RELEASE",ORAL,EQ 20MG BASE; 500MG **Federal Register determination that product was not discontinued or withdrawn for safety or effectiveness reasons**,VIMOVO,HORIZON MEDICINES LLC,"Apr 30, 2010"
LANSOPRAZOLE; NAPROXEN,"CAPSULE, DELAYED REL PELLETS, TABLET",ORAL,"15MG,N/A; N/A,250MG **Federal Register determination that product was not discontinued or withdrawn for safety or effectiveness reasons**",PREVACID NAPRAPAC 250 (COPACKAGED),TAKEDA PHARMACEUTICALS NORTH AMERICA INC,"Nov 14, 2003"
LANSOPRAZOLE; NAPROXEN,"CAPSULE, DELAYED REL PELLETS, TABLET",ORAL,"15MG,N/A; N/A,375MG",PREVACID NAPRAPAC 375 (COPACKAGED),TAKEDA PHARMACEUTICALS NORTH AMERICA INC,"Nov 14, 2003"
LANSOPRAZOLE; NAPROXEN,"CAPSULE, DELAYED REL PELLETS, TABLET",ORAL,"15MG,N/A; N/A,500MG",PREVACID NAPRAPAC 500 (COPACKAGED),TAKEDA PHARMACEUTICALS NORTH AMERICA INC,"Nov 14, 2003"
NAPROXEN,TABLET,ORAL,250MG,NAPROSYN,ATNAHS PHARMA US LTD,"Approved Prior to Jan 1, 1982"
NAPROXEN,TABLET,ORAL,375MG,NAPROSYN,ATNAHS PHARMA US LTD,"Approved Prior to Jan 1, 1982"
NAPROXEN,TABLET,ORAL,250MG,NAPROXEN,CHARTWELL MOLECULES LLC,"Apr 28, 1995"
NAPROXEN,TABLET,ORAL,250MG,NAPROXEN,DAVA PHARMACEUTICALS INC,"Dec 21, 1993"
NAPROXEN,TABLET,ORAL,250MG,NAPROXEN,HAMILTON PHARMACEUTICALS LTD,"Oct 30, 1992"
NAPROXEN,TABLET,ORAL,250MG,NAPROXEN,HIKMA INTERNATIONAL PHARMACEUTICALS LLC,"Jan 14, 2004"
NAPROXEN,TABLET,ORAL,250MG,NAPROXEN,INVAGEN PHARMACEUTICALS INC,"Aug 24, 2011"
NAPROXEN,TABLET,ORAL,250MG,NAPROXEN,IVAX PHARMACEUTICALS INC SUB TEVA PHARMACEUTICALS USA,"Feb 28, 1995"
NAPROXEN,TABLET,ORAL,250MG,NAPROXEN,L PERRIGO CO,"Apr 27, 2005"
NAPROXEN,TABLET,ORAL,250MG,NAPROXEN,PHARMOBEDIENT CONSULTING LLC,"Dec 21, 1993"
NAPROXEN,TABLET,ORAL,250MG,NAPROXEN,PLIVA INC,"Jun 27, 1996"
NAPROXEN,TABLET,ORAL,250MG,NAPROXEN,PUREPAC PHARMACEUTICAL CO,"Dec 21, 1993"
NAPROXEN,TABLET,ORAL,250MG,NAPROXEN,ROXANE LABORATORIES INC,"Feb 28, 1994"
NAPROXEN,TABLET,ORAL,250MG,NAPROXEN,TEVA PHARMACEUTICALS USA,"Dec 21, 1993"
NAPROXEN,TABLET,ORAL,250MG,NAPROXEN,TEVA PHARMACEUTICALS USA INC,"Dec 21, 1993"
NAPROXEN,TABLET,ORAL,250MG,NAPROXEN,TEVA PHARMACEUTICALS USA INC,"Apr 11, 1996"
NAPROXEN,TABLET,ORAL,250MG,NAPROXEN,WATSON LABORATORIES INC,"May 31, 1995"
NAPROXEN,TABLET,ORAL,250MG,NAPROXEN,WATSON LABORATORIES INC AN INDIRECT WHOLLY OWNED SUB OF TEVA PHARMACEUTICALS USA INC,"Feb 10, 1995"
NAPROXEN,TABLET,ORAL,375MG,NAPROXEN,CHARTWELL MOLECULES LLC,"Apr 28, 1995"
NAPROXEN,TABLET,ORAL,375MG,NAPROXEN,DAVA PHARMACEUTICALS INC,"Dec 21, 1993"
NAPROXEN,TABLET,ORAL,375MG,NAPROXEN,HAMILTON PHARMACEUTICALS LTD,"Oct 30, 1992"
NAPROXEN,TABLET,ORAL,375MG,NAPROXEN,HIKMA INTERNATIONAL PHARMACEUTICALS LLC,"Jan 14, 2004"
NAPROXEN,TABLET,ORAL,375MG,NAPROXEN,INVAGEN PHARMACEUTICALS INC,"Aug 24, 2011"
NAPROXEN,TABLET,ORAL,375MG,NAPROXEN,IVAX PHARMACEUTICALS INC SUB TEVA PHARMACEUTICALS USA,"Feb 28, 1995"
NAPROXEN,TABLET,ORAL,375MG,NAPROXEN,L PERRIGO CO,"Apr 27, 2005"
NAPROXEN,TABLET,ORAL,375MG,NAPROXEN,PHARMOBEDIENT CONSULTING LLC,"Dec 21, 1993"
NAPROXEN,TABLET,ORAL,375MG,NAPROXEN,PLIVA INC,"Jun 27, 1996"
NAPROXEN,TABLET,ORAL,375MG,NAPROXEN,PUREPAC PHARMACEUTICAL CO,"Dec 21, 1993"
NAPROXEN,TABLET,ORAL,375MG,NAPROXEN,ROXANE LABORATORIES INC,"Feb 28, 1994"
NAPROXEN,TABLET,ORAL,375MG,NAPROXEN,TEVA PHARMACEUTICALS USA,"Dec 21, 1993"
NAPROXEN,TABLET,ORAL,375MG,NAPROXEN,TEVA PHARMACEUTICALS USA INC,"Dec 21, 1993"
NAPROXEN,TABLET,ORAL,375MG,NAPROXEN,TEVA PHARMACEUTICALS USA INC,"Apr 11, 1996"
NAPROXEN,TABLET,ORAL,375MG,NAPROXEN,WATSON LABORATORIES INC,"May 31, 1995"
NAPROXEN,TABLET,ORAL,375MG,NAPROXEN,WATSON LABORATORIES INC AN INDIRECT WHOLLY OWNED SUB OF TEVA PHARMACEUTICALS USA INC,"Feb 10, 1995"
NAPROXEN,TABLET,ORAL,500MG,NAPROXEN,CHARTWELL MOLECULES LLC,"Apr 28, 1995"
NAPROXEN,TABLET,ORAL,500MG,NAPROXEN,DAVA PHARMACEUTICALS INC,"Dec 21, 1993"
NAPROXEN,TABLET,ORAL,500MG,NAPROXEN,HAMILTON PHARMACEUTICALS LTD,"Oct 30, 1992"
NAPROXEN,TABLET,ORAL,500MG,NAPROXEN,HIKMA INTERNATIONAL PHARMACEUTICALS LLC,"Jan 14, 2004"
NAPROXEN,TABLET,ORAL,500MG,NAPROXEN,INVAGEN PHARMACEUTICALS INC,"Aug 24, 2011"
NAPROXEN,TABLET,ORAL,500MG,NAPROXEN,IVAX PHARMACEUTICALS INC SUB TEVA PHARMACEUTICALS USA,"Feb 28, 1995"
NAPROXEN,TABLET,ORAL,500MG,NAPROXEN,L PERRIGO CO,"Apr 27, 2005"
NAPROXEN,TABLET,ORAL,500MG,NAPROXEN,PHARMOBEDIENT CONSULTING LLC,"Dec 21, 1993"
NAPROXEN,TABLET,ORAL,500MG,NAPROXEN,PLIVA INC,"Jun 27, 1996"
NAPROXEN,TABLET,ORAL,500MG,NAPROXEN,PUREPAC PHARMACEUTICAL CO,"Dec 21, 1993"
NAPROXEN,TABLET,ORAL,500MG,NAPROXEN,ROXANE LABORATORIES INC,"Feb 28, 1994"
NAPROXEN,TABLET,ORAL,500MG,NAPROXEN,TEVA PHARMACEUTICALS USA,"Dec 21, 1993"
NAPROXEN,TABLET,ORAL,500MG,NAPROXEN,TEVA PHARMACEUTICALS USA INC,"Dec 21, 1993"
NAPROXEN,TABLET,ORAL,500MG,NAPROXEN,TEVA PHARMACEUTICALS USA INC,"Apr 11, 1996"
NAPROXEN,TABLET,ORAL,500MG,NAPROXEN,WATSON LABORATORIES INC,"May 31, 1995"
NAPROXEN,TABLET,ORAL,500MG,NAPROXEN,WATSON LABORATORIES INC AN INDIRECT WHOLLY OWNED SUB OF TEVA PHARMACEUTICALS USA INC,"Feb 10, 1995"
NAPROXEN,"TABLET, DELAYED RELEASE",ORAL,375MG,NAPROXEN,ACTAVIS ELIZABETH LLC,"Feb 24, 1998"
NAPROXEN,"TABLET, DELAYED RELEASE",ORAL,375MG,NAPROXEN,FOSUN PHARMA USA INC,"Feb 18, 1998"
NAPROXEN,"TABLET, DELAYED RELEASE",ORAL,375MG,NAPROXEN,PLIVA INC,"May 26, 1999"
NAPROXEN,"TABLET, DELAYED RELEASE",ORAL,500MG,NAPROXEN,ACTAVIS ELIZABETH LLC,"Feb 24, 1998"
NAPROXEN,"TABLET, DELAYED RELEASE",ORAL,500MG,NAPROXEN,FOSUN PHARMA USA INC,"Feb 18, 1998"
NAPROXEN,"TABLET, DELAYED RELEASE",ORAL,500MG,NAPROXEN,PLIVA INC,"May 26, 1999"
NAPROXEN SODIUM,CAPSULE,ORAL,EQ 200MG BASE,NAPROXEN SODIUM,ONESOURCE SPECIALTY PTE LTD,"Aug 17, 2022"
NAPROXEN SODIUM,TABLET,ORAL,EQ 250MG BASE **Federal Register determination that product was not discontinued or withdrawn for safety or effectiveness reasons**,ANAPROX,ATNAHS PHARMA US LTD,"Approved Prior to Jan 1, 1982"
NAPROXEN SODIUM,TABLET,ORAL,220MG,NAPROXEN SODIUM,CONTRACT PHARMACAL CORP,"Feb 27, 1997"
NAPROXEN SODIUM,TABLET,ORAL,220MG,NAPROXEN SODIUM,NOVELGENIX THERAPEUTICS PVT LTD,"Nov 16, 2018"
NAPROXEN SODIUM,TABLET,ORAL,220MG,NAPROXEN SODIUM,PLD ACQUISITIONS LLC,"Jan 13, 1997"
NAPROXEN SODIUM,TABLET,ORAL,220MG,NAPROXEN SODIUM,SUN PHARMACEUTICAL INDUSTRIES LTD,"May 20, 2011"
NAPROXEN SODIUM,TABLET,ORAL,EQ 250MG BASE,NAPROXEN SODIUM,ABLE LABORATORIES INC,"Aug 22, 2003"
NAPROXEN SODIUM,TABLET,ORAL,EQ 250MG BASE,NAPROXEN SODIUM,AMNEAL PHARMACEUTICALS NY LLC,"Apr 25, 2007"
NAPROXEN SODIUM,TABLET,ORAL,EQ 250MG BASE,NAPROXEN SODIUM,HAMILTON PHARMACEUTICALS LTD,"Aug 31, 1993"
NAPROXEN SODIUM,TABLET,ORAL,EQ 250MG BASE,NAPROXEN SODIUM,HIKMA PHARMACEUTICALS,"Feb 18, 1998"
NAPROXEN SODIUM,TABLET,ORAL,EQ 250MG BASE,NAPROXEN SODIUM,IVAX PHARMACEUTICALS INC SUB TEVA PHARMACEUTICALS USA,"Mar 14, 1995"
NAPROXEN SODIUM,TABLET,ORAL,EQ 250MG BASE,NAPROXEN SODIUM,PHARMOBEDIENT CONSULTING LLC,"Aug 31, 1994"
NAPROXEN SODIUM,TABLET,ORAL,EQ 250MG BASE,NAPROXEN SODIUM,PLIVA INC,"Jun 20, 1996"
NAPROXEN SODIUM,TABLET,ORAL,EQ 250MG BASE,NAPROXEN SODIUM,PUREPAC PHARMACEUTICAL CO,"Mar 20, 1995"
NAPROXEN SODIUM,TABLET,ORAL,EQ 250MG BASE,NAPROXEN SODIUM,ROXANE LABORATORIES INC,"Dec 21, 1993"
NAPROXEN SODIUM,TABLET,ORAL,EQ 250MG BASE,NAPROXEN SODIUM,SANDOZ INC,"Dec 21, 1993"
NAPROXEN SODIUM,TABLET,ORAL,EQ 250MG BASE,NAPROXEN SODIUM,SANDOZ INC,"Dec 5, 1994"
NAPROXEN SODIUM,TABLET,ORAL,EQ 250MG BASE,NAPROXEN SODIUM,TEVA PHARMACEUTICALS USA,"Jan 27, 1994"
NAPROXEN SODIUM,TABLET,ORAL,EQ 250MG BASE,NAPROXEN SODIUM,TEVA PHARMACEUTICALS USA INC,"Dec 21, 1993"
NAPROXEN SODIUM,TABLET,ORAL,EQ 250MG BASE,NAPROXEN SODIUM,TEVA PHARMACEUTICALS USA INC,"Dec 21, 1993"
NAPROXEN SODIUM,TABLET,ORAL,EQ 250MG BASE,NAPROXEN SODIUM,WATSON LABORATORIES INC,"Dec 21, 1993"
NAPROXEN SODIUM,TABLET,ORAL,EQ 250MG BASE,NAPROXEN SODIUM,WATSON LABORATORIES INC,"May 31, 1995"
NAPROXEN SODIUM,TABLET,ORAL,EQ 500MG BASE,NAPROXEN SODIUM,ABLE LABORATORIES INC,"Aug 22, 2003"
NAPROXEN SODIUM,TABLET,ORAL,EQ 500MG BASE,NAPROXEN SODIUM,AMNEAL PHARMACEUTICALS NY LLC,"Apr 25, 2007"
NAPROXEN SODIUM,TABLET,ORAL,EQ 500MG BASE,NAPROXEN SODIUM,HAMILTON PHARMACEUTICALS LTD,"Aug 31, 1993"
NAPROXEN SODIUM,TABLET,ORAL,EQ 500MG BASE,NAPROXEN SODIUM,HIKMA PHARMACEUTICALS,"May 14, 1996"
NAPROXEN SODIUM,TABLET,ORAL,EQ 500MG BASE,NAPROXEN SODIUM,IVAX PHARMACEUTICALS INC SUB TEVA PHARMACEUTICALS USA,"Mar 14, 1995"
NAPROXEN SODIUM,TABLET,ORAL,EQ 500MG BASE,NAPROXEN SODIUM,PHARMOBEDIENT CONSULTING LLC,"Aug 31, 1994"
NAPROXEN SODIUM,TABLET,ORAL,EQ 500MG BASE,NAPROXEN SODIUM,PLIVA INC,"Jun 20, 1996"
NAPROXEN SODIUM,TABLET,ORAL,EQ 500MG BASE,NAPROXEN SODIUM,PUREPAC PHARMACEUTICAL CO,"Mar 20, 1995"
NAPROXEN SODIUM,TABLET,ORAL,EQ 500MG BASE,NAPROXEN SODIUM,ROXANE LABORATORIES INC,"Dec 21, 1993"
NAPROXEN SODIUM,TABLET,ORAL,EQ 500MG BASE,NAPROXEN SODIUM,SANDOZ INC,"Dec 21, 1993"
NAPROXEN SODIUM,TABLET,ORAL,EQ 500MG BASE,NAPROXEN SODIUM,SANDOZ INC,"Dec 5, 1994"
NAPROXEN SODIUM,TABLET,ORAL,EQ 500MG BASE,NAPROXEN SODIUM,TEVA PHARMACEUTICALS USA,"Jan 27, 1994"
NAPROXEN SODIUM,TABLET,ORAL,EQ 500MG BASE,NAPROXEN SODIUM,TEVA PHARMACEUTICALS USA INC,"Dec 21, 1993"
NAPROXEN SODIUM,TABLET,ORAL,EQ 500MG BASE,NAPROXEN SODIUM,TEVA PHARMACEUTICALS USA INC,"Dec 21, 1993"
NAPROXEN SODIUM,TABLET,ORAL,EQ 500MG BASE,NAPROXEN SODIUM,WATSON LABORATORIES INC,"Dec 21, 1993"
NAPROXEN SODIUM,TABLET,ORAL,EQ 500MG BASE,NAPROXEN SODIUM,WATSON LABORATORIES INC,"May 31, 1995"
NAPROXEN SODIUM; PSEUDOEPHEDRINE HYDROCHLORIDE,"TABLET, EXTENDED RELEASE",ORAL,220MG; 120MG **Federal Register determination that product was not discontinued or withdrawn for safety or effectiveness reasons**,ALEVE-D SINUS & COLD,BAYER HEALTHCARE LLC,"Nov 29, 1999"
NAPROXEN SODIUM; SUMATRIPTAN SUCCINATE,TABLET,ORAL,60MG; EQ 10MG BASE,TREXIMET,CURRAX PHARMACEUTICALS LLC,"May 14, 2015"
CELECOXIB,CAPSULE,ORAL,50MG,CELEBREX,UPJOHN US 2 LLC,"Dec 15, 2006"
CELECOXIB,CAPSULE,ORAL,100MG,CELEBREX,UPJOHN US 2 LLC,"Dec 31, 1998"
CELECOXIB,CAPSULE,ORAL,200MG,CELEBREX,UPJOHN US 2 LLC,"Dec 31, 1998"
CELECOXIB,CAPSULE,ORAL,400MG,CELEBREX,UPJOHN US 2 LLC,"Aug 29, 2002"
CELECOXIB,CAPSULE,ORAL,50MG,CELECOXIB,ALEMBIC PHARMACEUTICALS LTD,"Aug 21, 2015"
CELECOXIB,CAPSULE,ORAL,50MG,CELECOXIB,APOTEX INC,"Jun 2, 2015"
CELECOXIB,CAPSULE,ORAL,50MG,CELECOXIB,AUROBINDO PHARMA LTD,"Feb 1, 2016"
CELECOXIB,CAPSULE,ORAL,50MG,CELECOXIB,CADILA PHARMACEUTICALS LTD,"Nov 14, 2019"
CELECOXIB,CAPSULE,ORAL,50MG,CELECOXIB,CIPLA LTD,"Sep 23, 2015"
CELECOXIB,CAPSULE,ORAL,50MG,CELECOXIB,CSPC OUYI PHARMACEUTICAL CO LTD,"Jan 23, 2018"
CELECOXIB,CAPSULE,ORAL,50MG,CELECOXIB,LUPIN LTD,"Oct 29, 2014"
CELECOXIB,CAPSULE,ORAL,50MG,CELECOXIB,MACLEODS PHARMACEUTICALS LTD,"Mar 16, 2016"
CELECOXIB,CAPSULE,ORAL,50MG,CELECOXIB,MICRO LABS LTD,"Apr 30, 2018"
CELECOXIB,CAPSULE,ORAL,50MG,CELECOXIB,QINGDAO BAHEAL PHARMACEUTICAL CO LTD,"Aug 7, 2019"
CELECOXIB,CAPSULE,ORAL,50MG,CELECOXIB,SCIEGEN PHARMACEUTICALS INC,"Dec 3, 2020"
CELECOXIB,CAPSULE,ORAL,50MG,CELECOXIB,TEVA PHARMACEUTICALS USA INC,"May 30, 2014"
CELECOXIB,CAPSULE,ORAL,50MG,CELECOXIB,TIANJIN TIANYAO PHARMACEUTICALS CO LTD,"Feb 25, 2020"
CELECOXIB,CAPSULE,ORAL,50MG,CELECOXIB,TORRENT PHARMACEUTICALS LTD,"Dec 23, 2015"
CELECOXIB,CAPSULE,ORAL,50MG,CELECOXIB,UMEDICA LABORATORIES PRIVATE LTD,"Nov 27, 2019"
CELECOXIB,CAPSULE,ORAL,50MG,CELECOXIB,WATSON LABORATORIES INC,"Feb 11, 2015"
CELECOXIB,CAPSULE,ORAL,50MG,CELECOXIB,YILING PHARMACEUTICAL LTD,"Mar 6, 2020"
CELECOXIB,CAPSULE,ORAL,100MG,CELECOXIB,ALEMBIC PHARMACEUTICALS LTD,"Aug 21, 2015"
CELECOXIB,CAPSULE,ORAL,100MG,CELECOXIB,APOTEX INC,"Jun 2, 2015"
CELECOXIB,CAPSULE,ORAL,100MG,CELECOXIB,AUROBINDO PHARMA LTD,"Feb 1, 2016"
CELECOXIB,CAPSULE,ORAL,100MG,CELECOXIB,CADILA PHARMACEUTICALS LTD,"Nov 14, 2019"
CELECOXIB,CAPSULE,ORAL,100MG,CELECOXIB,CIPLA LTD,"Sep 23, 2015"
CELECOXIB,CAPSULE,ORAL,100MG,CELECOXIB,CSPC OUYI PHARMACEUTICAL CO LTD,"Jan 23, 2018"
CELECOXIB,CAPSULE,ORAL,100MG,CELECOXIB,LUPIN LTD,"Jun 9, 2015"
CELECOXIB,CAPSULE,ORAL,100MG,CELECOXIB,MACLEODS PHARMACEUTICALS LTD,"Mar 16, 2016"
CELECOXIB,CAPSULE,ORAL,100MG,CELECOXIB,MICRO LABS LTD,"Apr 30, 2018"
CELECOXIB,CAPSULE,ORAL,100MG,CELECOXIB,QINGDAO BAHEAL PHARMACEUTICAL CO LTD,"Aug 7, 2019"
CELECOXIB,CAPSULE,ORAL,100MG,CELECOXIB,SCIEGEN PHARMACEUTICALS INC,"Dec 3, 2020"
CELECOXIB,CAPSULE,ORAL,100MG,CELECOXIB,TEVA PHARMACEUTICALS USA INC,"May 30, 2014"
CELECOXIB,CAPSULE,ORAL,100MG,CELECOXIB,TIANJIN TIANYAO PHARMACEUTICALS CO LTD,"Feb 25, 2020"
CELECOXIB,CAPSULE,ORAL,100MG,CELECOXIB,TORRENT PHARMACEUTICALS LTD,"Dec 23, 2015"
CELECOXIB,CAPSULE,ORAL,100MG,CELECOXIB,UMEDICA LABORATORIES PRIVATE LTD,"Nov 27, 2019"
CELECOXIB,CAPSULE,ORAL,100MG,CELECOXIB,WATSON LABORATORIES INC,"Feb 11, 2015"
CELECOXIB,CAPSULE,ORAL,100MG,CELECOXIB,YILING PHARMACEUTICAL LTD,"Mar 6, 2020"
CELECOXIB,CAPSULE,ORAL,200MG,CELECOXIB,ALEMBIC PHARMACEUTICALS LTD,"Aug 21, 2015"
CELECOXIB,CAPSULE,ORAL,200MG,CELECOXIB,APOTEX INC,"Jun 2, 2015"
CELECOXIB,CAPSULE,ORAL,200MG,CELECOXIB,AUROBINDO PHARMA LTD,"Feb 1, 2016"
CELECOXIB,CAPSULE,ORAL,200MG,CELECOXIB,CADILA PHARMACEUTICALS LTD,"Nov 14, 2019"
CELECOXIB,CAPSULE,ORAL,200MG,CELECOXIB,CIPLA LTD,"Sep 23, 2015"
CELECOXIB,CAPSULE,ORAL,200MG,CELECOXIB,CSPC OUYI PHARMACEUTICAL CO LTD,"Jan 23, 2018"
CELECOXIB,CAPSULE,ORAL,200MG,CELECOXIB,LUPIN LTD,"Jun 9, 2015"
CELECOXIB,CAPSULE,ORAL,200MG,CELECOXIB,MACLEODS PHARMACEUTICALS LTD,"Mar 16, 2016"
CELECOXIB,CAPSULE,ORAL,200MG,CELECOXIB,MICRO LABS LTD,"Apr 30, 2018"
CELECOXIB,CAPSULE,ORAL,200MG,CELECOXIB,NANJING SIMCERE DONGYUAN PHARMACEUTICAL CO LTD,"May 13, 2020"
CELECOXIB,CAPSULE,ORAL,200MG,CELECOXIB,QINGDAO BAHEAL PHARMACEUTICAL CO LTD,"Aug 7, 2019"
CELECOXIB,CAPSULE,ORAL,200MG,CELECOXIB,SCIEGEN PHARMACEUTICALS INC,"Dec 3, 2020"
CELECOXIB,CAPSULE,ORAL,200MG,CELECOXIB,TEVA PHARMACEUTICALS USA INC,"May 30, 2014"
CELECOXIB,CAPSULE,ORAL,200MG,CELECOXIB,TIANJIN TIANYAO PHARMACEUTICALS CO LTD,"Feb 25, 2020"
CELECOXIB,CAPSULE,ORAL,200MG,CELECOXIB,TORRENT PHARMACEUTICALS LTD,"Dec 23, 2015"
CELECOXIB,CAPSULE,ORAL,200MG,CELECOXIB,UMEDICA LABORATORIES PRIVATE LTD,"Nov 27, 2019"
CELECOXIB,CAPSULE,ORAL,200MG,CELECOXIB,WATSON LABORATORIES INC,"Feb 11, 2015"
CELECOXIB,CAPSULE,ORAL,200MG,CELECOXIB,YILING PHARMACEUTICAL LTD,"Mar 6, 2020"
CELECOXIB,CAPSULE,ORAL,400MG,CELECOXIB,ALEMBIC PHARMACEUTICALS LTD,"Aug 21, 2015"
CELECOXIB,CAPSULE,ORAL,400MG,CELECOXIB,AUROBINDO PHARMA LTD,"Feb 1, 2016"
CELECOXIB,CAPSULE,ORAL,400MG,CELECOXIB,CADILA PHARMACEUTICALS LTD,"Nov 14, 2019"
CELECOXIB,CAPSULE,ORAL,400MG,CELECOXIB,CIPLA LTD,"Sep 23, 2015"
CELECOXIB,CAPSULE,ORAL,400MG,CELECOXIB,LUPIN LTD,"Jun 9, 2015"
CELECOXIB,CAPSULE,ORAL,400MG,CELECOXIB,MACLEODS PHARMACEUTICALS LTD,"Mar 16, 2016"
CELECOXIB,CAPSULE,ORAL,400MG,CELECOXIB,MICRO LABS LTD,"Apr 30, 2018"
CELECOXIB,CAPSULE,ORAL,400MG,CELECOXIB,QINGDAO BAHEAL PHARMACEUTICAL CO LTD,"Aug 7, 2019"
CELECOXIB,CAPSULE,ORAL,400MG,CELECOXIB,SCIEGEN PHARMACEUTICALS INC,"Dec 3, 2020"
CELECOXIB,CAPSULE,ORAL,400MG,CELECOXIB,TEVA PHARMACEUTICALS USA INC,"May 30, 2014"
CELECOXIB,CAPSULE,ORAL,400MG,CELECOXIB,TIANJIN TIANYAO PHARMACEUTICALS CO LTD,"Feb 25, 2020"
CELECOXIB,CAPSULE,ORAL,400MG,CELECOXIB,TORRENT PHARMACEUTICALS LTD,"Dec 23, 2015"
CELECOXIB,CAPSULE,ORAL,400MG,CELECOXIB,UMEDICA LABORATORIES PRIVATE LTD,"Nov 27, 2019"
CELECOXIB,CAPSULE,ORAL,400MG,CELECOXIB,WATSON LABORATORIES INC,"Feb 11, 2015"
CELECOXIB,CAPSULE,ORAL,400MG,CELECOXIB,YILING PHARMACEUTICAL LTD,"Mar 6, 2020"
CELECOXIB,SOLUTION,ORAL,25MG/ML,ELYXYB,SCILEX PHARMACEUTICALS INC,"May 5, 2020"
CELECOXIB,SUSPENSION,ORAL,10MG/ML,VYSCOXA,CARWIN PHARMACEUTICAL ASSOCIATES LLC,"Jul 29, 2025"
AMLODIPINE BESYLATE; CELECOXIB,TABLET,ORAL,EQ 2.5MG BASE; 200MG,CONSENSI,PURPLE BIOTECH LTD,"May 31, 2018"
AMLODIPINE BESYLATE; CELECOXIB,TABLET,ORAL,EQ 5MG BASE; 200MG,CONSENSI,PURPLE BIOTECH LTD,"May 31, 2018"
AMLODIPINE BESYLATE; CELECOXIB,TABLET,ORAL,EQ 10MG BASE; 200MG,CONSENSI,PURPLE BIOTECH LTD,"May 31, 2018"
CELECOXIB,CAPSULE,ORAL,50MG,CELECOXIB,AMNEAL PHARMACEUTICALS OF NEW YORK LLC,"May 31, 2018"
CELECOXIB,CAPSULE,ORAL,50MG,CELECOXIB,JUBILANT GENERICS LTD,"Apr 4, 2017"
CELECOXIB,CAPSULE,ORAL,50MG,CELECOXIB,PHARMOBEDIENT CONSULTING LLC,"May 30, 2014"
CELECOXIB,CAPSULE,ORAL,50MG,CELECOXIB,UNICHEM LABORATORIES LTD,"Jan 12, 2021"
CELECOXIB,CAPSULE,ORAL,50MG,CELECOXIB,ZYDUS PHARMACEUTICALS USA INC,"Jul 14, 2025"
CELECOXIB,CAPSULE,ORAL,100MG,CELECOXIB,AMNEAL PHARMACEUTICALS OF NEW YORK LLC,"May 31, 2018"
CELECOXIB,CAPSULE,ORAL,100MG,CELECOXIB,JUBILANT GENERICS LTD,"Apr 4, 2017"
CELECOXIB,CAPSULE,ORAL,100MG,CELECOXIB,PHARMOBEDIENT CONSULTING LLC,"Feb 11, 2015"
CELECOXIB,CAPSULE,ORAL,100MG,CELECOXIB,STRIDES PHARMA GLOBAL PTE LTD,"Apr 29, 2025"
CELECOXIB,CAPSULE,ORAL,100MG,CELECOXIB,UNICHEM LABORATORIES LTD,"Jan 12, 2021"
CELECOXIB,CAPSULE,ORAL,100MG,CELECOXIB,YABAO PHARMACEUTICAL CO LTD BEIJING,"Apr 10, 2023"
CELECOXIB,CAPSULE,ORAL,100MG,CELECOXIB,ZYDUS PHARMACEUTICALS USA INC,"Jul 14, 2025"
CELECOXIB,CAPSULE,ORAL,200MG,CELECOXIB,AMNEAL PHARMACEUTICALS OF NEW YORK LLC,"May 31, 2018"
CELECOXIB,CAPSULE,ORAL,200MG,CELECOXIB,JUBILANT GENERICS LTD,"Apr 4, 2017"
CELECOXIB,CAPSULE,ORAL,200MG,CELECOXIB,PANGEA PHARMACEUTICALS LLC,"Dec 9, 2020"
CELECOXIB,CAPSULE,ORAL,200MG,CELECOXIB,PHARMOBEDIENT CONSULTING LLC,"Feb 11, 2015"
CELECOXIB,CAPSULE,ORAL,200MG,CELECOXIB,STRIDES PHARMA GLOBAL PTE LTD,"Apr 29, 2025"
CELECOXIB,CAPSULE,ORAL,200MG,CELECOXIB,UNICHEM LABORATORIES LTD,"Jan 12, 2021"
CELECOXIB,CAPSULE,ORAL,200MG,CELECOXIB,YABAO PHARMACEUTICAL CO LTD BEIJING,"Apr 10, 2023"
CELECOXIB,CAPSULE,ORAL,200MG,CELECOXIB,ZYDUS PHARMACEUTICALS USA INC,"Jul 14, 2025"
CELECOXIB,CAPSULE,ORAL,400MG,CELECOXIB,AMNEAL PHARMACEUTICALS OF NEW YORK LLC,"May 31, 2018"
CELECOXIB,CAPSULE,ORAL,400MG,CELECOXIB,JUBILANT GENERICS LTD,"Apr 4, 2017"
CELECOXIB,CAPSULE,ORAL,400MG,CELECOXIB,PANGEA PHARMACEUTICALS LLC,"Dec 9, 2020"
CELECOXIB,CAPSULE,ORAL,400MG,CELECOXIB,PHARMOBEDIENT CONSULTING LLC,"Feb 11, 2015"
CELECOXIB,CAPSULE,ORAL,400MG,CELECOXIB,STRIDES PHARMA GLOBAL PTE LTD,"Apr 29, 2025"
CELECOXIB,CAPSULE,ORAL,400MG,CELECOXIB,UNICHEM LABORATORIES LTD,"Jan 12, 2021"
CELECOXIB,CAPSULE,ORAL,400MG,CELECOXIB,YABAO PHARMACEUTICAL CO LTD BEIJING,"Apr 10, 2023"
CELECOXIB,CAPSULE,ORAL,400MG,CELECOXIB,ZYDUS PHARMACEUTICALS USA INC,"Jul 14, 2025"
CELECOXIB; TRAMADOL HYDROCHLORIDE,TABLET,ORAL,56MG; 44MG,SEGLENTIS,KOWA PHARMACEUTICALS AMERICA INC,"Oct 15, 2021"
ACETAMINOPHEN; TRAMADOL HYDROCHLORIDE,TABLET,ORAL,325MG; 37.5MG,TRAMADOL HYDROCHLORIDE AND ACETAMINOPHEN,ALKEM LABORATORIES LTD,"Mar 30, 2012"
ACETAMINOPHEN; TRAMADOL HYDROCHLORIDE,TABLET,ORAL,325MG; 37.5MG,TRAMADOL HYDROCHLORIDE AND ACETAMINOPHEN,AMNEAL PHARMACEUTICALS,"Dec 9, 2009"
ACETAMINOPHEN; TRAMADOL HYDROCHLORIDE,TABLET,ORAL,325MG; 37.5MG,TRAMADOL HYDROCHLORIDE AND ACETAMINOPHEN,AUROBINDO PHARMA LTD,"Mar 22, 2017"
ACETAMINOPHEN; TRAMADOL HYDROCHLORIDE,TABLET,ORAL,325MG; 37.5MG,TRAMADOL HYDROCHLORIDE AND ACETAMINOPHEN,MICRO LABS LTD INDIA,"Dec 14, 2012"
ACETAMINOPHEN; TRAMADOL HYDROCHLORIDE,TABLET,ORAL,325MG; 37.5MG,TRAMADOL HYDROCHLORIDE AND ACETAMINOPHEN,RISING PHARMA HOLDING INC,"Sep 26, 2008"
ACETAMINOPHEN; TRAMADOL HYDROCHLORIDE,TABLET,ORAL,325MG; 37.5MG,TRAMADOL HYDROCHLORIDE AND ACETAMINOPHEN,ZYDUS PHARMACEUTICALS USA INC,"Sep 6, 2012"
TRAMADOL HYDROCHLORIDE,"CAPSULE, EXTENDED RELEASE",ORAL,100MG,CONZIP,CIPHER PHARMACEUTICALS INC,"May 7, 2010"
TRAMADOL HYDROCHLORIDE,"CAPSULE, EXTENDED RELEASE",ORAL,200MG,CONZIP,CIPHER PHARMACEUTICALS INC,"May 7, 2010"
TRAMADOL HYDROCHLORIDE,"CAPSULE, EXTENDED RELEASE",ORAL,300MG,CONZIP,CIPHER PHARMACEUTICALS INC,"May 7, 2010"
TRAMADOL HYDROCHLORIDE,TABLET,ORAL,25MG,TRAMADOL HYDROCHLORIDE,RUBICON RESEARCH LTD,"Nov 27, 2023"
TRAMADOL HYDROCHLORIDE,TABLET,ORAL,50MG,TRAMADOL HYDROCHLORIDE,AMNEAL PHARMACEUTICALS OF NEW YORK LLC,"Jun 20, 2002"
TRAMADOL HYDROCHLORIDE,TABLET,ORAL,50MG,TRAMADOL HYDROCHLORIDE,AUROBINDO PHARMA LTD,"Mar 31, 2014"
TRAMADOL HYDROCHLORIDE,TABLET,ORAL,50MG,TRAMADOL HYDROCHLORIDE,CSPC OUYI PHARMACEUTICAL CO LTD,"Mar 29, 2013"
TRAMADOL HYDROCHLORIDE,TABLET,ORAL,50MG,TRAMADOL HYDROCHLORIDE,GRAVITI PHARMACEUTICALS PRIVATE LTD,"Jun 25, 2002"
TRAMADOL HYDROCHLORIDE,TABLET,ORAL,50MG,TRAMADOL HYDROCHLORIDE,RUBICON RESEARCH LTD,"Jun 28, 2019"
TRAMADOL HYDROCHLORIDE,TABLET,ORAL,50MG,TRAMADOL HYDROCHLORIDE,SENORES PHARMACEUTICALS INC,"Jan 31, 2011"
TRAMADOL HYDROCHLORIDE,TABLET,ORAL,50MG,TRAMADOL HYDROCHLORIDE,STRIDES PHARMA GLOBAL PTE LTD,"Nov 28, 2011"
TRAMADOL HYDROCHLORIDE,TABLET,ORAL,50MG,TRAMADOL HYDROCHLORIDE,SUN PHARMACEUTICAL INDUSTRIES INC,"Jun 19, 2002"
TRAMADOL HYDROCHLORIDE,TABLET,ORAL,50MG,TRAMADOL HYDROCHLORIDE,TEVA PHARMACEUTICALS USA INC,"Jun 19, 2002"
TRAMADOL HYDROCHLORIDE,TABLET,ORAL,50MG,TRAMADOL HYDROCHLORIDE,UNICHEM LABORATORIES LTD,"Aug 9, 2019"
TRAMADOL HYDROCHLORIDE,TABLET,ORAL,75MG,TRAMADOL HYDROCHLORIDE,RUBICON RESEARCH LTD,"Apr 4, 2024"
TRAMADOL HYDROCHLORIDE,TABLET,ORAL,100MG,TRAMADOL HYDROCHLORIDE,GRAVITI PHARMACEUTICALS PRIVATE LTD,"Aug 2, 2024"
TRAMADOL HYDROCHLORIDE,TABLET,ORAL,100MG,TRAMADOL HYDROCHLORIDE,RUBICON RESEARCH LTD,"Jun 28, 2019"
TRAMADOL HYDROCHLORIDE,"TABLET, EXTENDED RELEASE",ORAL,100MG,TRAMADOL HYDROCHLORIDE,LUPIN LTD,"Aug 29, 2011"
TRAMADOL HYDROCHLORIDE,"TABLET, EXTENDED RELEASE",ORAL,100MG,TRAMADOL HYDROCHLORIDE,MACLEODS PHARMACEUTICALS LTD,"Jan 31, 2025"
TRAMADOL HYDROCHLORIDE,"TABLET, EXTENDED RELEASE",ORAL,200MG,TRAMADOL HYDROCHLORIDE,LUPIN LTD,"Aug 29, 2011"
TRAMADOL HYDROCHLORIDE,"TABLET, EXTENDED RELEASE",ORAL,200MG,TRAMADOL HYDROCHLORIDE,MACLEODS PHARMACEUTICALS LTD,"Jan 31, 2025"
TRAMADOL HYDROCHLORIDE,"TABLET, EXTENDED RELEASE",ORAL,300MG,TRAMADOL HYDROCHLORIDE,LUPIN LTD,"Aug 29, 2011"
TRAMADOL HYDROCHLORIDE,"TABLET, EXTENDED RELEASE",ORAL,300MG,TRAMADOL HYDROCHLORIDE,MACLEODS PHARMACEUTICALS LTD,"Jan 31, 2025"
ACETAMINOPHEN; TRAMADOL HYDROCHLORIDE,TABLET,ORAL,325MG; 37.5MG,TRAMADOL HYDROCHLORIDE AND ACETAMINOPHEN,CHARTWELL RX SCIENCES LLC,"Apr 21, 2005"
ACETAMINOPHEN; TRAMADOL HYDROCHLORIDE,TABLET,ORAL,325MG; 37.5MG,TRAMADOL HYDROCHLORIDE AND ACETAMINOPHEN,GRAVITI PHARMACEUTICALS PRIVATE LTD,"Jul 26, 2006"
ACETAMINOPHEN; TRAMADOL HYDROCHLORIDE,TABLET,ORAL,325MG; 37.5MG,TRAMADOL HYDROCHLORIDE AND ACETAMINOPHEN,MACLEODS PHARMACEUTICALS LTD,"May 2, 2017"
ACETAMINOPHEN; TRAMADOL HYDROCHLORIDE,TABLET,ORAL,325MG; 37.5MG,TRAMADOL HYDROCHLORIDE AND ACETAMINOPHEN,MPP PHARMA LLC,"Apr 7, 2014"
ACETAMINOPHEN; TRAMADOL HYDROCHLORIDE,TABLET,ORAL,325MG; 37.5MG,TRAMADOL HYDROCHLORIDE AND ACETAMINOPHEN,SUN PHARMACEUTICAL INDUSTRIES INC,"Dec 16, 2005"
ACETAMINOPHEN; TRAMADOL HYDROCHLORIDE,TABLET,ORAL,325MG; 37.5MG **Federal Register determination that product was not discontinued or withdrawn for safety or effectiveness reasons**,ULTRACET,JANSSEN PHARMACEUTICALS INC,"Aug 15, 2001"
CELECOXIB; TRAMADOL HYDROCHLORIDE,TABLET,ORAL,56MG; 44MG,SEGLENTIS,KOWA PHARMACEUTICALS AMERICA INC,"Oct 15, 2021"
TRAMADOL HYDROCHLORIDE,"CAPSULE, EXTENDED RELEASE",ORAL,150MG,CONZIP,CIPHER PHARMACEUTICALS INC,"Aug 1, 2011"
TRAMADOL HYDROCHLORIDE,SOLUTION,ORAL,5MG/ML,QDOLO,ATHENA BIOSCIENCE LLC,"Sep 1, 2020"
TRAMADOL HYDROCHLORIDE,TABLET,ORAL,50MG,TRAMADOL HYDROCHLORIDE,ACCORD HEALTHCARE INC,"May 16, 2013"
TRAMADOL HYDROCHLORIDE,TABLET,ORAL,50MG,TRAMADOL HYDROCHLORIDE,ACTAVIS ELIZABETH LLC,"Jun 19, 2002"
TRAMADOL HYDROCHLORIDE,TABLET,ORAL,50MG,TRAMADOL HYDROCHLORIDE,APOTEX INC,"Jul 10, 2002"
TRAMADOL HYDROCHLORIDE,TABLET,ORAL,50MG,TRAMADOL HYDROCHLORIDE,ASTA MEDICA INC,"Jul 12, 2002"
TRAMADOL HYDROCHLORIDE,TABLET,ORAL,50MG,TRAMADOL HYDROCHLORIDE,IPCA LABORATORIES LTD,"Nov 16, 2012"
TRAMADOL HYDROCHLORIDE,TABLET,ORAL,50MG,TRAMADOL HYDROCHLORIDE,IVAX PHARMACEUTICALS INC SUB TEVA PHARMACEUTICALS USA,"Jul 3, 2002"
TRAMADOL HYDROCHLORIDE,TABLET,ORAL,50MG,TRAMADOL HYDROCHLORIDE,MACLEODS PHARMACEUTICALS LTD,"Sep 25, 2015"
TRAMADOL HYDROCHLORIDE,TABLET,ORAL,50MG,TRAMADOL HYDROCHLORIDE,MYLAN PHARMACEUTICALS INC,"Nov 21, 2002"
TRAMADOL HYDROCHLORIDE,TABLET,ORAL,50MG,TRAMADOL HYDROCHLORIDE,MYLAN PHARMACEUTICALS INC,"Jun 21, 2002"
TRAMADOL HYDROCHLORIDE,TABLET,ORAL,50MG,TRAMADOL HYDROCHLORIDE,NORTHSTAR HEALTHCARE HOLDINGS LTD,"May 26, 2010"
TRAMADOL HYDROCHLORIDE,TABLET,ORAL,50MG,TRAMADOL HYDROCHLORIDE,PLIVA INC,"Jul 1, 2002"
TRAMADOL HYDROCHLORIDE,TABLET,ORAL,50MG,TRAMADOL HYDROCHLORIDE,PURACAP LABORATORIES LLC DBA BLU PHARMACEUTICALS,"Jul 2, 2019"
TRAMADOL HYDROCHLORIDE,TABLET,ORAL,50MG,TRAMADOL HYDROCHLORIDE,SPECGX LLC,"Jun 25, 2002"
TRAMADOL HYDROCHLORIDE,TABLET,ORAL,50MG,TRAMADOL HYDROCHLORIDE,SUN PHARMACEUTICAL INDUSTRIES INC,"Jun 20, 2002"
TRAMADOL HYDROCHLORIDE,TABLET,ORAL,50MG,TRAMADOL HYDROCHLORIDE,WATSON LABORATORIES,"Jun 24, 2002"
TRAMADOL HYDROCHLORIDE,TABLET,ORAL,50MG **Federal Register determination that product was not discontinued or withdrawn for safety or effectiveness reasons**,ULTRAM,JANSSEN PHARMACEUTICALS INC,"Mar 3, 1995"
TRAMADOL HYDROCHLORIDE,TABLET,ORAL,100MG **Federal Register determination that product was not discontinued or withdrawn for safety or effectiveness reasons**,ULTRAM,JANSSEN PHARMACEUTICALS INC,"Mar 3, 1995"
TRAMADOL HYDROCHLORIDE,"TABLET, EXTENDED RELEASE",ORAL,100MG **Federal Register determination that product was not discontinued or withdrawn for safety or effectiveness reasons**,RYZOLT,PURDUE PHARMA PRODUCTS LP,"Dec 30, 2008"
TRAMADOL HYDROCHLORIDE,"TABLET, EXTENDED RELEASE",ORAL,200MG **Federal Register determination that product was not discontinued or withdrawn for safety or effectiveness reasons**,RYZOLT,PURDUE PHARMA PRODUCTS LP,"Dec 30, 2008"
TRAMADOL HYDROCHLORIDE,"TABLET, EXTENDED RELEASE",ORAL,300MG **Federal Register determination that product was not discontinued or withdrawn for safety or effectiveness reasons**,RYZOLT,PURDUE PHARMA PRODUCTS LP,"Dec 30, 2008"
TRAMADOL HYDROCHLORIDE,"TABLET, EXTENDED RELEASE",ORAL,100MG,TRAMADOL HYDROCHLORIDE,ACTAVIS ELIZABETH LLC,"Jun 27, 2012"
TRAMADOL HYDROCHLORIDE,"TABLET, EXTENDED RELEASE",ORAL,100MG,TRAMADOL HYDROCHLORIDE,AUROBINDO PHARMA LTD,"Oct 20, 2015"
TRAMADOL HYDROCHLORIDE,"TABLET, EXTENDED RELEASE",ORAL,100MG,TRAMADOL HYDROCHLORIDE,MYLAN PHARMACEUTICALS INC,"Dec 22, 2015"
TRAMADOL HYDROCHLORIDE,"TABLET, EXTENDED RELEASE",ORAL,100MG,TRAMADOL HYDROCHLORIDE,PH HEALTH LTD,"Jun 27, 2012"
TRAMADOL HYDROCHLORIDE,"TABLET, EXTENDED RELEASE",ORAL,100MG,TRAMADOL HYDROCHLORIDE,STRIDES PHARMA INTERNATIONAL AG,"Nov 13, 2009"
TRAMADOL HYDROCHLORIDE,"TABLET, EXTENDED RELEASE",ORAL,100MG,TRAMADOL HYDROCHLORIDE,SUN PHARMACEUTICAL INDUSTRIES LTD,"Dec 30, 2011"
TRAMADOL HYDROCHLORIDE,"TABLET, EXTENDED RELEASE",ORAL,100MG,TRAMADOL HYDROCHLORIDE,SUN PHARMACEUTICAL INDUSTRIES LTD,"Dec 7, 2011"
TRAMADOL HYDROCHLORIDE,"TABLET, EXTENDED RELEASE",ORAL,200MG,TRAMADOL HYDROCHLORIDE,ACTAVIS ELIZABETH LLC,"Jun 27, 2012"
TRAMADOL HYDROCHLORIDE,"TABLET, EXTENDED RELEASE",ORAL,200MG,TRAMADOL HYDROCHLORIDE,AUROBINDO PHARMA LTD,"Oct 20, 2015"
TRAMADOL HYDROCHLORIDE,"TABLET, EXTENDED RELEASE",ORAL,200MG,TRAMADOL HYDROCHLORIDE,MYLAN PHARMACEUTICALS INC,"Dec 22, 2015"
TRAMADOL HYDROCHLORIDE,"TABLET, EXTENDED RELEASE",ORAL,200MG,TRAMADOL HYDROCHLORIDE,PH HEALTH LTD,"Jun 27, 2012"
TRAMADOL HYDROCHLORIDE,"TABLET, EXTENDED RELEASE",ORAL,200MG,TRAMADOL HYDROCHLORIDE,STRIDES PHARMA INTERNATIONAL AG,"Nov 13, 2009"
TRAMADOL HYDROCHLORIDE,"TABLET, EXTENDED RELEASE",ORAL,200MG,TRAMADOL HYDROCHLORIDE,SUN PHARMACEUTICAL INDUSTRIES LTD,"Dec 30, 2011"
TRAMADOL HYDROCHLORIDE,"TABLET, EXTENDED RELEASE",ORAL,200MG,TRAMADOL HYDROCHLORIDE,SUN PHARMACEUTICAL INDUSTRIES LTD,"Dec 7, 2011"
TRAMADOL HYDROCHLORIDE,"TABLET, EXTENDED RELEASE",ORAL,300MG,TRAMADOL HYDROCHLORIDE,ACTAVIS ELIZABETH LLC,"Jun 27, 2012"
TRAMADOL HYDROCHLORIDE,"TABLET, EXTENDED RELEASE",ORAL,300MG,TRAMADOL HYDROCHLORIDE,AUROBINDO PHARMA LTD,"Oct 20, 2015"
TRAMADOL HYDROCHLORIDE,"TABLET, EXTENDED RELEASE",ORAL,300MG,TRAMADOL HYDROCHLORIDE,MYLAN PHARMACEUTICALS INC,"Dec 22, 2015"
TRAMADOL HYDROCHLORIDE,"TABLET, EXTENDED RELEASE",ORAL,300MG,TRAMADOL HYDROCHLORIDE,PH HEALTH LTD,"Jun 27, 2012"
TRAMADOL HYDROCHLORIDE,"TABLET, EXTENDED RELEASE",ORAL,300MG,TRAMADOL HYDROCHLORIDE,STRIDES PHARMA INTERNATIONAL AG,"Sep 20, 2011"
TRAMADOL HYDROCHLORIDE,"TABLET, EXTENDED RELEASE",ORAL,300MG,TRAMADOL HYDROCHLORIDE,SUN PHARMACEUTICAL INDUSTRIES LTD,"Dec 30, 2011"
TRAMADOL HYDROCHLORIDE,"TABLET, EXTENDED RELEASE",ORAL,300MG,TRAMADOL HYDROCHLORIDE,SUN PHARMACEUTICAL INDUSTRIES LTD,"Dec 7, 2011"
TRAMADOL HYDROCHLORIDE,"TABLET, EXTENDED RELEASE",ORAL,100MG **Federal Register determination that product was not discontinued or withdrawn for safety or effectiveness reasons**,ULTRAM ER,VALEANT PHARMACEUTICALS NORTH AMERICA LLC,"Sep 8, 2005"
TRAMADOL HYDROCHLORIDE,"TABLET, EXTENDED RELEASE",ORAL,200MG **Federal Register determination that product was not discontinued or withdrawn for safety or effectiveness reasons**,ULTRAM ER,VALEANT PHARMACEUTICALS NORTH AMERICA LLC,"Sep 8, 2005"
TRAMADOL HYDROCHLORIDE,"TABLET, EXTENDED RELEASE",ORAL,300MG **Federal Register determination that product was not discontinued or withdrawn for safety or effectiveness reasons**,ULTRAM ER,VALEANT PHARMACEUTICALS NORTH AMERICA LLC,"Sep 8, 2005"
TRAMADOL HYDROCHLORIDE,"TABLET, ORALLY DISINTEGRATING",ORAL,50MG,RYBIX ODT,SHIONOGI INC,"May 5, 2005"
BUPIVACAINE; MELOXICAM,"SOLUTION, EXTENDED RELEASE",PERIARTICULAR,200MG/7ML (29.25MG/ML); 6MG/7ML (0.88MG/ML),ZYNRELEF KIT,HERON THERAPEUTICS INC,"May 12, 2021"
BUPIVACAINE; MELOXICAM,"SOLUTION, EXTENDED RELEASE",PERIARTICULAR,400MG/14ML (29.25MG/ML); 12MG/14ML (0.88MG/ML),ZYNRELEF KIT,HERON THERAPEUTICS INC,"May 12, 2021"
MELOXICAM,CAPSULE,ORAL,5MG,MELOXICAM,LUPIN LTD,"Jun 1, 2020"
MELOXICAM,CAPSULE,ORAL,5MG,MELOXICAM,NOVITIUM PHARMA LLC,"Mar 9, 2021"
MELOXICAM,CAPSULE,ORAL,10MG,MELOXICAM,LUPIN LTD,"Jun 1, 2020"
MELOXICAM,CAPSULE,ORAL,10MG,MELOXICAM,NOVITIUM PHARMA LLC,"Mar 9, 2021"
MELOXICAM,SOLUTION,INTRAVENOUS,30MG/ML (30MG/ML),QAMZOVA,NANJING DELOVA BIOTECH CO LTD,"Apr 22, 2025"
MELOXICAM,SOLUTION,INTRAVENOUS,30MG/ML (30MG/ML),XIFYRM,AZURITY PHARMACEUTICALS INC,"Jun 5, 2025"
MELOXICAM,SUSPENSION,ORAL,7.5MG/5ML,MELOXICAM,AVONDALE PHARMACEUTICALS LLC,"Jun 1, 2004"
MELOXICAM,TABLET,ORAL,7.5MG,MELOXICAM,AIPING PHARMACEUTICAL INC,"Jul 19, 2006"
MELOXICAM,TABLET,ORAL,7.5MG,MELOXICAM,ASCENT PHARMACEUTICALS INC,"Jun 7, 2023"
MELOXICAM,TABLET,ORAL,7.5MG,MELOXICAM,AUROBINDO PHARMA LTD,"Oct 2, 2006"
MELOXICAM,TABLET,ORAL,7.5MG,MELOXICAM,CIPLA LTD,"Jul 19, 2006"
MELOXICAM,TABLET,ORAL,7.5MG,MELOXICAM,COREPHARMA LLC,"Jul 20, 2006"
MELOXICAM,TABLET,ORAL,7.5MG,MELOXICAM,GLENMARK PHARMACEUTICALS LTD,"Jul 19, 2006"
MELOXICAM,TABLET,ORAL,7.5MG,MELOXICAM,NOVITIUM PHARMA LLC,"May 13, 2009"
MELOXICAM,TABLET,ORAL,7.5MG,MELOXICAM,PURACAP PHARMACEUTICAL LLC,"Jul 19, 2006"
MELOXICAM,TABLET,ORAL,7.5MG,MELOXICAM,RISING PHARMA HOLDINGS INC,"Jul 25, 2006"
MELOXICAM,TABLET,ORAL,7.5MG,MELOXICAM,UNICHEM LABORATORIES LTD,"Dec 20, 2006"
MELOXICAM,TABLET,ORAL,7.5MG,MELOXICAM,YUNG SHIN PHARMACEUTICAL INDUSTRIAL CO LTD,"Dec 7, 2006"
MELOXICAM,TABLET,ORAL,7.5MG,MELOXICAM,ZYDUS PHARMACEUTICALS USA INC,"Jul 19, 2006"
MELOXICAM,TABLET,ORAL,15MG,MELOXICAM,AIPING PHARMACEUTICAL INC,"Jul 19, 2006"
MELOXICAM,TABLET,ORAL,15MG,MELOXICAM,ASCENT PHARMACEUTICALS INC,"Jun 7, 2023"
MELOXICAM,TABLET,ORAL,15MG,MELOXICAM,AUROBINDO PHARMA LTD,"Oct 2, 2006"
MELOXICAM,TABLET,ORAL,15MG,MELOXICAM,CIPLA LTD,"Jul 19, 2006"
MELOXICAM,TABLET,ORAL,15MG,MELOXICAM,COREPHARMA LLC,"Jul 20, 2006"
MELOXICAM,TABLET,ORAL,15MG,MELOXICAM,GLENMARK PHARMACEUTICALS LTD,"Jul 19, 2006"
MELOXICAM,TABLET,ORAL,15MG,MELOXICAM,NOVITIUM PHARMA LLC,"May 13, 2009"
MELOXICAM,TABLET,ORAL,15MG,MELOXICAM,PURACAP PHARMACEUTICAL LLC,"Jul 19, 2006"
MELOXICAM,TABLET,ORAL,15MG,MELOXICAM,RISING PHARMA HOLDINGS INC,"Jul 25, 2006"
MELOXICAM,TABLET,ORAL,15MG,MELOXICAM,UNICHEM LABORATORIES LTD,"Dec 20, 2006"
MELOXICAM,TABLET,ORAL,15MG,MELOXICAM,YUNG SHIN PHARMACEUTICAL INDUSTRIAL CO LTD,"Dec 7, 2006"
MELOXICAM,TABLET,ORAL,15MG,MELOXICAM,ZYDUS PHARMACEUTICALS USA INC,"Jul 19, 2006"
MELOXICAM; RIZATRIPTAN BENZOATE,TABLET,ORAL,20MG; EQ 10MG BASE,SYMBRAVO,AXSOME THERAPEUTICS INC,"Jan 30, 2025"
BUPIVACAINE; MELOXICAM,"SOLUTION, EXTENDED RELEASE",PERIARTICULAR,60MG/2.3ML (29.25MG/ML); 1.8MG/2.3ML (0.88MG/ML),ZYNRELEF KIT,HERON THERAPEUTICS INC,"May 12, 2021"
BUPIVACAINE; MELOXICAM,"SOLUTION, EXTENDED RELEASE",PERIARTICULAR,300MG/10.5ML (29.25MG/ML); 9MG/10.5ML (0.88MG/ML),ZYNRELEF KIT,HERON THERAPEUTICS INC,"May 12, 2021"
MELOXICAM,CAPSULE,ORAL,5MG **Federal Register determination that product was not discontinued or withdrawn for safety or effectiveness reasons**,VIVLODEX,ICEUTICA OPERATIONS LLC,"Oct 22, 2015"
MELOXICAM,CAPSULE,ORAL,10MG **Federal Register determination that product was not discontinued or withdrawn for safety or effectiveness reasons**,VIVLODEX,ICEUTICA OPERATIONS LLC,"Oct 22, 2015"
MELOXICAM,SOLUTION,INTRAVENOUS,30MG/ML (30MG/ML) **Federal Register determination that product was not discontinued or withdrawn for safety or effectiveness reasons**,ANJESO,BAUDAX BIO INC,"Feb 20, 2020"
MELOXICAM,TABLET,ORAL,7.5MG,MELOXICAM,CHARTWELL RX SCIENCES LLC,"Jul 19, 2006"
MELOXICAM,TABLET,ORAL,7.5MG,MELOXICAM,CHINA RESOURCES DOUBLE CRANE PHARMACEUTICAL CO LTD,"Dec 14, 2006"
MELOXICAM,TABLET,ORAL,7.5MG,MELOXICAM,IMPAX LABORATORIES INC,"Jul 19, 2006"
MELOXICAM,TABLET,ORAL,7.5MG,MELOXICAM,LUPIN PHARMACEUTICALS INC,"Jul 19, 2006"
MELOXICAM,TABLET,ORAL,7.5MG,MELOXICAM,MYLAN PHARMACEUTICALS INC,"Jul 20, 2006"
MELOXICAM,TABLET,ORAL,7.5MG,MELOXICAM,NATCO PHARMA LTD,"Jul 19, 2006"
MELOXICAM,TABLET,ORAL,7.5MG,MELOXICAM,ROXANE LABORATORIES INC,"Jul 19, 2006"
MELOXICAM,TABLET,ORAL,7.5MG,MELOXICAM,SUN PHARMACEUTICAL INDUSTRIES INC,"Jul 19, 2006"
MELOXICAM,TABLET,ORAL,7.5MG,MELOXICAM,TARO PHARMACEUTICAL INDUSTRIES LTD,"Nov 7, 2006"
MELOXICAM,TABLET,ORAL,7.5MG,MELOXICAM,TP ANDA HOLDINGS LLC,"Jul 19, 2006"
MELOXICAM,TABLET,ORAL,7.5MG,MELOXICAM,YABAO PHARMACEUTICAL CO LTD BEIJING,"Jul 19, 2006"
MELOXICAM,TABLET,ORAL,15MG,MELOXICAM,CHARTWELL RX SCIENCES LLC,"Jul 19, 2006"
MELOXICAM,TABLET,ORAL,15MG,MELOXICAM,CHINA RESOURCES DOUBLE CRANE PHARMACEUTICAL CO LTD,"Dec 14, 2006"
MELOXICAM,TABLET,ORAL,15MG,MELOXICAM,IMPAX LABORATORIES INC,"Jul 19, 2006"
MELOXICAM,TABLET,ORAL,15MG,MELOXICAM,LUPIN PHARMACEUTICALS INC,"Jul 19, 2006"
MELOXICAM,TABLET,ORAL,15MG,MELOXICAM,MYLAN PHARMACEUTICALS INC,"Jul 20, 2006"
MELOXICAM,TABLET,ORAL,15MG,MELOXICAM,NATCO PHARMA LTD,"Jul 19, 2006"
MELOXICAM,TABLET,ORAL,15MG,MELOXICAM,ROXANE LABORATORIES INC,"Jul 19, 2006"
MELOXICAM,TABLET,ORAL,15MG,MELOXICAM,SUN PHARMACEUTICAL INDUSTRIES INC,"Jul 19, 2006"
MELOXICAM,TABLET,ORAL,15MG,MELOXICAM,TARO PHARMACEUTICAL INDUSTRIES LTD,"Nov 7, 2006"
MELOXICAM,TABLET,ORAL,15MG,MELOXICAM,TP ANDA HOLDINGS LLC,"Jul 19, 2006"
MELOXICAM,TABLET,ORAL,15MG,MELOXICAM,YABAO PHARMACEUTICAL CO LTD BEIJING,"Jul 19, 2006"
MELOXICAM,TABLET,ORAL,7.5MG **Federal Register determination that product was not discontinued or withdrawn for safety or effectiveness reasons**,MOBIC,BOEHRINGER INGELHEIM PHARMACEUTICALS INC,"Apr 13, 2000"
MELOXICAM,TABLET,ORAL,15MG **Federal Register determination that product was not discontinued or withdrawn for safety or effectiveness reasons**,MOBIC,BOEHRINGER INGELHEIM PHARMACEUTICALS INC,"Aug 23, 2000"
MELOXICAM,"TABLET, ORALLY DISINTEGRATING",ORAL,7.5MG **Federal Register determination that product was not discontinued or withdrawn for safety or effectiveness reasons**,QMIIZ ODT,TERSERA THERAPEUTICS LLC,"Oct 19, 2018"
MELOXICAM,"TABLET, ORALLY DISINTEGRATING",ORAL,15MG **Federal Register determination that product was not discontinued or withdrawn for safety or effectiveness reasons**,QMIIZ ODT,TERSERA THERAPEUTICS LLC,"Oct 19, 2018"
ACETAMINOPHEN; IBUPROFEN,TABLET,ORAL,325MG; 97.5MG,COMBOGESIC,AFT PHARMACEUTICALS US INC,"Mar 1, 2023"
ACETAMINOPHEN; IBUPROFEN SODIUM,SOLUTION,INTRAVENOUS,1GM/100ML (10MG/ML); EQ 300MG BASE/100ML (EQ 3MG BASE/ML),COMBOGESIC IV,HIKMA PHARMACEUTICALS USA INC,"Oct 17, 2023"
FAMOTIDINE; IBUPROFEN,TABLET,ORAL,26.6MG; 800MG,IBUPROFEN AND FAMOTIDINE,ALKEM LABORATORIES LTD,"Aug 3, 2021"
FAMOTIDINE; IBUPROFEN,TABLET,ORAL,26.6MG; 800MG,IBUPROFEN AND FAMOTIDINE,ASCENT PHARMACEUTICALS INC,"Mar 15, 2023"
FAMOTIDINE; IBUPROFEN,TABLET,ORAL,26.6MG; 800MG,IBUPROFEN AND FAMOTIDINE,PH HEALTH LTD,"Mar 22, 2024"
FAMOTIDINE; IBUPROFEN,TABLET,ORAL,26.6MG; 800MG,IBUPROFEN AND FAMOTIDINE,ZYDUS LIFESCIENCES LTD,"Feb 20, 2025"
HYDROCODONE BITARTRATE; IBUPROFEN,TABLET,ORAL,5MG; 200MG,HYDROCODONE BITARTRATE AND IBUPROFEN,AMNEAL PHARMACEUTICALS NY LLC,"Mar 18, 2004"
HYDROCODONE BITARTRATE; IBUPROFEN,TABLET,ORAL,7.5MG; 200MG,HYDROCODONE BITARTRATE AND IBUPROFEN,ACTAVIS LABORATORIES FL INC,"Dec 31, 2003"
HYDROCODONE BITARTRATE; IBUPROFEN,TABLET,ORAL,7.5MG; 200MG,HYDROCODONE BITARTRATE AND IBUPROFEN,AMNEAL PHARMACEUTICALS NY LLC,"Oct 12, 2004"
HYDROCODONE BITARTRATE; IBUPROFEN,TABLET,ORAL,7.5MG; 200MG,HYDROCODONE BITARTRATE AND IBUPROFEN,AUROLIFE PHARMA LLC,"Jun 2, 2016"
IBUPROFEN,SOLUTION,INTRAVENOUS,800MG/8ML (100MG/ML),CALDOLOR,CUMBERLAND PHARMACEUTICALS INC,"Jun 11, 2009"
IBUPROFEN,SOLUTION,INTRAVENOUS,800MG/200ML (4MG/ML),CALDOLOR,CUMBERLAND PHARMACEUTICALS INC,"Jan 25, 2019"
IBUPROFEN,SUSPENSION,ORAL,100MG/5ML,IBUPROFEN,ACTAVIS MID ATLANTIC LLC AN INDIRECT WHOLLY OWNED SUB OF TEVA PHARMACEUTICALS USA INC,"Mar 25, 1998"
IBUPROFEN,SUSPENSION,ORAL,100MG/5ML,IBUPROFEN,AUROBINDO PHARMA LTD,"Feb 16, 2018"
IBUPROFEN,SUSPENSION,ORAL,100MG/5ML,IBUPROFEN,PADAGIS US LLC,"Sep 23, 2004"
IBUPROFEN,SUSPENSION,ORAL,100MG/5ML,IBUPROFEN,STRIDES PHARMA GLOBAL PTE LTD,"May 27, 2022"
IBUPROFEN,SUSPENSION,ORAL,100MG/5ML,IBUPROFEN,SUN PHARMA CANADA INC,"Jun 23, 2017"
IBUPROFEN,TABLET,ORAL,300MG,IBUPROFEN,SHANDONG XINHUA PHARMACEUTICAL CO LTD,"Jul 5, 2024"
IBUPROFEN,TABLET,ORAL,400MG,IBUPROFEN,ALKEM LABORATORIES LTD,"Sep 13, 2021"
IBUPROFEN,TABLET,ORAL,400MG,IBUPROFEN,AMNEAL PHARMACEUTICALS NY LLC,"Nov 25, 1986"
IBUPROFEN,TABLET,ORAL,400MG,IBUPROFEN,AMNEAL PHARMACEUTICALS NY LLC,"Jun 18, 2007"
IBUPROFEN,TABLET,ORAL,400MG,IBUPROFEN,AUROBINDO PHARMA LTD,"May 8, 2020"
IBUPROFEN,TABLET,ORAL,400MG,IBUPROFEN,CONTRACT PHARMACAL CORP,"Oct 15, 1986"
IBUPROFEN,TABLET,ORAL,400MG,IBUPROFEN,DR REDDYS LABORATORIES INC,"Nov 14, 2001"
IBUPROFEN,TABLET,ORAL,400MG,IBUPROFEN,DR REDDYS LABORATORIES INC,"Oct 31, 2001"
IBUPROFEN,TABLET,ORAL,400MG,IBUPROFEN,GRANULES INDIA LTD,"Sep 15, 2015"
IBUPROFEN,TABLET,ORAL,400MG,IBUPROFEN,MARKSANS PHARMA LTD,"Dec 21, 2010"
IBUPROFEN,TABLET,ORAL,400MG,IBUPROFEN,SHANDONG XINHUA PHARMACEUTICAL CO LTD,"Nov 23, 2016"
IBUPROFEN,TABLET,ORAL,400MG,IBUPROFEN,STRIDES PHARMA GLOBAL PTE LTD,"Feb 5, 2009"
IBUPROFEN,TABLET,ORAL,400MG,IBUPROFEN,YICHANG HUMANWELL PHARMACEUTICAL CO LTD,"Mar 30, 2022"
IBUPROFEN,TABLET,ORAL,600MG,IBUPROFEN,ALKEM LABORATORIES LTD,"Sep 13, 2021"
IBUPROFEN,TABLET,ORAL,600MG,IBUPROFEN,AMNEAL PHARMACEUTICALS NY LLC,"Nov 25, 1986"
IBUPROFEN,TABLET,ORAL,600MG,IBUPROFEN,AMNEAL PHARMACEUTICALS NY LLC,"Jun 18, 2007"
IBUPROFEN,TABLET,ORAL,600MG,IBUPROFEN,AUROBINDO PHARMA LTD,"May 8, 2020"
IBUPROFEN,TABLET,ORAL,600MG,IBUPROFEN,CONTRACT PHARMACAL CORP,"Oct 15, 1986"
IBUPROFEN,TABLET,ORAL,600MG,IBUPROFEN,DR REDDYS LABORATORIES INC,"Nov 14, 2001"
IBUPROFEN,TABLET,ORAL,600MG,IBUPROFEN,DR REDDYS LABORATORIES INC,"Oct 31, 2001"
IBUPROFEN,TABLET,ORAL,600MG,IBUPROFEN,GRANULES INDIA LTD,"Sep 15, 2015"
IBUPROFEN,TABLET,ORAL,600MG,IBUPROFEN,MARKSANS PHARMA LTD,"Dec 21, 2010"
IBUPROFEN,TABLET,ORAL,600MG,IBUPROFEN,SHANDONG XINHUA PHARMACEUTICAL CO LTD,"Nov 23, 2016"
IBUPROFEN,TABLET,ORAL,600MG,IBUPROFEN,STRIDES PHARMA GLOBAL PTE LTD,"Feb 5, 2009"
IBUPROFEN,TABLET,ORAL,600MG,IBUPROFEN,YICHANG HUMANWELL PHARMACEUTICAL CO LTD,"Mar 30, 2022"
IBUPROFEN,TABLET,ORAL,800MG,IBUPROFEN,ALKEM LABORATORIES LTD,"Sep 13, 2021"
IBUPROFEN,TABLET,ORAL,800MG,IBUPROFEN,AMNEAL PHARMACEUTICALS NY LLC,"Oct 13, 1987"
IBUPROFEN,TABLET,ORAL,800MG,IBUPROFEN,AMNEAL PHARMACEUTICALS NY LLC,"Jun 18, 2007"
IBUPROFEN,TABLET,ORAL,800MG,IBUPROFEN,AUROBINDO PHARMA LTD,"May 8, 2020"
IBUPROFEN,TABLET,ORAL,800MG,IBUPROFEN,CONTRACT PHARMACAL CORP,"Jul 1, 1988"
IBUPROFEN,TABLET,ORAL,800MG,IBUPROFEN,DR REDDYS LABORATORIES INC,"Nov 14, 2001"
IBUPROFEN,TABLET,ORAL,800MG,IBUPROFEN,DR REDDYS LABORATORIES INC,"Oct 31, 2001"
IBUPROFEN,TABLET,ORAL,800MG,IBUPROFEN,GRANULES INDIA LTD,"Sep 15, 2015"
IBUPROFEN,TABLET,ORAL,800MG,IBUPROFEN,MARKSANS PHARMA LTD,"Dec 21, 2010"
IBUPROFEN,TABLET,ORAL,800MG,IBUPROFEN,SHANDONG XINHUA PHARMACEUTICAL CO LTD,"Nov 23, 2016"
IBUPROFEN,TABLET,ORAL,800MG,IBUPROFEN,STRIDES PHARMA GLOBAL PTE LTD,"Feb 5, 2009"
IBUPROFEN,TABLET,ORAL,800MG,IBUPROFEN,YICHANG HUMANWELL PHARMACEUTICAL CO LTD,"Mar 30, 2022"
IBUPROFEN LYSINE,INJECTABLE,INTRAVENOUS,EQ 20MG BASE/2ML (EQ 10MG BASE/ML),IBUPROFEN LYSINE,XGEN PHARMACEUTICALS DJB INC,"Mar 30, 2016"
IBUPROFEN LYSINE,INJECTABLE,INTRAVENOUS,EQ 20MG BASE/2ML (EQ 10MG BASE/ML),NEOPROFEN,RECORDATI RARE DISEASES INC,"Apr 13, 2006"
ACETAMINOPHEN; IBUPROFEN,TABLET,ORAL,250MG; 125MG,ACETAMINOPHEN AND IBUPROFEN,AUROBINDO PHARMA LTD,"Mar 26, 2024"
ACETAMINOPHEN; IBUPROFEN,TABLET,ORAL,250MG; 125MG,ACETAMINOPHEN AND IBUPROFEN,BIONPHARMA INC,"Aug 1, 2023"
ACETAMINOPHEN; IBUPROFEN,TABLET,ORAL,250MG; 125MG,ACETAMINOPHEN AND IBUPROFEN,DR REDDYS LABORATORIES LTD,"Aug 23, 2024"
ACETAMINOPHEN; IBUPROFEN,TABLET,ORAL,250MG; 125MG,ACETAMINOPHEN AND IBUPROFEN,GLENMARK PHARMACEUTICALS LTD,"Apr 26, 2024"
ACETAMINOPHEN; IBUPROFEN,TABLET,ORAL,250MG; 125MG,ACETAMINOPHEN AND IBUPROFEN,GRANULES PHARMACEUTICALS INC,"Jul 13, 2023"
ACETAMINOPHEN; IBUPROFEN,TABLET,ORAL,250MG; 125MG,ACETAMINOPHEN AND IBUPROFEN,L PERRIGO CO,"Feb 28, 2023"
ACETAMINOPHEN; IBUPROFEN,TABLET,ORAL,250MG; 125MG,ACETAMINOPHEN AND IBUPROFEN,LNK INTERNATIONAL INC,"Dec 11, 2025"
ACETAMINOPHEN; IBUPROFEN,TABLET,ORAL,250MG; 125MG,ACETAMINOPHEN AND IBUPROFEN,MARKSANS PHARMA LTD,"Jul 10, 2023"
ACETAMINOPHEN; IBUPROFEN,TABLET,ORAL,250MG; 125MG,ACETAMINOPHEN AND IBUPROFEN,TARO PHARMACEUTICAL INDUSTRIES LTD,"Jan 2, 2026"
ACETAMINOPHEN; IBUPROFEN,TABLET,ORAL,250MG; 125MG,ADVIL DUAL ACTION WITH ACETAMINOPHEN,HALEON US HOLDINGS LLC,"Feb 28, 2020"
CHLORPHENIRAMINE MALEATE; IBUPROFEN; PHENYLEPHRINE HYDROCHLORIDE,TABLET,ORAL,4MG; 200MG; 10MG,ADVIL ALLERGY AND CONGESTION RELIEF,HALEON US HOLDINGS LLC,"Dec 21, 2011"
CHLORPHENIRAMINE MALEATE; IBUPROFEN; PHENYLEPHRINE HYDROCHLORIDE,TABLET,ORAL,4MG; 200MG; 10MG,ADVIL MULTI-SYMPTOM COLD & FLU,HALEON US HOLDINGS LLC,"Apr 28, 2017"
CHLORPHENIRAMINE MALEATE; IBUPROFEN; PSEUDOEPHEDRINE HYDROCHLORIDE,SUSPENSION,ORAL,1MG/5ML; 100MG/5ML; 15MG/5ML,CHILDREN'S ADVIL ALLERGY SINUS,HALEON US HOLDINGS LLC,"Feb 24, 2004"
CHLORPHENIRAMINE MALEATE; IBUPROFEN; PSEUDOEPHEDRINE HYDROCHLORIDE,TABLET,ORAL,2MG; 200MG; 30MG,ADVIL ALLERGY SINUS,HALEON US HOLDINGS LLC,"Dec 19, 2002"
DIPHENHYDRAMINE CITRATE; IBUPROFEN,TABLET,ORAL,38MG; 200MG,ADVIL PM,HALEON US HOLDINGS LLC,"Dec 21, 2005"
DIPHENHYDRAMINE CITRATE; IBUPROFEN,TABLET,ORAL,38MG; 200MG,IBUPROFEN AND DIPHENHYDRAMINE CITRATE,AUROBINDO PHARMA LTD,"May 31, 2022"
DIPHENHYDRAMINE CITRATE; IBUPROFEN,TABLET,ORAL,38MG; 200MG,IBUPROFEN AND DIPHENHYDRAMINE CITRATE,DR REDDYS LABORATORIES LTD,"Jul 8, 2009"
DIPHENHYDRAMINE CITRATE; IBUPROFEN,TABLET,ORAL,38MG; 200MG,IBUPROFEN AND DIPHENHYDRAMINE CITRATE,PERRIGO R AND D CO,"Dec 22, 2008"
DIPHENHYDRAMINE CITRATE; IBUPROFEN,TABLET,ORAL,38MG; 200MG,IBUPROFEN AND DIPHENHYDRAMINE CITRATE,PLD ACQUISITIONS LLC,"Apr 11, 2024"
DIPHENHYDRAMINE HYDROCHLORIDE; IBUPROFEN,CAPSULE,ORAL,25MG; EQ 200MG FREE ACID AND POTASSIUM SALT,ADVIL PM,HALEON US HOLDINGS LLC,"Dec 21, 2005"
DIPHENHYDRAMINE HYDROCHLORIDE; IBUPROFEN,CAPSULE,ORAL,25MG; EQ 200MG FREE ACID AND POTASSIUM SALT,IBUPROFEN AND DIPHENHYDRAMINE HYDROCHLORIDE,AUROBINDO PHARMA LTD,"Feb 14, 2019"
DIPHENHYDRAMINE HYDROCHLORIDE; IBUPROFEN,CAPSULE,ORAL,25MG; EQ 200MG FREE ACID AND POTASSIUM SALT,IBUPROFEN AND DIPHENHYDRAMINE HYDROCHLORIDE,BIONPHARMA INC,"Nov 22, 2010"
DIPHENHYDRAMINE HYDROCHLORIDE; IBUPROFEN,CAPSULE,ORAL,25MG; EQ 200MG FREE ACID AND POTASSIUM SALT,IBUPROFEN AND DIPHENHYDRAMINE HYDROCHLORIDE,ONESOURCE SPECIALTY PTE LTD,"Mar 5, 2012"
IBUPROFEN,CAPSULE,ORAL,EQ 200MG FREE ACID AND POTASSIUM SALT,ADVIL LIQUI-GELS,HALEON US HOLDINGS LLC,"Apr 20, 1995"
IBUPROFEN,CAPSULE,ORAL,EQ 200MG FREE ACID AND POTASSIUM SALT,ADVIL MIGRAINE LIQUI-GELS,HALEON US HOLDINGS LLC,"Mar 16, 2000"
IBUPROFEN,CAPSULE,ORAL,EQ 200MG FREE ACID AND POTASSIUM SALT,IBUPROFEN,AMNEAL PHARMACEUTICALS OF NEW YORK LLC,"Dec 23, 2011"
IBUPROFEN,CAPSULE,ORAL,EQ 200MG FREE ACID AND POTASSIUM SALT,IBUPROFEN,ASCENT PHARMACEUTICALS INC,"Dec 21, 2017"
IBUPROFEN,CAPSULE,ORAL,EQ 200MG FREE ACID AND POTASSIUM SALT,IBUPROFEN,AUROBINDO PHARMA LTD,"Jun 29, 2018"
IBUPROFEN,CAPSULE,ORAL,EQ 200MG FREE ACID AND POTASSIUM SALT,IBUPROFEN,AUROBINDO PHARMA LTD,"Sep 14, 2023"
IBUPROFEN,CAPSULE,ORAL,EQ 200MG FREE ACID AND POTASSIUM SALT,IBUPROFEN,BIONPHARMA INC,"Mar 24, 2009"
IBUPROFEN,CAPSULE,ORAL,EQ 200MG FREE ACID AND POTASSIUM SALT,IBUPROFEN,HUMANWELL PURACAP PHARMACEUTICAL WUHAN CO LTD,"Jun 21, 2016"
IBUPROFEN,CAPSULE,ORAL,EQ 200MG FREE ACID AND POTASSIUM SALT,IBUPROFEN,MARKSANS PHARMA LTD,"Jun 26, 2009"
IBUPROFEN,CAPSULE,ORAL,EQ 200MG FREE ACID AND POTASSIUM SALT,IBUPROFEN,ONESOURCE SPECIALTY PTE LTD,"Mar 28, 2018"
IBUPROFEN,CAPSULE,ORAL,EQ 200MG FREE ACID AND POTASSIUM SALT,IBUPROFEN,P AND L DEVELOPMENT LLC DBA PLD DEVELOPMENTS LLC,"Jul 10, 2009"
IBUPROFEN,CAPSULE,ORAL,EQ 200MG FREE ACID AND POTASSIUM SALT,IBUPROFEN,PATHEON SOFTGELS BV,"Feb 13, 2024"
IBUPROFEN,CAPSULE,ORAL,EQ 200MG FREE ACID AND POTASSIUM SALT,IBUPROFEN,SOFGEN PHARMACEUTICALS LLC,"Sep 7, 2016"
IBUPROFEN,CAPSULE,ORAL,200MG,MIDOL LIQUID GELS,BIONPHARMA INC,"Oct 18, 2002"
IBUPROFEN,SUSPENSION,ORAL,100MG/5ML,CHILDREN'S ADVIL,HALEON US HOLDINGS LLC,"Jun 27, 1996"
IBUPROFEN,SUSPENSION,ORAL,100MG/5ML,CHILDREN'S ADVIL-FLAVORED,HALEON US HOLDINGS LLC,"Nov 7, 1997"
IBUPROFEN,SUSPENSION,ORAL,100MG/5ML,CHILDREN'S IBUPROFEN,L PERRIGO CO,"Dec 22, 1998"
IBUPROFEN,SUSPENSION,ORAL,100MG/5ML,CHILDREN'S MOTRIN,KENVUE BRANDS LLC,"Jun 16, 1995"
IBUPROFEN,SUSPENSION,ORAL,100MG/5ML,IBUPROFEN,ANNORA PHARMA PRIVATE LTD,"Nov 23, 2018"
IBUPROFEN,SUSPENSION,ORAL,100MG/5ML,IBUPROFEN,AUROBINDO PHARMA LTD,"Apr 17, 2018"
IBUPROFEN,SUSPENSION,ORAL,100MG/5ML,IBUPROFEN,GUARDIAN DRUG CO,"Aug 17, 2018"
IBUPROFEN,SUSPENSION,ORAL,100MG/5ML,IBUPROFEN,P AND L DEVELOPMENT LLC,"Apr 30, 1999"
IBUPROFEN,SUSPENSION,ORAL,100MG/5ML,IBUPROFEN,PAI HOLDINGS LLC DBA PHARMACEUTICAL ASSOCIATES INC,"Nov 8, 2024"
IBUPROFEN,SUSPENSION,ORAL,100MG/5ML,IBUPROFEN,STRIDES PHARMA GLOBAL PTE LTD,"Feb 22, 2021"
IBUPROFEN,SUSPENSION,ORAL,100MG/5ML,IBUPROFEN,SUN PHARMA CANADA INC,"Jun 27, 2017"
IBUPROFEN,SUSPENSION/DROPS,ORAL,40MG/ML,CHILDREN'S MOTRIN,KENVUE BRANDS LLC,"Jun 10, 1996"
IBUPROFEN,SUSPENSION/DROPS,ORAL,40MG/ML,IBUPROFEN,AUROBINDO PHARMA LTD,"Apr 8, 2024"
IBUPROFEN,SUSPENSION/DROPS,ORAL,40MG/ML,IBUPROFEN,GUARDIAN DRUG CO,"Sep 26, 2018"
IBUPROFEN,SUSPENSION/DROPS,ORAL,40MG/ML,IBUPROFEN,L PERRIGO CO,"Dec 16, 1998"
IBUPROFEN,SUSPENSION/DROPS,ORAL,40MG/ML,IBUPROFEN,SUN PHARMA CANADA INC,"Aug 8, 2023"
IBUPROFEN,SUSPENSION/DROPS,ORAL,40MG/ML,IBUPROFEN,TRIS PHARMA INC,"Aug 31, 2009"
IBUPROFEN,SUSPENSION/DROPS,ORAL,50MG/1.25ML,INFANT'S ADVIL,HALEON US HOLDINGS LLC,"Jan 12, 2000"
IBUPROFEN,TABLET,ORAL,200MG,ADVIL,HALEON US HOLDINGS LLC,"May 18, 1984"
IBUPROFEN,TABLET,ORAL,200MG,IBUPROFEN,ADAPTIS PHARMA PRIVATE LTD,"Jul 1, 1988"
IBUPROFEN,TABLET,ORAL,200MG,IBUPROFEN,AMNEAL PHARMACEUTICALS NY LLC,"Feb 17, 1987"
IBUPROFEN,TABLET,ORAL,200MG,IBUPROFEN,AMNEAL PHARMACEUTICALS NY LLC,"May 23, 1988"
IBUPROFEN,TABLET,ORAL,200MG,IBUPROFEN,AMNEAL PHARMACEUTICALS OF NEW YORK LLC,"Mar 18, 2014"
IBUPROFEN,TABLET,ORAL,200MG,IBUPROFEN,AUROBINDO PHARMA LTD,"Nov 8, 2017"
IBUPROFEN,TABLET,ORAL,200MG,IBUPROFEN,AVEMA PHARMA SOLUTIONS,"Nov 26, 2003"
IBUPROFEN,TABLET,ORAL,200MG,IBUPROFEN,DR REDDYS LABORATORIES INC,"Dec 12, 2001"
IBUPROFEN,TABLET,ORAL,200MG,IBUPROFEN,DR REDDYS LABORATORIES INC,"Nov 20, 2001"
IBUPROFEN,TABLET,ORAL,200MG,IBUPROFEN,GRANULES INDIA LTD,"Dec 10, 2010"
IBUPROFEN,TABLET,ORAL,200MG,IBUPROFEN,GRANULES INDIA LTD,"Oct 7, 2016"
IBUPROFEN,TABLET,ORAL,200MG,IBUPROFEN,L PERRIGO CO,"Dec 8, 1987"
IBUPROFEN,TABLET,ORAL,200MG,IBUPROFEN,LNK INTERNATIONAL INC,"Mar 1, 1999"
IBUPROFEN,TABLET,ORAL,200MG,IBUPROFEN,LNK INTERNATIONAL INC,"Mar 1, 1999"
IBUPROFEN,TABLET,ORAL,200MG,IBUPROFEN,MARKSANS PHARMA LTD,"Feb 8, 2011"
IBUPROFEN,TABLET,ORAL,200MG,IBUPROFEN,MARKSANS PHARMA LTD,"Feb 1, 2011"
IBUPROFEN,TABLET,ORAL,200MG,IBUPROFEN,MCNEIL CONSUMER PRODUCTS CO DIV MCNEILAB INC,"Mar 30, 1994"
IBUPROFEN,TABLET,ORAL,200MG,IBUPROFEN,PERRIGO R AND D CO,"Jun 21, 2005"
IBUPROFEN,TABLET,ORAL,200MG,IBUPROFEN,PH HEALTH LTD,"Apr 1, 1987"
IBUPROFEN,TABLET,ORAL,200MG,IBUPROFEN,SHANDONG XINHUA PHARMACEUTICAL CO LTD,"May 5, 2017"
IBUPROFEN,TABLET,ORAL,200MG,IBUPROFEN,SHANDONG XINHUA PHARMACEUTICAL CO LTD,"Aug 21, 2018"
IBUPROFEN,TABLET,ORAL,200MG,IBUPROFEN,STRIDES PHARMA GLOBAL PTE LTD,"Mar 28, 2011"
IBUPROFEN,TABLET,ORAL,200MG,IBUPROFEN,STRIDES PHARMA GLOBAL PTE LTD,"Apr 4, 2011"
IBUPROFEN,TABLET,ORAL,100MG,JUNIOR STRENGTH ADVIL,HALEON US HOLDINGS LLC,"Dec 13, 1996"
IBUPROFEN,TABLET,ORAL,100MG,JUNIOR STRENGTH MOTRIN,KENVUE BRANDS LLC,"Jun 10, 1996"
IBUPROFEN,TABLET,ORAL,200MG,MOTRIN IB,KENVUE BRANDS LLC,"Dec 17, 1990"
IBUPROFEN,"TABLET, CHEWABLE",ORAL,50MG,CHILDREN'S ADVIL,HALEON US HOLDINGS LLC,"Dec 18, 1998"
IBUPROFEN,"TABLET, CHEWABLE",ORAL,100MG,IBUPROFEN,L PERRIGO CO,"Jan 16, 2004"
IBUPROFEN,"TABLET, CHEWABLE",ORAL,100MG,JUNIOR STRENGTH ADVIL,HALEON US HOLDINGS LLC,"Dec 18, 1998"
IBUPROFEN SODIUM,TABLET,ORAL,EQ 200MG BASE,ADVIL,HALEON US HOLDINGS LLC,"Jun 12, 2012"
IBUPROFEN; PHENYLEPHRINE HYDROCHLORIDE,TABLET,ORAL,200MG; 10MG,ADVIL CONGESTION RELIEF,HALEON US HOLDINGS LLC,"May 27, 2010"
IBUPROFEN; PHENYLEPHRINE HYDROCHLORIDE,TABLET,ORAL,200MG; 10MG,IBUPROFEN AND PHENYLEPHRINE HYDROCHLORIDE,PERRIGO R AND D CO,"Jul 3, 2014"
IBUPROFEN; PSEUDOEPHEDRINE HYDROCHLORIDE,CAPSULE,ORAL,EQ 200MG FREE ACID AND POTASSIUM SALT; 30MG,ADVIL COLD AND SINUS,HALEON US HOLDINGS LLC,"May 30, 2002"
IBUPROFEN; PSEUDOEPHEDRINE HYDROCHLORIDE,CAPSULE,ORAL,EQ 200MG FREE ACID AND POTASSIUM SALT; 30MG,IBUPROFEN AND PSEUDOEPHEDRINE HYDROCHLORIDE,AUROBINDO PHARMA LTD,"Dec 1, 2017"
IBUPROFEN; PSEUDOEPHEDRINE HYDROCHLORIDE,SUSPENSION,ORAL,100MG/5ML; 15MG/5ML,CHILDREN'S ADVIL COLD,HALEON US HOLDINGS LLC,"Apr 18, 2002"
IBUPROFEN; PSEUDOEPHEDRINE HYDROCHLORIDE,SUSPENSION,ORAL,100MG/5ML; 15MG/5ML,CHILDREN'S MOTRIN COLD,KENVUE BRANDS LLC,"Aug 1, 2000"
IBUPROFEN; PSEUDOEPHEDRINE HYDROCHLORIDE,TABLET,ORAL,200MG; 30MG,ADVIL COLD AND SINUS,HALEON US HOLDINGS LLC,"Sep 19, 1989"
IBUPROFEN; PSEUDOEPHEDRINE HYDROCHLORIDE,TABLET,ORAL,200MG; 30MG,IBUPROFEN AND PSEUDOEPHEDRINE HYDROCHLORIDE,AUROBINDO PHARMA LTD,"Mar 10, 2023"
IBUPROFEN; PSEUDOEPHEDRINE HYDROCHLORIDE,TABLET,ORAL,200MG; 30MG,IBUPROFEN AND PSEUDOEPHEDRINE HYDROCHLORIDE,STRIDES PHARMA GLOBAL PTE LTD,"Aug 14, 2006"
IBUPROFEN; PSEUDOEPHEDRINE HYDROCHLORIDE,TABLET,ORAL,200MG; 30MG,IBUPROHM COLD AND SINUS,OHM LABORATORIES INC,"Apr 17, 2001"
IBUPROFEN; PSEUDOEPHEDRINE HYDROCHLORIDE,TABLET,ORAL,200MG; 30MG,SINE-AID IB,KENVUE BRANDS LLC,"Dec 31, 1992"
ACETAMINOPHEN; IBUPROFEN,TABLET,ORAL,250MG; 125MG,ACETAMINOPHEN AND IBUPROFEN,STRIDES PHARMA GLOBAL PTE LTD,"Jan 17, 2025"
FAMOTIDINE; IBUPROFEN,TABLET,ORAL,26.6MG; 800MG **Federal Register determination that product was not discontinued or withdrawn for safety or effectiveness reasons**,DUEXIS,HORIZON MEDICINES LLC,"Apr 23, 2011"
FAMOTIDINE; IBUPROFEN,TABLET,ORAL,26.6MG; 800MG,IBUPROFEN AND FAMOTIDINE,AUROBINDO PHARMA LTD,"Jun 30, 2025"
FAMOTIDINE; IBUPROFEN,TABLET,ORAL,26.6MG; 800MG,IBUPROFEN AND FAMOTIDINE,TEVA PHARMACEUTICALS USA,"Oct 29, 2021"
FAMOTIDINE; IBUPROFEN,TABLET,ORAL,26.6MG; 800MG,IBUPROFEN AND FAMOTIDINE,TORRENT PHARMACEUTICALS LTD,"Mar 18, 2024"
HYDROCODONE BITARTRATE; IBUPROFEN,TABLET,ORAL,5MG; 200MG,HYDROCODONE,STRIDES PHARMA GLOBAL PTE LTD,"Nov 6, 2006"
HYDROCODONE BITARTRATE; IBUPROFEN,TABLET,ORAL,2.5MG; 200MG,HYDROCODONE BITARTRATE AND IBUPROFEN,SUN PHARMACEUTICAL INDUSTRIES INC,"May 28, 2013"
HYDROCODONE BITARTRATE; IBUPROFEN,TABLET,ORAL,5MG; 200MG,HYDROCODONE BITARTRATE AND IBUPROFEN,ANI PHARMACEUTICALS INC,"Jun 23, 2010"
HYDROCODONE BITARTRATE; IBUPROFEN,TABLET,ORAL,5MG; 200MG,HYDROCODONE BITARTRATE AND IBUPROFEN,SUN PHARMACEUTICAL INDUSTRIES INC,"May 28, 2013"
HYDROCODONE BITARTRATE; IBUPROFEN,TABLET,ORAL,7.5MG; 200MG,HYDROCODONE BITARTRATE AND IBUPROFEN,STRIDES PHARMA GLOBAL PTE LTD,"Nov 6, 2006"
HYDROCODONE BITARTRATE; IBUPROFEN,TABLET,ORAL,7.5MG; 200MG,HYDROCODONE BITARTRATE AND IBUPROFEN,SUN PHARMACEUTICAL INDUSTRIES INC,"May 28, 2013"
HYDROCODONE BITARTRATE; IBUPROFEN,TABLET,ORAL,7.5MG; 200MG,HYDROCODONE BITARTRATE AND IBUPROFEN,TEVA PHARMACEUTICALS USA INC,"Apr 11, 2003"
HYDROCODONE BITARTRATE; IBUPROFEN,TABLET,ORAL,10MG; 200MG,HYDROCODONE BITARTRATE AND IBUPROFEN,STRIDES PHARMA GLOBAL PTE LTD,"Nov 6, 2006"
HYDROCODONE BITARTRATE; IBUPROFEN,TABLET,ORAL,10MG; 200MG,HYDROCODONE BITARTRATE AND IBUPROFEN,SUN PHARMACEUTICAL INDUSTRIES INC,"May 28, 2013"
HYDROCODONE BITARTRATE; IBUPROFEN,TABLET,ORAL,2.5MG; 200MG,REPREXAIN,AMNEAL PHARMACEUTICALS NY LLC,"Oct 19, 2007"
HYDROCODONE BITARTRATE; IBUPROFEN,TABLET,ORAL,10MG; 200MG,REPREXAIN,AMNEAL PHARMACEUTICALS NY LLC,"Oct 19, 2007"
HYDROCODONE BITARTRATE; IBUPROFEN,TABLET,ORAL,7.5MG; 200MG **Federal Register determination that product was not discontinued or withdrawn for safety or effectiveness reasons**,VICOPROFEN,ABBVIE INC,"Sep 23, 1997"
IBUPROFEN,CAPSULE,ORAL,200MG,IBUPROFEN,CONTRACT PHARMACAL CORP,"Jul 6, 1998"
IBUPROFEN,CAPSULE,ORAL,200MG **Federal Register determination that product was not discontinued or withdrawn for safety or effectiveness reasons**,MIDOL,BAYER HEALTHCARE LLC,"Sep 2, 1987"
IBUPROFEN,CAPSULE,ORAL,200MG **Federal Register determination that product was not discontinued or withdrawn for safety or effectiveness reasons**,MIDOL,BAYER HEALTHCARE LLC,"Sep 2, 1987"
IBUPROFEN,SOLUTION,INTRAVENOUS,400MG/4ML (100MG/ML),CALDOLOR,CUMBERLAND PHARMACEUTICALS INC,"Jun 11, 2009"
IBUPROFEN,SUSPENSION,ORAL,100MG/5ML,CHILDREN'S ADVIL,HALEON US HOLDINGS LLC,"Sep 19, 1989"
IBUPROFEN,SUSPENSION,ORAL,100MG/5ML,CHILDREN'S ELIXSURE,MOBERG PHARMA NORTH AMERICA LLC,"Jan 7, 2004"
IBUPROFEN,SUSPENSION,ORAL,100MG/5ML,IBU,ABBOTT LABORATORIES PHARMACEUTICAL PRODUCTS DIV,"Dec 18, 1989"
IBUPROFEN,SUSPENSION,ORAL,100MG/5ML,IBUPROFEN,ARISE PHARMACEUTICALS LLC,"Aug 18, 2011"
IBUPROFEN,SUSPENSION,ORAL,100MG/5ML,IBUPROFEN,PAI HOLDINGS LLC DBA PHARMACEUTICAL ASSOCIATES INC,"Nov 3, 2016"
IBUPROFEN,SUSPENSION,ORAL,100MG/5ML **Federal Register determination that product was not discontinued or withdrawn for safety or effectiveness reasons**,MOTRIN,MCNEIL CONSUMER HEALTHCARE DIV MCNEIL PPC INC,"Sep 19, 1989"
IBUPROFEN,SUSPENSION/DROPS,ORAL,50MG/1.25ML,IBUPROFEN,STRIDES PHARMA GLOBAL PTE LTD,"Jun 9, 2022"
IBUPROFEN,SUSPENSION/DROPS,ORAL,40MG/ML,MOTRIN,MCNEIL CONSUMER PRODUCTS CO DIV MCNEILAB INC,"May 25, 1995"
IBUPROFEN,SUSPENSION/DROPS,ORAL,100MG/2.5ML,PEDIATRIC ADVIL,HALEON US HOLDINGS LLC,"Jan 30, 1998"
IBUPROFEN,TABLET,ORAL,200MG,ACHES-N-PAIN,LEDERLE LABORATORIES DIV AMERICAN CYANAMID CO,"May 28, 1987"
IBUPROFEN,TABLET,ORAL,200MG,CAP-PROFEN,L PERRIGO CO,"Dec 8, 1987"
IBUPROFEN,TABLET,ORAL,400MG,IBU,BASF CORP,"Approved Prior to Jan 1, 1982"
IBUPROFEN,TABLET,ORAL,400MG,IBU,BASF CORP,"Feb 22, 1985"
IBUPROFEN,TABLET,ORAL,600MG,IBU,BASF CORP,"Feb 8, 1985"
IBUPROFEN,TABLET,ORAL,600MG,IBU,BASF CORP,"Mar 29, 1985"
IBUPROFEN,TABLET,ORAL,800MG,IBU,BASF CORP,"Jul 23, 1986"
IBUPROFEN,TABLET,ORAL,400MG,IBU-TAB,ALRA LABORATORIES INC,"Aug 11, 1988"
IBUPROFEN,TABLET,ORAL,600MG,IBU-TAB,ALRA LABORATORIES INC,"Aug 11, 1988"
IBUPROFEN,TABLET,ORAL,800MG,IBU-TAB,ALRA LABORATORIES INC,"Aug 11, 1988"
IBUPROFEN,TABLET,ORAL,200MG,IBU-TAB 200,ALRA LABORATORIES INC,"Aug 11, 1988"
IBUPROFEN,TABLET,ORAL,200MG,IBUPRIN,PLIVA INC,"Jul 16, 1987"
IBUPROFEN,TABLET,ORAL,100MG,IBUPROFEN,LNK INTERNATIONAL INC,"Jun 17, 2004"
IBUPROFEN,TABLET,ORAL,200MG,IBUPROFEN,ADAPTIS PHARMA PRIVATE LTD,"Oct 15, 1986"
IBUPROFEN,TABLET,ORAL,200MG,IBUPROFEN,ADAPTIS PHARMA PRIVATE LTD,"Sep 10, 1987"
IBUPROFEN,TABLET,ORAL,200MG,IBUPROFEN,ANI PHARMACEUTICALS INC,"Jan 20, 1987"
IBUPROFEN,TABLET,ORAL,200MG,IBUPROFEN,ANI PHARMACEUTICALS INC,"Dec 19, 1991"
IBUPROFEN,TABLET,ORAL,200MG,IBUPROFEN,ANI PHARMACEUTICALS INC,"Dec 19, 1991"
IBUPROFEN,TABLET,ORAL,200MG,IBUPROFEN,CONTRACT PHARMACAL CORP,"Sep 10, 1987"
IBUPROFEN,TABLET,ORAL,200MG,IBUPROFEN,CONTRACT PHARMACAL CORP,"Feb 25, 1994"
IBUPROFEN,TABLET,ORAL,200MG,IBUPROFEN,CONTRACT PHARMACAL CORP,"Jul 20, 1998"
IBUPROFEN,TABLET,ORAL,200MG,IBUPROFEN,HALSEY DRUG CO INC,"Sep 29, 1987"
IBUPROFEN,TABLET,ORAL,200MG,IBUPROFEN,IVAX PHARMACEUTICALS INC SUB TEVA PHARMACEUTICALS USA,"Oct 27, 1987"
IBUPROFEN,TABLET,ORAL,200MG,IBUPROFEN,IVAX PHARMACEUTICALS INC SUB TEVA PHARMACEUTICALS USA,"Apr 29, 1988"
IBUPROFEN,TABLET,ORAL,200MG,IBUPROFEN,L PERRIGO CO,"Dec 8, 1987"
IBUPROFEN,TABLET,ORAL,200MG,IBUPROFEN,L PERRIGO CO,"Mar 14, 2002"
IBUPROFEN,TABLET,ORAL,200MG,IBUPROFEN,MERRO PHARMACEUTICAL CO LTD,"Oct 2, 1987"
IBUPROFEN,TABLET,ORAL,200MG,IBUPROFEN,OHM CORP,"Jul 15, 1986"
IBUPROFEN,TABLET,ORAL,200MG,IBUPROFEN,P AND L DEVELOPMENT LLC DBA PLD DEVELOPMENTS LLC,"Sep 19, 1986"
IBUPROFEN,TABLET,ORAL,200MG,IBUPROFEN,PH HEALTH LTD,"Feb 2, 1988"
IBUPROFEN,TABLET,ORAL,200MG,IBUPROFEN,PH HEALTH LTD,"Jan 10, 1989"
IBUPROFEN,TABLET,ORAL,200MG,IBUPROFEN,PHARMOBEDIENT CONSULTING LLC,"May 5, 1988"
IBUPROFEN,TABLET,ORAL,200MG,IBUPROFEN,PUREPAC PHARMACEUTICAL CO,"Oct 3, 1986"
IBUPROFEN,TABLET,ORAL,200MG,IBUPROFEN,PUREPAC PHARMACEUTICAL CO,"Feb 3, 1987"
IBUPROFEN,TABLET,ORAL,200MG,IBUPROFEN,SANDOZ INC,"Feb 25, 1988"
IBUPROFEN,TABLET,ORAL,200MG,IBUPROFEN,SANDOZ INC,"Dec 15, 1995"
IBUPROFEN,TABLET,ORAL,200MG,IBUPROFEN,SANDOZ INC,"Dec 15, 1995"
IBUPROFEN,TABLET,ORAL,200MG,IBUPROFEN,STRIDES PHARMA GLOBAL PTE LTD,"May 30, 2017"
IBUPROFEN,TABLET,ORAL,200MG,IBUPROFEN,STRIDES PHARMA GLOBAL PTE LTD,"Jun 29, 2018"
IBUPROFEN,TABLET,ORAL,200MG,IBUPROFEN,STRIDES PHARMA INTERNATIONAL AG,"Sep 24, 1986"
IBUPROFEN,TABLET,ORAL,200MG,IBUPROFEN,STRIDES PHARMA INTERNATIONAL AG,"May 8, 1987"
IBUPROFEN,TABLET,ORAL,200MG,IBUPROFEN,SUN PHARMACEUTICAL INDUSTRIES INC,"Dec 24, 1985"
IBUPROFEN,TABLET,ORAL,200MG,IBUPROFEN,SUN PHARMACEUTICAL INDUSTRIES INC,"Sep 26, 1986"
IBUPROFEN,TABLET,ORAL,200MG,IBUPROFEN,SUN PHARMACEUTICAL INDUSTRIES INC,"Oct 2, 1986"
IBUPROFEN,TABLET,ORAL,200MG,IBUPROFEN,TEVA PHARMACEUTICALS USA INC,"May 29, 1992"
IBUPROFEN,TABLET,ORAL,200MG,IBUPROFEN,ULTRATAB LABORATORIES INC,"Jan 6, 2020"
IBUPROFEN,TABLET,ORAL,200MG,IBUPROFEN,WATSON LABORATORIES INC,"Mar 5, 1986"
IBUPROFEN,TABLET,ORAL,200MG,IBUPROFEN,WATSON LABORATORIES INC,"Sep 4, 1987"
IBUPROFEN,TABLET,ORAL,200MG,IBUPROFEN,WATSON LABORATORIES INC,"Mar 8, 1988"
IBUPROFEN,TABLET,ORAL,200MG,IBUPROFEN,YICHANG HUMANWELL PHARMACEUTICAL CO LTD,"Oct 19, 2020"
IBUPROFEN,TABLET,ORAL,300MG,IBUPROFEN,HALSEY DRUG CO INC,"Mar 23, 1987"
IBUPROFEN,TABLET,ORAL,300MG,IBUPROFEN,LEINER HEALTH PRODUCTS INC,"Oct 15, 1986"
IBUPROFEN,TABLET,ORAL,300MG,IBUPROFEN,PAR PHARMACEUTICAL INC,"Aug 6, 1985"
IBUPROFEN,TABLET,ORAL,300MG,IBUPROFEN,PH HEALTH LTD,"Oct 22, 1986"
IBUPROFEN,TABLET,ORAL,300MG,IBUPROFEN,PUREPAC PHARMACEUTICAL CO,"Sep 19, 1986"
IBUPROFEN,TABLET,ORAL,300MG,IBUPROFEN,RISING PHARMA HOLDINGS INC,"Jun 12, 1986"
IBUPROFEN,TABLET,ORAL,300MG,IBUPROFEN,WATSON LABORATORIES INC,"Dec 1, 1986"
IBUPROFEN,TABLET,ORAL,400MG,IBUPROFEN,HALSEY DRUG CO INC,"Mar 23, 1987"
IBUPROFEN,TABLET,ORAL,400MG,IBUPROFEN,IVAX PHARMACEUTICALS INC SUB TEVA PHARMACEUTICALS USA,"Sep 23, 1986"
IBUPROFEN,TABLET,ORAL,400MG,IBUPROFEN,JOHNSON AND JOHNSON CONSUMER INC MCNEIL CONSUMER HEALTHCARE DIV,"Jun 16, 1986"
IBUPROFEN,TABLET,ORAL,400MG,IBUPROFEN,L PERRIGO CO,"Jul 18, 2005"
IBUPROFEN,TABLET,ORAL,400MG,IBUPROFEN,LEDERLE LABORATORIES DIV AMERICAN CYANAMID CO,"Sep 19, 1986"
IBUPROFEN,TABLET,ORAL,400MG,IBUPROFEN,NORTHSTAR HEALTHCARE HOLDINGS,"Sep 10, 2007"
IBUPROFEN,TABLET,ORAL,400MG,IBUPROFEN,OHM LABORATORIES INC,"Dec 26, 1985"
IBUPROFEN,TABLET,ORAL,400MG,IBUPROFEN,PH HEALTH LTD,"Oct 22, 1986"
IBUPROFEN,TABLET,ORAL,400MG,IBUPROFEN,PH HEALTH LTD,"Feb 1, 1988"
IBUPROFEN,TABLET,ORAL,400MG,IBUPROFEN,PHARMOBEDIENT CONSULTING LLC,"Sep 24, 1985"
IBUPROFEN,TABLET,ORAL,400MG,IBUPROFEN,PLIVA INC AN INDIRECT WHOLLY OWNED SUB OF TEVA PHARMACEUTICALS USA INC,"Jun 18, 1987"
IBUPROFEN,TABLET,ORAL,400MG,IBUPROFEN,PUREPAC PHARMACEUTICAL CO,"Sep 19, 1986"
IBUPROFEN,TABLET,ORAL,400MG,IBUPROFEN,RISING PHARMA HOLDINGS INC,"Jun 12, 1986"
IBUPROFEN,TABLET,ORAL,400MG,IBUPROFEN,SANDOZ INC,"Jan 14, 1988"
IBUPROFEN,TABLET,ORAL,400MG,IBUPROFEN,STRIDES PHARMA INTERNATIONAL AG,"Aug 6, 1985"
IBUPROFEN,TABLET,ORAL,400MG,IBUPROFEN,SUN PHARMACEUTICAL INDUSTRIES INC,"Jul 24, 1985"
IBUPROFEN,TABLET,ORAL,400MG,IBUPROFEN,SUNSHINE LAKE PHARMA CO LTD,"Sep 10, 2018"
IBUPROFEN,TABLET,ORAL,400MG,IBUPROFEN,TEVA PHARMACEUTICALS USA INC,"Jun 30, 1992"
IBUPROFEN,TABLET,ORAL,400MG,IBUPROFEN,WATSON LABORATORIES INC,"Sep 6, 1985"
IBUPROFEN,TABLET,ORAL,400MG,IBUPROFEN,WATSON LABORATORIES INC,"Aug 21, 1985"
IBUPROFEN,TABLET,ORAL,600MG,IBUPROFEN,ABBOTT LABORATORIES PHARMACEUTICAL PRODUCTS DIV,"Jun 14, 1985"
IBUPROFEN,TABLET,ORAL,600MG,IBUPROFEN,HALSEY DRUG CO INC,"Mar 23, 1987"
IBUPROFEN,TABLET,ORAL,600MG,IBUPROFEN,IVAX PHARMACEUTICALS INC SUB TEVA PHARMACEUTICALS USA,"Sep 23, 1986"
IBUPROFEN,TABLET,ORAL,600MG,IBUPROFEN,L PERRIGO CO,"Jul 18, 2005"
IBUPROFEN,TABLET,ORAL,600MG,IBUPROFEN,LEDERLE LABORATORIES DIV AMERICAN CYANAMID CO,"Sep 19, 1986"
IBUPROFEN,TABLET,ORAL,600MG,IBUPROFEN,MCNEIL CONSUMER PRODUCTS CO DIV MCNEILAB INC,"Jun 16, 1986"
IBUPROFEN,TABLET,ORAL,600MG,IBUPROFEN,NORTHSTAR HEALTHCARE HOLDINGS,"Sep 10, 2007"
IBUPROFEN,TABLET,ORAL,600MG,IBUPROFEN,PH HEALTH LTD,"Oct 22, 1986"
IBUPROFEN,TABLET,ORAL,600MG,IBUPROFEN,PHARMOBEDIENT CONSULTING LLC,"Sep 24, 1985"
IBUPROFEN,TABLET,ORAL,600MG,IBUPROFEN,PLIVA INC AN INDIRECT WHOLLY OWNED SUB OF TEVA PHARMACEUTICALS USA INC,"Jun 18, 1987"
IBUPROFEN,TABLET,ORAL,600MG,IBUPROFEN,PUREPAC PHARMACEUTICAL CO,"Sep 19, 1986"
IBUPROFEN,TABLET,ORAL,600MG,IBUPROFEN,RISING PHARMA HOLDINGS INC,"Jun 12, 1986"
IBUPROFEN,TABLET,ORAL,600MG,IBUPROFEN,SANDOZ INC,"Jan 14, 1988"
IBUPROFEN,TABLET,ORAL,600MG,IBUPROFEN,STRIDES PHARMA INTERNATIONAL AG,"Aug 6, 1985"
IBUPROFEN,TABLET,ORAL,600MG,IBUPROFEN,SUN PHARMACEUTICAL INDUSTRIES INC,"Jul 24, 1985"
IBUPROFEN,TABLET,ORAL,600MG,IBUPROFEN,SUNSHINE LAKE PHARMA CO LTD,"Sep 10, 2018"
IBUPROFEN,TABLET,ORAL,600MG,IBUPROFEN,SUPERPHARM CORP,"Apr 25, 1986"
IBUPROFEN,TABLET,ORAL,600MG,IBUPROFEN,TEVA PHARMACEUTICALS USA INC,"Jun 30, 1992"
IBUPROFEN,TABLET,ORAL,600MG,IBUPROFEN,WATSON LABORATORIES INC,"Sep 6, 1985"
IBUPROFEN,TABLET,ORAL,600MG,IBUPROFEN,WATSON LABORATORIES INC,"Aug 21, 1985"
IBUPROFEN,TABLET,ORAL,800MG,IBUPROFEN,ABBOTT LABORATORIES PHARMACEUTICAL PRODUCTS DIV,"Jul 25, 1986"
IBUPROFEN,TABLET,ORAL,800MG,IBUPROFEN,HALSEY DRUG CO INC,"Feb 5, 1988"
IBUPROFEN,TABLET,ORAL,800MG,IBUPROFEN,IVAX PHARMACEUTICALS INC SUB TEVA PHARMACEUTICALS USA,"May 8, 1987"
IBUPROFEN,TABLET,ORAL,800MG,IBUPROFEN,L PERRIGO CO,"Jul 18, 2005"
IBUPROFEN,TABLET,ORAL,800MG,IBUPROFEN,NORTHSTAR HEALTHCARE HOLDINGS,"Sep 10, 2007"
IBUPROFEN,TABLET,ORAL,800MG,IBUPROFEN,PH HEALTH LTD,"Nov 18, 1987"
IBUPROFEN,TABLET,ORAL,800MG,IBUPROFEN,PHARMOBEDIENT CONSULTING LLC,"Dec 3, 1987"
IBUPROFEN,TABLET,ORAL,800MG,IBUPROFEN,PLIVA INC AN INDIRECT WHOLLY OWNED SUB OF TEVA PHARMACEUTICALS USA INC,"Jun 18, 1987"
IBUPROFEN,TABLET,ORAL,800MG,IBUPROFEN,PUREPAC PHARMACEUTICAL CO,"Feb 1, 1988"
IBUPROFEN,TABLET,ORAL,800MG,IBUPROFEN,RISING PHARMA HOLDINGS INC,"Jan 14, 1988"
IBUPROFEN,TABLET,ORAL,800MG,IBUPROFEN,SANDOZ INC,"Dec 11, 1987"
IBUPROFEN,TABLET,ORAL,800MG,IBUPROFEN,STRIDES PHARMA INTERNATIONAL AG,"Jul 25, 1986"
IBUPROFEN,TABLET,ORAL,800MG,IBUPROFEN,SUN PHARMACEUTICAL INDUSTRIES INC,"Feb 18, 1987"
IBUPROFEN,TABLET,ORAL,800MG,IBUPROFEN,SUNSHINE LAKE PHARMA CO LTD,"Sep 10, 2018"
IBUPROFEN,TABLET,ORAL,800MG,IBUPROFEN,TEVA PHARMACEUTICALS USA INC,"Jun 30, 1992"
IBUPROFEN,TABLET,ORAL,800MG,IBUPROFEN,WATSON LABORATORIES INC,"Jul 2, 1987"
IBUPROFEN,TABLET,ORAL,800MG,IBUPROFEN,WATSON LABORATORIES INC,"Oct 13, 1987"
IBUPROFEN,TABLET,ORAL,200MG,IBUPROHM,OHM LABORATORIES INC,"Dec 1, 1986"
IBUPROFEN,TABLET,ORAL,400MG,IBUPROHM,OHM LABORATORIES INC.,"Aug 29, 1985"
IBUPROFEN,TABLET,ORAL,100MG,JUNIOR STRENGTH IBUPROFEN,L PERRIGO CO,"Apr 22, 1999"
IBUPROFEN,TABLET,ORAL,200MG,MEDIPREN,MCNEIL CONSUMER PRODUCTS CO DIV MCNEILAB INC,"Feb 6, 1986"
IBUPROFEN,TABLET,ORAL,200MG,MEDIPREN,MCNEIL CONSUMER PRODUCTS CO DIV MCNEILAB INC,"Jun 26, 1986"
IBUPROFEN,TABLET,ORAL,200MG,MIDOL,BAYER HEALTHCARE LLC,"Sep 2, 1987"
IBUPROFEN,TABLET,ORAL,200MG,MIDOL,BAYER HEALTHCARE LLC,"Sep 2, 1987"
IBUPROFEN,TABLET,ORAL,100MG,MOTRIN,MCNEIL PEDIATRICS,"Nov 16, 1994"
IBUPROFEN,TABLET,ORAL,300MG **Federal Register determination that product was not discontinued or withdrawn for safety or effectiveness reasons**,MOTRIN,MCNEIL CONSUMER HEALTHCARE DIV MCNEIL PPC INC,"Approved Prior to Jan 1, 1982"
IBUPROFEN,TABLET,ORAL,400MG **Federal Register determination that product was not discontinued or withdrawn for safety or effectiveness reasons**,MOTRIN,MCNEIL CONSUMER HEALTHCARE DIV MCNEIL PPC INC,"Approved Prior to Jan 1, 1982"
IBUPROFEN,TABLET,ORAL,600MG **Federal Register determination that product was not discontinued or withdrawn for safety or effectiveness reasons**,MOTRIN,MCNEIL CONSUMER HEALTHCARE DIV MCNEIL PPC INC,"Approved Prior to Jan 1, 1982"
IBUPROFEN,TABLET,ORAL,800MG **Federal Register determination that product was not discontinued or withdrawn for safety or effectiveness reasons**,MOTRIN,MCNEIL CONSUMER HEALTHCARE DIV MCNEIL PPC INC,"May 22, 1985"
IBUPROFEN,TABLET,ORAL,200MG,MOTRIN MIGRAINE PAIN,KENVUE BRANDS LLC,"Feb 25, 2000"
IBUPROFEN,TABLET,ORAL,200MG,NUPRIN,BRISTOL MYERS PRODUCTS INC,"Feb 16, 1988"
IBUPROFEN,TABLET,ORAL,200MG,NUPRIN,BRISTOL MYERS PRODUCTS INC,"Feb 16, 1988"
IBUPROFEN,TABLET,ORAL,200MG,NUPRIN,KENVUE BRANDS LLC,"May 18, 1984"
IBUPROFEN,TABLET,ORAL,200MG,NUPRIN,KENVUE BRANDS LLC,"Jul 29, 1987"
IBUPROFEN,TABLET,ORAL,600MG,RUFEN,BASF CORP,"Mar 5, 1984"
IBUPROFEN,TABLET,ORAL,200MG,TAB-PROFEN,L PERRIGO CO,"Dec 8, 1987"
IBUPROFEN,"TABLET, CHEWABLE",ORAL,50MG,CHILDREN'S MOTRIN,KENVUE BRANDS LLC,"Nov 15, 1996"
IBUPROFEN,"TABLET, CHEWABLE",ORAL,50MG,IBUPROFEN,L PERRIGO CO,"Jan 16, 2004"
IBUPROFEN,"TABLET, CHEWABLE",ORAL,100MG,JUNIOR STRENGTH MOTRIN,KENVUE BRANDS LLC,"Nov 15, 1996"
IBUPROFEN,"TABLET, CHEWABLE",ORAL,50MG,MOTRIN,MCNEIL PEDIATRICS,"Nov 16, 1994"
IBUPROFEN,"TABLET, CHEWABLE",ORAL,100MG,MOTRIN,MCNEIL PEDIATRICS,"Nov 16, 1994"
IBUPROFEN SODIUM,TABLET,ORAL,EQ 200MG BASE,IBUPROFEN SODIUM,PERRIGO R AND D CO,"Aug 3, 2015"
IBUPROFEN; OXYCODONE HYDROCHLORIDE,TABLET,ORAL,400MG; 5MG **Federal Register determination that product was not discontinued or withdrawn for safety or effectiveness reasons**,COMBUNOX,FOREST LABORATORIES INC,"Nov 26, 2004"
IBUPROFEN; OXYCODONE HYDROCHLORIDE,TABLET,ORAL,400MG; 5MG,OXYCODONE HYDROCHLORIDE AND IBUPROFEN,ACTAVIS ELIZABETH LLC,"Jan 4, 2008"
IBUPROFEN; OXYCODONE HYDROCHLORIDE,TABLET,ORAL,400MG; 5MG,OXYCODONE HYDROCHLORIDE AND IBUPROFEN,BARR LABORATORIES INC,"Nov 29, 2007"
IBUPROFEN; OXYCODONE HYDROCHLORIDE,TABLET,ORAL,400MG; 5MG,OXYCODONE HYDROCHLORIDE AND IBUPROFEN,WATSON LABORATORIES INC,"Nov 26, 2007"
IBUPROFEN; PSEUDOEPHEDRINE HYDROCHLORIDE,SUSPENSION,ORAL,100MG/5ML; 15MG/5ML,IBUPROFEN AND PSEUDOEPHEDRINE HYDROCHLORIDE,L PERRIGO CO,"Nov 5, 2003"
IBUPROFEN; PSEUDOEPHEDRINE HYDROCHLORIDE,TABLET,ORAL,200MG; 30MG,IBUPROFEN AND PSEUDOEPHEDRINE HYDROCHLORIDE,CONTRACT PHARMACAL CORP,"Apr 8, 2002"
AMOXICILLIN,CAPSULE,ORAL,250MG,AMOXICILLIN,AUROBINDO PHARMA LTD,"Nov 9, 2005"
AMOXICILLIN,CAPSULE,ORAL,250MG,AMOXICILLIN,CHARTWELL LIFE MOLECULES LLC,"Approved Prior to Jan 1, 1982"
AMOXICILLIN,CAPSULE,ORAL,250MG,AMOXICILLIN,HIKMA PHARMACEUTICALS,"Feb 5, 2007"
AMOXICILLIN,CAPSULE,ORAL,250MG,AMOXICILLIN,MICRO LABS LTD,"Jun 24, 2022"
AMOXICILLIN,CAPSULE,ORAL,250MG,AMOXICILLIN,SANDOZ INC,"Sep 30, 1994"
AMOXICILLIN,CAPSULE,ORAL,250MG,AMOXICILLIN,TEVA PHARMACEUTICALS USA INC,"Approved Prior to Jan 1, 1982"
AMOXICILLIN,CAPSULE,ORAL,500MG,AMOXICILLIN,AUROBINDO PHARMA LTD,"Nov 9, 2005"
AMOXICILLIN,CAPSULE,ORAL,500MG,AMOXICILLIN,CHARTWELL LIFE MOLECULES LLC,"Approved Prior to Jan 1, 1982"
AMOXICILLIN,CAPSULE,ORAL,500MG,AMOXICILLIN,HIKMA PHARMACEUTICALS,"Feb 5, 2007"
AMOXICILLIN,CAPSULE,ORAL,500MG,AMOXICILLIN,MICRO LABS LTD,"Jun 24, 2022"
AMOXICILLIN,CAPSULE,ORAL,500MG,AMOXICILLIN,SANDOZ INC,"Sep 30, 1994"
AMOXICILLIN,CAPSULE,ORAL,500MG,AMOXICILLIN,TEVA PHARMACEUTICALS USA INC,"Approved Prior to Jan 1, 1982"
AMOXICILLIN,CAPSULE,ORAL,250MG,AMOXIL,US ANTIBIOTICS LLC,"Approved Prior to Jan 1, 1982"
AMOXICILLIN,CAPSULE,ORAL,500MG,AMOXIL,US ANTIBIOTICS LLC,"Approved Prior to Jan 1, 1982"
AMOXICILLIN,FOR SUSPENSION,ORAL,125MG/5ML,AMOXICILLIN,AUROBINDO PHARMA LTD,"Sep 15, 2014"
AMOXICILLIN,FOR SUSPENSION,ORAL,125MG/5ML,AMOXICILLIN,HIKMA PHARMACEUTICALS,"Jun 19, 2006"
AMOXICILLIN,FOR SUSPENSION,ORAL,125MG/5ML,AMOXICILLIN,SANDOZ INC,"Mar 26, 2007"
AMOXICILLIN,FOR SUSPENSION,ORAL,200MG/5ML,AMOXICILLIN,AUROBINDO PHARMA LTD,"Dec 28, 2006"
AMOXICILLIN,FOR SUSPENSION,ORAL,200MG/5ML,AMOXICILLIN,HIKMA PHARMACEUTICALS,"Jun 19, 2006"
AMOXICILLIN,FOR SUSPENSION,ORAL,200MG/5ML,AMOXICILLIN,SANDOZ INC,"Mar 26, 2007"
AMOXICILLIN,FOR SUSPENSION,ORAL,200MG/5ML,AMOXICILLIN,TEVA PHARMACEUTICALS USA INC,"Dec 4, 2002"
AMOXICILLIN,FOR SUSPENSION,ORAL,250MG/5ML,AMOXICILLIN,AUROBINDO PHARMA LTD,"Sep 15, 2014"
AMOXICILLIN,FOR SUSPENSION,ORAL,250MG/5ML,AMOXICILLIN,HIKMA PHARMACEUTICALS,"Jun 19, 2006"
AMOXICILLIN,FOR SUSPENSION,ORAL,250MG/5ML,AMOXICILLIN,SANDOZ INC,"Mar 26, 2007"
AMOXICILLIN,FOR SUSPENSION,ORAL,250MG/5ML,AMOXICILLIN,TEVA PHARMACEUTICALS USA INC,"Approved Prior to Jan 1, 1982"
AMOXICILLIN,FOR SUSPENSION,ORAL,400MG/5ML,AMOXICILLIN,AUROBINDO PHARMA LTD,"Dec 28, 2006"
AMOXICILLIN,FOR SUSPENSION,ORAL,400MG/5ML,AMOXICILLIN,CHARTWELL RX SCIENCES LLC,"Jun 18, 2007"
AMOXICILLIN,FOR SUSPENSION,ORAL,400MG/5ML,AMOXICILLIN,HIKMA PHARMACEUTICALS,"Jun 19, 2006"
AMOXICILLIN,FOR SUSPENSION,ORAL,400MG/5ML,AMOXICILLIN,SANDOZ INC,"Mar 26, 2007"
AMOXICILLIN,FOR SUSPENSION,ORAL,400MG/5ML,AMOXICILLIN,TEVA PHARMACEUTICALS USA INC,"Dec 4, 2002"
AMOXICILLIN,FOR SUSPENSION,ORAL,50MG/ML,AMOXICILLIN PEDIATRIC,TEVA PHARMACEUTICALS USA INC,"Dec 1, 1982"
AMOXICILLIN,FOR SUSPENSION,ORAL,50MG/ML,AMOXIL,US ANTIBIOTICS LLC,"Approved Prior to Jan 1, 1982"
AMOXICILLIN,FOR SUSPENSION,ORAL,125MG/5ML,AMOXIL,US ANTIBIOTICS LLC,"Approved Prior to Jan 1, 1982"
AMOXICILLIN,FOR SUSPENSION,ORAL,250MG/5ML,AMOXIL,US ANTIBIOTICS LLC,"Approved Prior to Jan 1, 1982"
AMOXICILLIN,FOR SUSPENSION,ORAL,400MG/5ML,AMOXIL,US ANTIBIOTICS LLC,"Apr 15, 1999"
AMOXICILLIN,FOR SUSPENSION,ORAL,125MG/5ML,LAROTID,US ANTIBIOTICS LLC,"Approved Prior to Jan 1, 1982"
AMOXICILLIN,FOR SUSPENSION,ORAL,250MG/5ML,LAROTID,US ANTIBIOTICS LLC,"Approved Prior to Jan 1, 1982"
AMOXICILLIN,TABLET,ORAL,500MG,AMOXICILLIN,AUROBINDO PHARMA LTD,"Nov 9, 2005"
AMOXICILLIN,TABLET,ORAL,500MG,AMOXICILLIN,SANDOZ INC,"Jul 13, 2005"
AMOXICILLIN,TABLET,ORAL,500MG,AMOXICILLIN,TEVA PHARMACEUTICALS USA INC,"Sep 18, 2000"
AMOXICILLIN,TABLET,ORAL,875MG,AMOXICILLIN,AUROBINDO PHARMA LTD,"Nov 9, 2005"
AMOXICILLIN,TABLET,ORAL,875MG,AMOXICILLIN,HIKMA PHARMACEUTICALS,"Mar 29, 2006"
AMOXICILLIN,TABLET,ORAL,875MG,AMOXICILLIN,SANDOZ INC,"Jul 13, 2005"
AMOXICILLIN,TABLET,ORAL,875MG,AMOXICILLIN,TEVA PHARMACEUTICALS USA INC,"Sep 18, 2000"
AMOXICILLIN,"TABLET, CHEWABLE",ORAL,125MG,AMOXICILLIN,TEVA PHARMACEUTICALS USA INC,"Sep 11, 1995"
AMOXICILLIN,"TABLET, CHEWABLE",ORAL,250MG,AMOXICILLIN,TEVA PHARMACEUTICALS USA INC,"Dec 22, 1992"
AMOXICILLIN; CLARITHROMYCIN; LANSOPRAZOLE,"CAPSULE, TABLET, CAPSULE, DELAYED REL PELLETS",ORAL,500MG; 500MG; 30MG,"LANSOPRAZOLE, AMOXICILLIN AND CLARITHROMYCIN (COPACKAGED)",RISING PHARMA HOLDINGS INC,"Oct 7, 2016"
AMOXICILLIN; CLARITHROMYCIN; LANSOPRAZOLE,"CAPSULE, TABLET, CAPSULE, DELAYED REL PELLETS",ORAL,500MG; 500MG; 30MG,"LANSOPRAZOLE, AMOXICILLIN AND CLARITHROMYCIN (COPACKAGED)",SANDOZ INC,"Mar 4, 2014"
AMOXICILLIN; CLARITHROMYCIN; VONOPRAZAN FUMARATE,"CAPSULE, TABLET, TABLET",ORAL,500MG; 500MG; EQ 20MG BASE,VOQUEZNA TRIPLE PAK,PHATHOM PHARMACEUTICALS INC,"May 3, 2022"
AMOXICILLIN; CLAVULANATE POTASSIUM,FOR SUSPENSION,ORAL,125MG/5ML; EQ 31.25MG BASE/5ML,AMOXICILLIN AND CLAVULANATE POTASSIUM,AUROBINDO PHARMA LTD,"Apr 19, 2019"
AMOXICILLIN; CLAVULANATE POTASSIUM,FOR SUSPENSION,ORAL,200MG/5ML; EQ 28.5MG BASE/5ML,AMOXICILLIN AND CLAVULANATE POTASSIUM,AUROBINDO PHARMA LTD,"Dec 20, 2011"
AMOXICILLIN; CLAVULANATE POTASSIUM,FOR SUSPENSION,ORAL,200MG/5ML; EQ 28.5MG BASE/5ML,AMOXICILLIN AND CLAVULANATE POTASSIUM,HIKMA PHARMACEUTICALS,"Jan 25, 2005"
AMOXICILLIN; CLAVULANATE POTASSIUM,FOR SUSPENSION,ORAL,200MG/5ML; EQ 28.5MG BASE/5ML,AMOXICILLIN AND CLAVULANATE POTASSIUM,MICRO LABS LTD INDIA,"May 21, 2021"
AMOXICILLIN; CLAVULANATE POTASSIUM,FOR SUSPENSION,ORAL,200MG/5ML; EQ 28.5MG BASE/5ML,AMOXICILLIN AND CLAVULANATE POTASSIUM,SANDOZ INC,"Jun 5, 2002"
AMOXICILLIN; CLAVULANATE POTASSIUM,FOR SUSPENSION,ORAL,200MG/5ML; EQ 28.5MG BASE/5ML,AMOXICILLIN AND CLAVULANATE POTASSIUM,SANDOZ INC,"Dec 16, 2002"
AMOXICILLIN; CLAVULANATE POTASSIUM,FOR SUSPENSION,ORAL,200MG/5ML; EQ 28.5MG BASE/5ML,AMOXICILLIN AND CLAVULANATE POTASSIUM,TEVA PHARMACEUTICALS USA INC,"May 25, 2004"
AMOXICILLIN; CLAVULANATE POTASSIUM,FOR SUSPENSION,ORAL,250MG/5ML; EQ 62.5MG BASE/5ML,AMOXICILLIN AND CLAVULANATE POTASSIUM,AUROBINDO PHARMA LTD,"Apr 19, 2019"
AMOXICILLIN; CLAVULANATE POTASSIUM,FOR SUSPENSION,ORAL,250MG/5ML; EQ 62.5MG BASE/5ML,AMOXICILLIN AND CLAVULANATE POTASSIUM,CIPLA LTD,"Nov 25, 2008"
AMOXICILLIN; CLAVULANATE POTASSIUM,FOR SUSPENSION,ORAL,250MG/5ML; EQ 62.5MG BASE/5ML,AMOXICILLIN AND CLAVULANATE POTASSIUM,DEVA HOLDING AS,"Nov 29, 2023"
AMOXICILLIN; CLAVULANATE POTASSIUM,FOR SUSPENSION,ORAL,400MG/5ML; EQ 57MG BASE/5ML,AMOXICILLIN AND CLAVULANATE POTASSIUM,AUROBINDO PHARMA LTD,"Dec 20, 2011"
AMOXICILLIN; CLAVULANATE POTASSIUM,FOR SUSPENSION,ORAL,400MG/5ML; EQ 57MG BASE/5ML,AMOXICILLIN AND CLAVULANATE POTASSIUM,DEVA HOLDING AS,"Dec 11, 2023"
AMOXICILLIN; CLAVULANATE POTASSIUM,FOR SUSPENSION,ORAL,400MG/5ML; EQ 57MG BASE/5ML,AMOXICILLIN AND CLAVULANATE POTASSIUM,HIKMA PHARMACEUTICALS,"Jan 25, 2005"
AMOXICILLIN; CLAVULANATE POTASSIUM,FOR SUSPENSION,ORAL,400MG/5ML; EQ 57MG BASE/5ML,AMOXICILLIN AND CLAVULANATE POTASSIUM,MICRO LABS LTD INDIA,"May 21, 2021"
AMOXICILLIN; CLAVULANATE POTASSIUM,FOR SUSPENSION,ORAL,400MG/5ML; EQ 57MG BASE/5ML,AMOXICILLIN AND CLAVULANATE POTASSIUM,SANDOZ INC,"Jun 5, 2002"
AMOXICILLIN; CLAVULANATE POTASSIUM,FOR SUSPENSION,ORAL,400MG/5ML; EQ 57MG BASE/5ML,AMOXICILLIN AND CLAVULANATE POTASSIUM,SANDOZ INC,"Dec 16, 2002"
AMOXICILLIN; CLAVULANATE POTASSIUM,FOR SUSPENSION,ORAL,400MG/5ML; EQ 57MG BASE/5ML,AMOXICILLIN AND CLAVULANATE POTASSIUM,TEVA PHARMACEUTICALS USA INC,"May 25, 2004"
AMOXICILLIN; CLAVULANATE POTASSIUM,FOR SUSPENSION,ORAL,600MG/5ML; EQ 42.9MG BASE/5ML,AMOXICILLIN AND CLAVULANATE POTASSIUM,AUROBINDO PHARMA LTD,"Dec 20, 2011"
AMOXICILLIN; CLAVULANATE POTASSIUM,FOR SUSPENSION,ORAL,600MG/5ML; EQ 42.9MG BASE/5ML,AMOXICILLIN AND CLAVULANATE POTASSIUM,CIPLA LTD,"Dec 2, 2013"
AMOXICILLIN; CLAVULANATE POTASSIUM,FOR SUSPENSION,ORAL,600MG/5ML; EQ 42.9MG BASE/5ML,AMOXICILLIN AND CLAVULANATE POTASSIUM,DEVA HOLDING AS,"Sep 13, 2023"
AMOXICILLIN; CLAVULANATE POTASSIUM,FOR SUSPENSION,ORAL,600MG/5ML; EQ 42.9MG BASE/5ML,AMOXICILLIN AND CLAVULANATE POTASSIUM,HIKMA PHARMACEUTICALS,"Nov 9, 2007"
AMOXICILLIN; CLAVULANATE POTASSIUM,FOR SUSPENSION,ORAL,600MG/5ML; EQ 42.9MG BASE/5ML,AMOXICILLIN AND CLAVULANATE POTASSIUM,MICRO LABS LTD,"Dec 8, 2023"
AMOXICILLIN; CLAVULANATE POTASSIUM,FOR SUSPENSION,ORAL,600MG/5ML; EQ 42.9MG BASE/5ML,AMOXICILLIN AND CLAVULANATE POTASSIUM,SANDOZ INC,"Aug 13, 2007"
AMOXICILLIN; CLAVULANATE POTASSIUM,FOR SUSPENSION,ORAL,600MG/5ML; EQ 42.9MG BASE/5ML,AMOXICILLIN AND CLAVULANATE POTASSIUM,TEVA PHARMACEUTICALS USA INC,"Mar 12, 2004"
AMOXICILLIN; CLAVULANATE POTASSIUM,FOR SUSPENSION,ORAL,125MG/5ML; EQ 31.25MG BASE/5ML,AUGMENTIN '125',US ANTIBIOTICS LLC,"Aug 6, 1984"
AMOXICILLIN; CLAVULANATE POTASSIUM,FOR SUSPENSION,ORAL,250MG/5ML; EQ 62.5MG BASE/5ML,AUGMENTIN '250',US ANTIBIOTICS LLC,"Aug 6, 1984"
AMOXICILLIN; CLAVULANATE POTASSIUM,FOR SUSPENSION,ORAL,600MG/5ML; EQ 42.9MG BASE/5ML,AUGMENTIN ES-600,US ANTIBIOTICS LLC,"Jun 22, 2001"
AMOXICILLIN; CLAVULANATE POTASSIUM,TABLET,ORAL,250MG; EQ 125MG BASE,AMOXICILLIN AND CLAVULANATE POTASSIUM,AUROBINDO PHARMA LTD,"Jan 20, 2012"
AMOXICILLIN; CLAVULANATE POTASSIUM,TABLET,ORAL,250MG; EQ 125MG BASE,AMOXICILLIN AND CLAVULANATE POTASSIUM,MICRO LABS LTD INDIA,"Dec 30, 2016"
AMOXICILLIN; CLAVULANATE POTASSIUM,TABLET,ORAL,250MG; EQ 125MG BASE,AMOXICILLIN AND CLAVULANATE POTASSIUM,SANDOZ INC,"Aug 23, 2005"
AMOXICILLIN; CLAVULANATE POTASSIUM,TABLET,ORAL,500MG; EQ 125MG BASE,AMOXICILLIN AND CLAVULANATE POTASSIUM,AUROBINDO PHARMA LTD,"Jan 20, 2012"
AMOXICILLIN; CLAVULANATE POTASSIUM,TABLET,ORAL,500MG; EQ 125MG BASE,AMOXICILLIN AND CLAVULANATE POTASSIUM,DEVA HOLDING AS,"Sep 15, 2023"
AMOXICILLIN; CLAVULANATE POTASSIUM,TABLET,ORAL,500MG; EQ 125MG BASE,AMOXICILLIN AND CLAVULANATE POTASSIUM,MICRO LABS LTD INDIA,"Dec 30, 2016"
AMOXICILLIN; CLAVULANATE POTASSIUM,TABLET,ORAL,500MG; EQ 125MG BASE,AMOXICILLIN AND CLAVULANATE POTASSIUM,SANDOZ INC,"Mar 15, 2002"
AMOXICILLIN; CLAVULANATE POTASSIUM,TABLET,ORAL,500MG; EQ 125MG BASE,AMOXICILLIN AND CLAVULANATE POTASSIUM,TEVA PHARMACEUTICALS USA INC,"Oct 30, 2002"
AMOXICILLIN; CLAVULANATE POTASSIUM,TABLET,ORAL,875MG; EQ 125MG BASE,AMOXICILLIN AND CLAVULANATE POTASSIUM,AUROBINDO PHARMA LTD,"Jan 20, 2012"
AMOXICILLIN; CLAVULANATE POTASSIUM,TABLET,ORAL,875MG; EQ 125MG BASE,AMOXICILLIN AND CLAVULANATE POTASSIUM,DEVA HOLDING AS,"Sep 15, 2023"
AMOXICILLIN; CLAVULANATE POTASSIUM,TABLET,ORAL,875MG; EQ 125MG BASE,AMOXICILLIN AND CLAVULANATE POTASSIUM,HIKMA PHARMACEUTICALS,"Aug 23, 2016"
AMOXICILLIN; CLAVULANATE POTASSIUM,TABLET,ORAL,875MG; EQ 125MG BASE,AMOXICILLIN AND CLAVULANATE POTASSIUM,MICRO LABS LTD INDIA,"Dec 30, 2016"
AMOXICILLIN; CLAVULANATE POTASSIUM,TABLET,ORAL,875MG; EQ 125MG BASE,AMOXICILLIN AND CLAVULANATE POTASSIUM,SANDOZ INC,"Mar 14, 2002"
AMOXICILLIN; CLAVULANATE POTASSIUM,TABLET,ORAL,875MG; EQ 125MG BASE,AMOXICILLIN AND CLAVULANATE POTASSIUM,SANDOZ INC,"Nov 21, 2002"
AMOXICILLIN; CLAVULANATE POTASSIUM,TABLET,ORAL,875MG; EQ 125MG BASE,AMOXICILLIN AND CLAVULANATE POTASSIUM,TEVA PHARMACEUTICALS USA INC,"Oct 29, 2002"
AMOXICILLIN; CLAVULANATE POTASSIUM,TABLET,ORAL,875MG; EQ 125MG BASE,AUGMENTIN '875',US ANTIBIOTICS LLC,"Feb 13, 1996"
AMOXICILLIN; CLAVULANATE POTASSIUM,"TABLET, CHEWABLE",ORAL,200MG; EQ 28.5MG BASE,AMOXICILLIN AND CLAVULANATE POTASSIUM,TEVA PHARMACEUTICALS USA INC,"Feb 9, 2005"
AMOXICILLIN; CLAVULANATE POTASSIUM,"TABLET, CHEWABLE",ORAL,400MG; EQ 57MG BASE,AMOXICILLIN AND CLAVULANATE POTASSIUM,TEVA PHARMACEUTICALS USA INC,"Feb 9, 2005"
AMOXICILLIN; CLAVULANATE POTASSIUM,"TABLET, EXTENDED RELEASE",ORAL,1GM; EQ 62.5MG BASE,AMOXICILLIN AND CLAVULANATE POTASSIUM,SANDOZ INC,"Apr 21, 2010"
AMOXICILLIN; CLAVULANATE POTASSIUM,"TABLET, EXTENDED RELEASE",ORAL,1GM; EQ 62.5MG BASE,AUGMENTIN XR,US ANTIBIOTICS LLC,"Sep 25, 2002"
AMOXICILLIN; OMEPRAZOLE MAGNESIUM; RIFABUTIN,"CAPSULE, DELAYED RELEASE",ORAL,250MG; EQ 10MG BASE; 12.5MG,TALICIA,TALICIA HOLDINGS INC,"Nov 1, 2019"
AMOXICILLIN; VONOPRAZAN FUMARATE,"CAPSULE, TABLET",ORAL,500MG; EQ 20MG BASE,VOQUEZNA DUAL PAK,PHATHOM PHARMACEUTICALS INC,"May 3, 2022"
AMOXICILLIN,CAPSULE,ORAL,250MG,AMOXICILLIN,LABORATORIOS ATRAL SARL,"Aug 7, 1985"
AMOXICILLIN,CAPSULE,ORAL,250MG,AMOXICILLIN,MYLAN PHARMACEUTICALS INC,"Approved Prior to Jan 1, 1982"
AMOXICILLIN,CAPSULE,ORAL,250MG,AMOXICILLIN,STRIDES PHARMA INTERNATIONAL AG,"Feb 25, 1988"
AMOXICILLIN,CAPSULE,ORAL,250MG,AMOXICILLIN,SUN PHARMACEUTICAL INDUSTRIES LTD,"Apr 8, 1999"
AMOXICILLIN,CAPSULE,ORAL,250MG,AMOXICILLIN,TEVA PHARMACEUTICALS USA INC,"Dec 22, 1987"
AMOXICILLIN,CAPSULE,ORAL,250MG,AMOXICILLIN,TEVA PHARMACEUTICALS USA INC,"Feb 28, 1989"
AMOXICILLIN,CAPSULE,ORAL,500MG,AMOXICILLIN,LABORATORIOS ATRAL SARL,"Aug 7, 1985"
AMOXICILLIN,CAPSULE,ORAL,500MG,AMOXICILLIN,MYLAN PHARMACEUTICALS INC,"Approved Prior to Jan 1, 1982"
AMOXICILLIN,CAPSULE,ORAL,500MG,AMOXICILLIN,STRIDES PHARMA INTERNATIONAL AG,"Feb 25, 1988"
AMOXICILLIN,CAPSULE,ORAL,500MG,AMOXICILLIN,SUN PHARMACEUTICAL INDUSTRIES LTD,"Apr 8, 1999"
AMOXICILLIN,CAPSULE,ORAL,500MG,AMOXICILLIN,TEVA PHARMACEUTICALS USA INC,"Dec 22, 1987"
AMOXICILLIN,CAPSULE,ORAL,500MG,AMOXICILLIN,TEVA PHARMACEUTICALS USA INC,"Feb 28, 1989"
AMOXICILLIN,CAPSULE,ORAL,250MG **Federal Register determination that product was not discontinued or withdrawn for safety or effectiveness reasons**,AMOXIL,GLAXOSMITHKLINE,"Approved Prior to Jan 1, 1982"
AMOXICILLIN,CAPSULE,ORAL,500MG **Federal Register determination that product was not discontinued or withdrawn for safety or effectiveness reasons**,AMOXIL,GLAXOSMITHKLINE,"Approved Prior to Jan 1, 1982"
AMOXICILLIN,CAPSULE,ORAL,250MG,TRIMOX,APOTHECON INC DIV BRISTOL MYERS SQUIBB,"Approved Prior to Jan 1, 1982"
AMOXICILLIN,CAPSULE,ORAL,250MG,TRIMOX,APOTHECON INC DIV BRISTOL MYERS SQUIBB,"Mar 20, 1992"
AMOXICILLIN,CAPSULE,ORAL,250MG,TRIMOX,APOTHECON SUB BRISTOL MYERS SQUIBB CO,"Approved Prior to Jan 1, 1982"
AMOXICILLIN,CAPSULE,ORAL,250MG,TRIMOX,APOTHECON SUB BRISTOL MYERS SQUIBB CO,"Approved Prior to Jan 1, 1982"
AMOXICILLIN,CAPSULE,ORAL,500MG,TRIMOX,APOTHECON INC DIV BRISTOL MYERS SQUIBB,"Approved Prior to Jan 1, 1982"
AMOXICILLIN,CAPSULE,ORAL,500MG,TRIMOX,APOTHECON INC DIV BRISTOL MYERS SQUIBB,"Mar 20, 1992"
AMOXICILLIN,CAPSULE,ORAL,500MG,TRIMOX,APOTHECON SUB BRISTOL MYERS SQUIBB CO,"Approved Prior to Jan 1, 1982"
AMOXICILLIN,CAPSULE,ORAL,500MG,TRIMOX,APOTHECON SUB BRISTOL MYERS SQUIBB CO,"Approved Prior to Jan 1, 1982"
AMOXICILLIN,CAPSULE,ORAL,250MG,UTIMOX,PARKE DAVIS DIV WARNER LAMBERT CO,"Approved Prior to Jan 1, 1982"
AMOXICILLIN,CAPSULE,ORAL,500MG,UTIMOX,PARKE DAVIS DIV WARNER LAMBERT CO,"Approved Prior to Jan 1, 1982"
AMOXICILLIN,CAPSULE,ORAL,250MG,WYMOX,WYETH AYERST LABORATORIES,"Approved Prior to Jan 1, 1982"
AMOXICILLIN,CAPSULE,ORAL,500MG,WYMOX,WYETH AYERST LABORATORIES,"Approved Prior to Jan 1, 1982"
AMOXICILLIN,FOR SUSPENSION,ORAL,125MG/5ML,AMOXICILLIN,CHARTWELL RX SCIENCES LLC,"Approved Prior to Jan 1, 1982"
AMOXICILLIN,FOR SUSPENSION,ORAL,125MG/5ML,AMOXICILLIN,MYLAN PHARMACEUTICALS INC,"Approved Prior to Jan 1, 1982"
AMOXICILLIN,FOR SUSPENSION,ORAL,125MG/5ML,AMOXICILLIN,PH HEALTH LTD,"Nov 25, 1988"
AMOXICILLIN,FOR SUSPENSION,ORAL,125MG/5ML,AMOXICILLIN,TEVA PHARMACEUTICALS USA INC,"Approved Prior to Jan 1, 1982"
AMOXICILLIN,FOR SUSPENSION,ORAL,125MG/5ML,AMOXICILLIN,TEVA PHARMACEUTICALS USA INC,"Nov 1, 1988"
AMOXICILLIN,FOR SUSPENSION,ORAL,200MG/5ML,AMOXICILLIN,SUN PHARMACEUTICAL INDUSTRIES LTD,"Nov 29, 2002"
AMOXICILLIN,FOR SUSPENSION,ORAL,250MG/5ML,AMOXICILLIN,CHARTWELL RX SCIENCES LLC,"Approved Prior to Jan 1, 1982"
AMOXICILLIN,FOR SUSPENSION,ORAL,250MG/5ML,AMOXICILLIN,MYLAN PHARMACEUTICALS INC,"Approved Prior to Jan 1, 1982"
AMOXICILLIN,FOR SUSPENSION,ORAL,250MG/5ML,AMOXICILLIN,PH HEALTH LTD,"Nov 25, 1988"
AMOXICILLIN,FOR SUSPENSION,ORAL,250MG/5ML,AMOXICILLIN,TEVA PHARMACEUTICALS USA INC,"Jan 6, 1989"
AMOXICILLIN,FOR SUSPENSION,ORAL,400MG/5ML,AMOXICILLIN,SUN PHARMACEUTICAL INDUSTRIES LTD,"Nov 29, 2002"
AMOXICILLIN,FOR SUSPENSION,ORAL,50MG/ML **Federal Register determination that product was not discontinued or withdrawn for safety or effectiveness reasons**,AMOXIL,GLAXOSMITHKLINE,"Approved Prior to Jan 1, 1982"
AMOXICILLIN,FOR SUSPENSION,ORAL,125MG/5ML **Federal Register determination that product was not discontinued or withdrawn for safety or effectiveness reasons**,AMOXIL,GLAXOSMITHKLINE,"Approved Prior to Jan 1, 1982"
AMOXICILLIN,FOR SUSPENSION,ORAL,200MG/5ML **Federal Register determination that product was not discontinued or withdrawn for safety or effectiveness reasons**,AMOXIL,US ANTIBIOTICS LLC,"Apr 15, 1999"
AMOXICILLIN,FOR SUSPENSION,ORAL,250MG/5ML **Federal Register determination that product was not discontinued or withdrawn for safety or effectiveness reasons**,AMOXIL,GLAXOSMITHKLINE,"Approved Prior to Jan 1, 1982"
AMOXICILLIN,FOR SUSPENSION,ORAL,50MG/ML **Federal Register determination that product was not discontinued or withdrawn for safety or effectiveness reasons**,LAROTID,GLAXOSMITHKLINE,"Approved Prior to Jan 1, 1982"
AMOXICILLIN,FOR SUSPENSION,ORAL,125MG/5ML,POLYMOX,APOTHECON INC DIV BRISTOL MYERS SQUIBB,"Approved Prior to Jan 1, 1982"
AMOXICILLIN,FOR SUSPENSION,ORAL,125MG/5ML,POLYMOX,APOTHECON INC DIV BRISTOL MYERS SQUIBB,"Approved Prior to Jan 1, 1982"
AMOXICILLIN,FOR SUSPENSION,ORAL,250MG/5ML,POLYMOX,APOTHECON INC DIV BRISTOL MYERS SQUIBB,"Approved Prior to Jan 1, 1982"
AMOXICILLIN,FOR SUSPENSION,ORAL,250MG/5ML,POLYMOX,APOTHECON INC DIV BRISTOL MYERS SQUIBB,"Approved Prior to Jan 1, 1982"
AMOXICILLIN,FOR SUSPENSION,ORAL,50MG/ML,TRIMOX,APOTHECON INC DIV BRISTOL MYERS SQUIBB,"Approved Prior to Jan 1, 1982"
AMOXICILLIN,FOR SUSPENSION,ORAL,125MG/5ML,TRIMOX,APOTHECON INC DIV BRISTOL MYERS SQUIBB,"Approved Prior to Jan 1, 1982"
AMOXICILLIN,FOR SUSPENSION,ORAL,125MG/5ML,TRIMOX,APOTHECON INC DIV BRISTOL MYERS SQUIBB,"Mar 8, 1988"
AMOXICILLIN,FOR SUSPENSION,ORAL,125MG/5ML,TRIMOX,APOTHECON SUB BRISTOL MYERS SQUIBB CO,"Approved Prior to Jan 1, 1982"
AMOXICILLIN,FOR SUSPENSION,ORAL,125MG/5ML,TRIMOX,APOTHECON SUB BRISTOL MYERS SQUIBB CO,"Approved Prior to Jan 1, 1982"
AMOXICILLIN,FOR SUSPENSION,ORAL,250MG/5ML,TRIMOX,APOTHECON INC DIV BRISTOL MYERS SQUIBB,"Approved Prior to Jan 1, 1982"
AMOXICILLIN,FOR SUSPENSION,ORAL,250MG/5ML,TRIMOX,APOTHECON INC DIV BRISTOL MYERS SQUIBB,"Mar 8, 1988"
AMOXICILLIN,FOR SUSPENSION,ORAL,250MG/5ML,TRIMOX,APOTHECON SUB BRISTOL MYERS SQUIBB CO,"Approved Prior to Jan 1, 1982"
AMOXICILLIN,FOR SUSPENSION,ORAL,250MG/5ML,TRIMOX,APOTHECON SUB BRISTOL MYERS SQUIBB CO,"Approved Prior to Jan 1, 1982"
AMOXICILLIN,FOR SUSPENSION,ORAL,125MG/5ML,UTIMOX,PARKE DAVIS DIV WARNER LAMBERT CO,"Approved Prior to Jan 1, 1982"
AMOXICILLIN,FOR SUSPENSION,ORAL,250MG/5ML,UTIMOX,PARKE DAVIS DIV WARNER LAMBERT CO,"Approved Prior to Jan 1, 1982"
AMOXICILLIN,FOR SUSPENSION,ORAL,125MG/5ML,WYMOX,WYETH AYERST LABORATORIES,"Approved Prior to Jan 1, 1982"
AMOXICILLIN,FOR SUSPENSION,ORAL,250MG/5ML,WYMOX,WYETH AYERST LABORATORIES,"Approved Prior to Jan 1, 1982"
AMOXICILLIN,TABLET,ORAL,500MG,AMOXICILLIN,SUN PHARMACEUTICAL INDUSTRIES LTD,"Nov 24, 2000"
AMOXICILLIN,TABLET,ORAL,875MG,AMOXICILLIN,CHARTWELL RX SCIENCES LLC,"Jan 15, 2009"
AMOXICILLIN,TABLET,ORAL,875MG,AMOXICILLIN,SUN PHARMACEUTICAL INDUSTRIES LTD,"Nov 24, 2000"
AMOXICILLIN,TABLET,ORAL,500MG **Federal Register determination that product was not discontinued or withdrawn for safety or effectiveness reasons**,AMOXIL,US ANTIBIOTICS LLC,"Jul 10, 1998"
AMOXICILLIN,TABLET,ORAL,875MG **Federal Register determination that product was not discontinued or withdrawn for safety or effectiveness reasons**,AMOXIL,US ANTIBIOTICS LLC,"Jul 10, 1998"
AMOXICILLIN,"TABLET, CHEWABLE",ORAL,125MG,AMOXICILLIN,APOTHECON INC DIV BRISTOL MYERS SQUIBB,"May 6, 1996"
AMOXICILLIN,"TABLET, CHEWABLE",ORAL,125MG,AMOXICILLIN,CHARTWELL RX SCIENCES LLC,"Jan 29, 1996"
AMOXICILLIN,"TABLET, CHEWABLE",ORAL,125MG,AMOXICILLIN,HIKMA PHARMACEUTICALS LLC,"Jun 25, 2020"
AMOXICILLIN,"TABLET, CHEWABLE",ORAL,125MG,AMOXICILLIN,SUN PHARMACEUTICAL INDUSTRIES LTD,"Dec 23, 1999"
AMOXICILLIN,"TABLET, CHEWABLE",ORAL,125MG,AMOXICILLIN,TEVA PHARMACEUTICALS USA INC,"Dec 19, 1996"
AMOXICILLIN,"TABLET, CHEWABLE",ORAL,200MG,AMOXICILLIN,SUN PHARMACEUTICAL INDUSTRIES LTD,"Nov 29, 2000"
AMOXICILLIN,"TABLET, CHEWABLE",ORAL,250MG,AMOXICILLIN,APOTHECON INC DIV BRISTOL MYERS SQUIBB,"May 6, 1996"
AMOXICILLIN,"TABLET, CHEWABLE",ORAL,250MG,AMOXICILLIN,CHARTWELL RX SCIENCES LLC,"Jan 29, 1996"
AMOXICILLIN,"TABLET, CHEWABLE",ORAL,250MG,AMOXICILLIN,HIKMA PHARMACEUTICALS LLC,"Jun 25, 2020"
AMOXICILLIN,"TABLET, CHEWABLE",ORAL,250MG,AMOXICILLIN,SUN PHARMACEUTICAL INDUSTRIES LTD,"Dec 23, 1999"
AMOXICILLIN,"TABLET, CHEWABLE",ORAL,250MG,AMOXICILLIN,TEVA PHARMACEUTICALS USA INC,"Dec 19, 1996"
AMOXICILLIN,"TABLET, CHEWABLE",ORAL,400MG,AMOXICILLIN,SUN PHARMACEUTICAL INDUSTRIES LTD,"Nov 29, 2000"
AMOXICILLIN,"TABLET, CHEWABLE",ORAL,125MG **Federal Register determination that product was not discontinued or withdrawn for safety or effectiveness reasons**,AMOXIL,US ANTIBIOTICS LLC,"Approved Prior to Jan 1, 1982"
AMOXICILLIN,"TABLET, CHEWABLE",ORAL,200MG,AMOXIL,US ANTIBIOTICS LLC,"Apr 15, 1999"
AMOXICILLIN,"TABLET, CHEWABLE",ORAL,250MG **Federal Register determination that product was not discontinued or withdrawn for safety or effectiveness reasons**,AMOXIL,US ANTIBIOTICS LLC,"Approved Prior to Jan 1, 1982"
AMOXICILLIN,"TABLET, CHEWABLE",ORAL,400MG,AMOXIL,US ANTIBIOTICS LLC,"Apr 15, 1999"
AMOXICILLIN,"TABLET, EXTENDED RELEASE",ORAL,775MG,MOXATAG,PRAGMA PHARMACEUTICALS LLC,"Jan 23, 2008"
AMOXICILLIN,"TABLET, FOR SUSPENSION",ORAL,200MG,AMOXICILLIN,AUROBINDO PHARMA LTD,"Jan 17, 2007"
AMOXICILLIN,"TABLET, FOR SUSPENSION",ORAL,400MG,AMOXICILLIN,AUROBINDO PHARMA LTD,"Jan 17, 2007"
AMOXICILLIN,"TABLET, FOR SUSPENSION",ORAL,200MG,DISPERMOX,RANBAXY LABORATORIES LTD,"Aug 11, 2003"
AMOXICILLIN,"TABLET, FOR SUSPENSION",ORAL,400MG,DISPERMOX,RANBAXY LABORATORIES LTD,"Aug 11, 2003"
AMOXICILLIN,"TABLET, FOR SUSPENSION",ORAL,600MG,DISPERMOX,RANBAXY LABORATORIES LTD,"Dec 4, 2003"
AMOXICILLIN; CLARITHROMYCIN; LANSOPRAZOLE,"CAPSULE, TABLET, CAPSULE, DELAYED REL PELLETS",ORAL,500MG; 500MG; 30MG,"LANSOPRAZOLE, AMOXICILLIN AND CLARITHROMYCIN (COPACKAGED)",ANI PHARMACEUTICALS INC,"Aug 30, 2013"
AMOXICILLIN; CLARITHROMYCIN; LANSOPRAZOLE,"CAPSULE, TABLET, CAPSULE, DELAYED REL PELLETS",ORAL,500MG; 500MG; 30MG **Federal Register determination that product was not discontinued or withdrawn for safety or effectiveness reasons**,PREVPAC (COPACKAGED),TAKEDA PHARMACEUTICALS USA INC,"Dec 2, 1997"
AMOXICILLIN; CLARITHROMYCIN; OMEPRAZOLE,"CAPSULE, TABLET, CAPSULE, DELAYED RELEASE",ORAL,"500MG,N/A,N/A; N/A,500MG,N/A; N/A,N/A,20MG **Federal Register determination that product was not discontinued or withdrawn for safety or effectiveness reasons**",OMECLAMOX-PAK,CUMBERLAND PHARMACEUTICALS INC,"Feb 8, 2011"
AMOXICILLIN; CLAVULANATE POTASSIUM,FOR SUSPENSION,ORAL,200MG/5ML; EQ 28.5MG BASE/5ML,AMOXICILLIN AND CLAVULANATE POTASSIUM,SUN PHARMACEUTICAL INDUSTRIES LTD,"Mar 19, 2003"
AMOXICILLIN; CLAVULANATE POTASSIUM,FOR SUSPENSION,ORAL,400MG/5ML; EQ 57MG BASE/5ML,AMOXICILLIN AND CLAVULANATE POTASSIUM,SUN PHARMACEUTICAL INDUSTRIES LTD,"Mar 19, 2003"
AMOXICILLIN; CLAVULANATE POTASSIUM,FOR SUSPENSION,ORAL,600MG/5ML; EQ 42.9MG BASE/5ML,AMOXICILLIN AND CLAVULANATE POTASSIUM,SUN PHARMACEUTICAL INDUSTRIES LTD,"Jan 30, 2007"
AMOXICILLIN; CLAVULANATE POTASSIUM,FOR SUSPENSION,ORAL,200MG/5ML; EQ 28.5MG BASE/5ML,AUGMENTIN '200',US ANTIBIOTICS LLC,"May 31, 1996"
AMOXICILLIN; CLAVULANATE POTASSIUM,FOR SUSPENSION,ORAL,400MG/5ML; EQ 57MG BASE/5ML,AUGMENTIN '400',US ANTIBIOTICS LLC,"May 31, 1996"
AMOXICILLIN; CLAVULANATE POTASSIUM,TABLET,ORAL,250MG; EQ 125MG BASE,AMOXICILLIN AND CLAVULANATE POTASSIUM,APOTEX INC,"Feb 24, 2009"
AMOXICILLIN; CLAVULANATE POTASSIUM,TABLET,ORAL,500MG; EQ 125MG BASE,AMOXICILLIN AND CLAVULANATE POTASSIUM,APOTEX INC,"Feb 24, 2009"
AMOXICILLIN; CLAVULANATE POTASSIUM,TABLET,ORAL,500MG; EQ 125MG BASE,AMOXICILLIN AND CLAVULANATE POTASSIUM,SANDOZ INC,"Nov 27, 2002"
AMOXICILLIN; CLAVULANATE POTASSIUM,TABLET,ORAL,500MG; EQ 125MG BASE,AMOXICILLIN AND CLAVULANATE POTASSIUM,SUN PHARMACEUTICAL INDUSTRIES LTD,"Nov 4, 2002"
AMOXICILLIN; CLAVULANATE POTASSIUM,TABLET,ORAL,875MG; EQ 125MG BASE,AMOXICILLIN AND CLAVULANATE POTASSIUM,APOTEX INC,"Oct 20, 2008"
AMOXICILLIN; CLAVULANATE POTASSIUM,TABLET,ORAL,875MG; EQ 125MG BASE,AMOXICILLIN AND CLAVULANATE POTASSIUM,SUN PHARMACEUTICAL INDUSTRIES LTD,"Sep 17, 2002"
AMOXICILLIN; CLAVULANATE POTASSIUM,TABLET,ORAL,250MG; EQ 125MG BASE **Federal Register determination that product was not discontinued or withdrawn for safety or effectiveness reasons**,AUGMENTIN '250',US ANTIBIOTICS LLC,"Aug 6, 1984"
AMOXICILLIN; CLAVULANATE POTASSIUM,TABLET,ORAL,500MG; EQ 125MG BASE **Federal Register determination that product was not discontinued or withdrawn for safety or effectiveness reasons**,AUGMENTIN '500',US ANTIBIOTICS LLC,"Aug 6, 1984"
AMOXICILLIN; CLAVULANATE POTASSIUM,"TABLET, CHEWABLE",ORAL,200MG; EQ 28.5MG BASE,AMOXICILLIN AND CLAVULANATE POTASSIUM,CHARTWELL RX SCIENCES LLC,"Apr 18, 2002"
AMOXICILLIN; CLAVULANATE POTASSIUM,"TABLET, CHEWABLE",ORAL,200MG; EQ 28.5MG BASE,AMOXICILLIN AND CLAVULANATE POTASSIUM,SUN PHARMACEUTICAL INDUSTRIES LTD,"Dec 3, 2003"
AMOXICILLIN; CLAVULANATE POTASSIUM,"TABLET, CHEWABLE",ORAL,400MG; EQ 57MG BASE,AMOXICILLIN AND CLAVULANATE POTASSIUM,CHARTWELL RX SCIENCES LLC,"Apr 18, 2002"
AMOXICILLIN; CLAVULANATE POTASSIUM,"TABLET, CHEWABLE",ORAL,400MG; EQ 57MG BASE,AMOXICILLIN AND CLAVULANATE POTASSIUM,SUN PHARMACEUTICAL INDUSTRIES LTD,"Dec 3, 2003"
AMOXICILLIN; CLAVULANATE POTASSIUM,"TABLET, CHEWABLE",ORAL,125MG; EQ 31.25MG BASE **Federal Register determination that product was not discontinued or withdrawn for safety or effectiveness reasons**,AUGMENTIN '125',US ANTIBIOTICS LLC,"Jul 22, 1985"
AMOXICILLIN; CLAVULANATE POTASSIUM,"TABLET, CHEWABLE",ORAL,200MG; EQ 28.5MG BASE,AUGMENTIN '200',US ANTIBIOTICS LLC,"May 31, 1996"
AMOXICILLIN; CLAVULANATE POTASSIUM,"TABLET, CHEWABLE",ORAL,250MG; EQ 62.5MG BASE **Federal Register determination that product was not discontinued or withdrawn for safety or effectiveness reasons**,AUGMENTIN '250',US ANTIBIOTICS LLC,"Jul 22, 1985"
AMOXICILLIN; CLAVULANATE POTASSIUM,"TABLET, CHEWABLE",ORAL,400MG; EQ 57MG BASE,AUGMENTIN '400',US ANTIBIOTICS LLC,"May 31, 1996"
ASPIRIN; BUTALBITAL; CAFFEINE,CAPSULE,ORAL,325MG; 50MG; 40MG,"BUTALBITAL, ASPIRIN AND CAFFEINE",MPP PHARMA LLC,"Jun 13, 2007"
ASPIRIN; BUTALBITAL; CAFFEINE,CAPSULE,ORAL,325MG; 50MG; 40MG,LANORINAL,SANDOZ INC,"Oct 11, 1985"
ASPIRIN; BUTALBITAL; CAFFEINE; CODEINE PHOSPHATE,CAPSULE,ORAL,325MG; 50MG; 40MG; 30MG,"BUTALBITAL, ASPIRIN, CAFFEINE, AND CODEINE PHOSPHATE",JEROME STEVENS PHARMACEUTICALS INC,"Aug 31, 1998"
ASPIRIN; BUTALBITAL; CAFFEINE; CODEINE PHOSPHATE,CAPSULE,ORAL,325MG; 50MG; 40MG; 30MG,"BUTALBITAL, ASPIRIN, CAFFEINE, AND CODEINE PHOSPHATE",LGM PHARMA SOLUTIONS LLC,"Nov 30, 2001"
ASPIRIN; CAFFEINE; ORPHENADRINE CITRATE,TABLET,ORAL,385MG; 30MG; 25MG,ORPHENGESIC,GALT PHARMACEUTICALS LLC,"May 29, 1998"
ASPIRIN; CAFFEINE; ORPHENADRINE CITRATE,TABLET,ORAL,770MG; 60MG; 50MG,ORPHENGESIC FORTE,GALT PHARMACEUTICALS LLC,"May 29, 1998"
ASPIRIN; DIPYRIDAMOLE,"CAPSULE, EXTENDED RELEASE",ORAL,25MG; 200MG,ASPIRIN AND DIPYRIDAMOLE,AMNEAL PHARMACEUTICALS OF NEW YORK LLC,"Mar 8, 2016"
ASPIRIN; DIPYRIDAMOLE,"CAPSULE, EXTENDED RELEASE",ORAL,25MG; 200MG,ASPIRIN AND DIPYRIDAMOLE,BARR LABORATORIES INC,"Aug 14, 2009"
ASPIRIN; DIPYRIDAMOLE,"CAPSULE, EXTENDED RELEASE",ORAL,25MG; 200MG,ASPIRIN AND DIPYRIDAMOLE,DR REDDYS LABORATORIES LTD,"Oct 10, 2018"
ASPIRIN; DIPYRIDAMOLE,"CAPSULE, EXTENDED RELEASE",ORAL,25MG; 200MG,ASPIRIN AND DIPYRIDAMOLE,GLENMARK SPECIALTY SA,"May 24, 2019"
ASPIRIN; DIPYRIDAMOLE,"CAPSULE, EXTENDED RELEASE",ORAL,25MG; 200MG,ASPIRIN AND DIPYRIDAMOLE,MICRO LABS LTD,"Aug 11, 2021"
ASPIRIN; DIPYRIDAMOLE,"CAPSULE, EXTENDED RELEASE",ORAL,25MG; 200MG,ASPIRIN AND DIPYRIDAMOLE,PH HEALTH LTD,"Jan 18, 2017"
ASPIRIN; DIPYRIDAMOLE,"CAPSULE, EXTENDED RELEASE",ORAL,25MG; 200MG,ASPIRIN AND DIPYRIDAMOLE,SANDOZ INC,"Jan 18, 2017"
ASPIRIN; DIPYRIDAMOLE,"CAPSULE, EXTENDED RELEASE",ORAL,25MG; 200MG,ASPIRIN AND DIPYRIDAMOLE,ZYDUS PHARMACEUTICALS USA INC,"Aug 29, 2017"
ASPIRIN; HYDROCODONE BITARTRATE,TABLET,ORAL,500MG; 5MG,HYDROCODONE BITARTRATE AND ASPIRIN,LGM PHARMA SOLUTIONS LLC,"May 28, 2021"
ASPIRIN; OXYCODONE HYDROCHLORIDE,TABLET,ORAL,325MG; 4.8355MG,OXYCODONE AND ASPIRIN,EPIC PHARMA LLC,"Jul 16, 2020"
ASPIRIN; OXYCODONE HYDROCHLORIDE,TABLET,ORAL,325MG; 4.8355MG,PERCODAN,ENDO OPERATIONS LTD,"Aug 5, 2005"
ACETAMINOPHEN; ASPIRIN; CAFFEINE,TABLET,ORAL,250MG; 250MG; 65MG,"ACETAMINOPHEN, ASPIRIN AND CAFFEINE",AUROBINDO PHARMA LTD,"Feb 2, 2022"
ACETAMINOPHEN; ASPIRIN; CAFFEINE,TABLET,ORAL,250MG; 250MG; 65MG,"ACETAMINOPHEN, ASPIRIN AND CAFFEINE",GRANULES INDIA LTD,"Feb 23, 2021"
ACETAMINOPHEN; ASPIRIN; CAFFEINE,TABLET,ORAL,250MG; 250MG; 65MG,"ACETAMINOPHEN, ASPIRIN AND CAFFEINE",L PERRIGO CO,"Nov 26, 2001"
ACETAMINOPHEN; ASPIRIN; CAFFEINE,TABLET,ORAL,250MG; 250MG; 65MG,EXCEDRIN (MIGRAINE RELIEF),HALEON US HOLDINGS LLC,"Jan 14, 1998"
ASPIRIN,CAPSULE,ORAL,81MG,VAZALORE,PLX PHARMA INC,"Feb 26, 2021"
ASPIRIN,CAPSULE,ORAL,325MG,VAZALORE,PLX PHARMA INC,"Jan 14, 2013"
ACETAMINOPHEN; ASPIRIN; CODEINE PHOSPHATE,CAPSULE,ORAL,150MG; 180MG; 15MG,"ACETAMINOPHEN, ASPIRIN, AND CODEINE PHOSPHATE",MIKART LLC,"Oct 26, 1990"
ACETAMINOPHEN; ASPIRIN; CODEINE PHOSPHATE,CAPSULE,ORAL,150MG; 180MG; 30MG,"ACETAMINOPHEN, ASPIRIN, AND CODEINE PHOSPHATE",MIKART LLC,"Oct 26, 1990"
ACETAMINOPHEN; ASPIRIN; CODEINE PHOSPHATE,CAPSULE,ORAL,150MG; 180MG; 60MG,"ACETAMINOPHEN, ASPIRIN, AND CODEINE PHOSPHATE",MIKART LLC,"Oct 26, 1990"
ACETAMINOPHEN; ASPIRIN; CODEINE PHOSPHATE,CAPSULE,ORAL,150MG; 180MG; 15MG,"CODEINE, ASPIRIN, APAP FORMULA NO. 2",SCHERER LABORATORIES INC,"Approved Prior to Jan 1, 1982"
ACETAMINOPHEN; ASPIRIN; CODEINE PHOSPHATE,CAPSULE,ORAL,150MG; 180MG; 30MG,"CODEINE, ASPIRIN, APAP FORMULA NO. 3",SCHERER LABORATORIES INC,"Approved Prior to Jan 1, 1982"
ACETAMINOPHEN; ASPIRIN; CODEINE PHOSPHATE,CAPSULE,ORAL,150MG; 180MG; 60MG,"CODEINE, ASPIRIN, APAP FORMULA NO. 4",SCHERER LABORATORIES INC,"Approved Prior to Jan 1, 1982"
ASPIRIN,"CAPSULE, EXTENDED RELEASE",ORAL,162.5MG,DURLAZA,HESP LLC,"Sep 4, 2015"
ASPIRIN,TABLET,ORAL,500MG,BAYER EXTRA STRENGTH ASPIRIN FOR MIGRAINE PAIN,BAYER HEALTHCARE LLC,"Oct 18, 2001"
ASPIRIN,"TABLET, EXTENDED RELEASE",ORAL,650MG,8-HOUR BAYER,BAYER HEALTHCARE LLC,"Approved Prior to Jan 1, 1982"
ASPIRIN,"TABLET, EXTENDED RELEASE",ORAL,650MG,MEASURIN,BAYER HEALTHCARE LLC,"Approved Prior to Jan 1, 1982"
ASPIRIN; BUTALBITAL,TABLET,ORAL,650MG; 50MG,AXOTAL,SAVAGE LABORATORIES INC DIV ALTANA INC,"Oct 13, 1983"
ASPIRIN; BUTALBITAL; CAFFEINE,CAPSULE,ORAL,325MG; 50MG; 40MG,"BUTALBITAL, ASPIRIN AND CAFFEINE",WATSON LABORATORIES INC,"Feb 12, 1985"
ASPIRIN; BUTALBITAL; CAFFEINE,CAPSULE,ORAL,500MG; 50MG; 40MG,"BUTALBITAL, ASPIRIN AND CAFFEINE",LGM PHARMA SOLUTIONS LLC,"Oct 18, 2021"
ASPIRIN; BUTALBITAL; CAFFEINE,CAPSULE,ORAL,325MG; 50MG; 40MG **Federal Register determination that product was not discontinued or withdrawn for safety or effectiveness reasons**,FIORINAL,ALLERGAN SALES LLC,"Apr 16, 1986"
ASPIRIN; BUTALBITAL; CAFFEINE,TABLET,ORAL,325MG; 50MG; 40MG,"BUTALBITAL, ASPIRIN AND CAFFEINE",ACTAVIS ELIZABETH LLC,"Aug 23, 1983"
ASPIRIN; BUTALBITAL; CAFFEINE,TABLET,ORAL,325MG; 50MG; 40MG,"BUTALBITAL, ASPIRIN AND CAFFEINE",FOSUN PHARMA USA INC,"Apr 6, 1984"
ASPIRIN; BUTALBITAL; CAFFEINE,TABLET,ORAL,325MG; 50MG; 40MG,"BUTALBITAL, ASPIRIN AND CAFFEINE",HALSEY DRUG CO INC,"Dec 1, 1986"
ASPIRIN; BUTALBITAL; CAFFEINE,TABLET,ORAL,325MG; 50MG; 40MG **Federal Register determination that product was not discontinued or withdrawn for safety or effectiveness reasons**,"BUTALBITAL, ASPIRIN AND CAFFEINE",HIKMA INTERNATIONAL PHARMACEUTICALS LLC,"Feb 16, 1984"
ASPIRIN; BUTALBITAL; CAFFEINE,TABLET,ORAL,325MG; 50MG; 40MG,"BUTALBITAL, ASPIRIN AND CAFFEINE",IVAX PHARMACEUTICALS INC,"Oct 31, 1984"
ASPIRIN; BUTALBITAL; CAFFEINE,TABLET,ORAL,325MG; 50MG; 40MG,"BUTALBITAL, ASPIRIN AND CAFFEINE",PURACAP PHARMACEUTICAL LLC,"Dec 9, 1983"
ASPIRIN; BUTALBITAL; CAFFEINE,TABLET,ORAL,325MG; 50MG; 40MG,"BUTALBITAL, ASPIRIN AND CAFFEINE",QUANTUM PHARMICS LTD,"Jun 18, 1985"
ASPIRIN; BUTALBITAL; CAFFEINE,TABLET,ORAL,325MG; 50MG; 40MG,"BUTALBITAL, ASPIRIN AND CAFFEINE",STRIDES PHARMA GLOBAL PTE LTD,"Sep 22, 2016"
ASPIRIN; BUTALBITAL; CAFFEINE,TABLET,ORAL,325MG; 50MG; 40MG,"BUTALBITAL, ASPIRIN AND CAFFEINE",WATSON LABORATORIES INC,"Mar 23, 1984"
ASPIRIN; BUTALBITAL; CAFFEINE,TABLET,ORAL,325MG; 50MG; 40MG **Federal Register determination that product was not discontinued or withdrawn for safety or effectiveness reasons**,FIORINAL,ALLERGAN SALES LLC,"Apr 16, 1986"
ASPIRIN; BUTALBITAL; CAFFEINE,TABLET,ORAL,325MG; 50MG; 40MG,LANORINAL,LANNETT CO INC,"Oct 18, 1985"
ASPIRIN; BUTALBITAL; CAFFEINE; CODEINE PHOSPHATE,CAPSULE,ORAL,325MG; 50MG; 40MG; 30MG,"BUTALBITAL, ASPIRIN, CAFFEINE, AND CODEINE PHOSPHATE",DR REDDYS LABORATORIES SA,"Oct 30, 2015"
ASPIRIN; BUTALBITAL; CAFFEINE; CODEINE PHOSPHATE,CAPSULE,ORAL,325MG; 50MG; 40MG; 30MG,"BUTALBITAL, ASPIRIN, CAFFEINE, AND CODEINE PHOSPHATE",NOVITIUM PHARMA LLC,"Mar 5, 1999"
ASPIRIN; BUTALBITAL; CAFFEINE; CODEINE PHOSPHATE,CAPSULE,ORAL,325MG; 50MG; 40MG; 30MG,"BUTALBITAL, ASPIRIN, CAFFEINE, AND CODEINE PHOSPHATE",WATSON LABORATORIES INC,"Aug 31, 1995"
ASPIRIN; BUTALBITAL; CAFFEINE; CODEINE PHOSPHATE,CAPSULE,ORAL,325MG; 50MG; 40MG; 30MG **Federal Register determination that product was not discontinued or withdrawn for safety or effectiveness reasons**,FIORINAL W/CODEINE,ALLERGAN SALES LLC,"Oct 26, 1990"
ASPIRIN; CAFFEINE; DIHYDROCODEINE BITARTRATE,CAPSULE,ORAL,356.4MG; 30MG; 16MG,SYNALGOS-DC,SUN PHARMACEUTICAL INDUSTRIES INC,"Sep 6, 1983"
ASPIRIN; CAFFEINE; ORPHENADRINE CITRATE,TABLET,ORAL,385MG; 30MG; 25MG,INVAGESIC,CHARTWELL RX SCIENCES LLC,"Nov 27, 1996"
ASPIRIN; CAFFEINE; ORPHENADRINE CITRATE,TABLET,ORAL,770MG; 60MG; 50MG,INVAGESIC FORTE,CHARTWELL RX SCIENCES LLC,"Nov 27, 1996"
ASPIRIN; CAFFEINE; ORPHENADRINE CITRATE,TABLET,ORAL,385MG; 30MG; 25MG **Federal Register determination that product was not discontinued or withdrawn for safety or effectiveness reasons**,NORGESIC,BAUSCH HEALTH US LLC,"Oct 27, 1982"
ASPIRIN; CAFFEINE; ORPHENADRINE CITRATE,TABLET,ORAL,770MG; 60MG; 50MG **Federal Register determination that product was not discontinued or withdrawn for safety or effectiveness reasons**,NORGESIC FORTE,BAUSCH HEALTH US LLC,"Oct 27, 1982"
ASPIRIN; CAFFEINE; ORPHENADRINE CITRATE,TABLET,ORAL,385MG; 30MG; 25MG,"ORPHENADRINE CITRATE, ASPIRIN, AND CAFFEINE",JEROME STEVENS PHARMACEUTICALS INC,"Apr 30, 1999"
ASPIRIN; CAFFEINE; ORPHENADRINE CITRATE,TABLET,ORAL,385MG; 30MG; 25MG,"ORPHENADRINE CITRATE, ASPIRIN, AND CAFFEINE",SANDOZ INC,"Dec 31, 1996"
ASPIRIN; CAFFEINE; ORPHENADRINE CITRATE,TABLET,ORAL,770MG; 60MG; 50MG,"ORPHENADRINE CITRATE, ASPIRIN, AND CAFFEINE",JEROME STEVENS PHARMACEUTICALS INC,"Apr 30, 1999"
ASPIRIN; CAFFEINE; ORPHENADRINE CITRATE,TABLET,ORAL,770MG; 60MG; 50MG,"ORPHENADRINE CITRATE, ASPIRIN, AND CAFFEINE",SANDOZ INC,"Dec 31, 1996"
ASPIRIN; CAFFEINE; PROPOXYPHENE HYDROCHLORIDE,CAPSULE,ORAL,389MG; 32.4MG; 65MG,COMPOUND 65,ALRA LABORATORIES INC,"Aug 17, 1983"
ASPIRIN; CAFFEINE; PROPOXYPHENE HYDROCHLORIDE,CAPSULE,ORAL,389MG; 32.4MG; 32MG,DARVON COMPOUND,XANODYNE PHARMACEUTICS INC,"Mar 8, 1983"
ASPIRIN; CAFFEINE; PROPOXYPHENE HYDROCHLORIDE,CAPSULE,ORAL,389MG; 32.4MG; 65MG,DARVON COMPOUND-65,XANODYNE PHARMACEUTICS INC,"Mar 8, 1983"
ASPIRIN; CAFFEINE; PROPOXYPHENE HYDROCHLORIDE,CAPSULE,ORAL,389MG; 32.4MG; 65MG,PROPOXYPHENE COMPOUND 65,IVAX PHARMACEUTICALS INC SUB TEVA PHARMACEUTICALS USA,"Dec 7, 1984"
ASPIRIN; CAFFEINE; PROPOXYPHENE HYDROCHLORIDE,CAPSULE,ORAL,389MG; 32.4MG; 65MG,PROPOXYPHENE COMPOUND 65,SANDOZ INC,"Sep 16, 1983"
ASPIRIN; CAFFEINE; PROPOXYPHENE HYDROCHLORIDE,CAPSULE,ORAL,389MG; 32.4MG; 65MG,PROPOXYPHENE COMPOUND 65,TEVA PHARMACEUTICALS USA INC,"Mar 29, 1985"
ASPIRIN; CAFFEINE; PROPOXYPHENE HYDROCHLORIDE,CAPSULE,ORAL,389MG; 32.4MG; 65MG,PROPOXYPHENE COMPOUND-65,SANDOZ INC,"Jun 24, 1985"
ASPIRIN; CAFFEINE; PROPOXYPHENE HYDROCHLORIDE,CAPSULE,ORAL,389MG; 32.4MG; 65MG,PROPOXYPHENE HYDROCHLORIDE W/ ASPIRIN AND CAFFEINE,WATSON LABORATORIES INC,"Sep 3, 1984"
ASPIRIN; CARISOPRODOL,TABLET,ORAL,325MG; 200MG,CARISOPRODOL AND ASPIRIN,CHARTWELL RX SCIENCES LLC,"Mar 31, 1989"
ASPIRIN; CARISOPRODOL,TABLET,ORAL,325MG; 200MG,CARISOPRODOL AND ASPIRIN,GENUS LIFESCIENCES INC,"Apr 25, 1996"
ASPIRIN; CARISOPRODOL,TABLET,ORAL,325MG; 200MG,CARISOPRODOL AND ASPIRIN,NOVAST LABORATORIES LTD,"Jan 7, 2010"
ASPIRIN; CARISOPRODOL,TABLET,ORAL,325MG; 200MG,CARISOPRODOL AND ASPIRIN,OXFORD PHARMACEUTICALS LLC,"Dec 10, 1997"
ASPIRIN; CARISOPRODOL,TABLET,ORAL,325MG; 200MG,CARISOPRODOL COMPOUND,WATSON LABORATORIES INC,"Oct 3, 1985"
ASPIRIN; CARISOPRODOL,TABLET,ORAL,325MG; 200MG **Federal Register determination that product was not discontinued or withdrawn for safety or effectiveness reasons**,SOMA COMPOUND,MEDA PHARMACEUTICALS MEDA PHARMACEUTICALS INC,"Jul 11, 1983"
ASPIRIN; CARISOPRODOL; CODEINE PHOSPHATE,TABLET,ORAL,325MG; 200MG; 16MG,"CARISOPRODOL, ASPIRIN AND CODEINE PHOSPHATE",INGENUS PHARMACEUTICALS NJ LLC,"Jan 7, 2010"
ASPIRIN; CARISOPRODOL; CODEINE PHOSPHATE,TABLET,ORAL,325MG; 200MG; 16MG,"CARISOPRODOL, ASPIRIN AND CODEINE PHOSPHATE",OXFORD PHARMACEUTICALS LLC,"Dec 29, 1998"
ASPIRIN; CARISOPRODOL; CODEINE PHOSPHATE,TABLET,ORAL,325MG; 200MG; 16MG,"CARISOPRODOL, ASPIRIN AND CODEINE PHOSPHATE",SANDOZ INC,"Apr 16, 1996"
ASPIRIN; CARISOPRODOL; CODEINE PHOSPHATE,TABLET,ORAL,325MG; 200MG; 16MG **Federal Register determination that product was not discontinued or withdrawn for safety or effectiveness reasons**,SOMA COMPOUND W/ CODEINE,MEDA PHARMACEUTICALS MEDA PHARMACEUTICALS INC,"Jul 11, 1983"
ASPIRIN; DIPYRIDAMOLE,"CAPSULE, EXTENDED RELEASE",ORAL,25MG; 200MG **Federal Register determination that product was not discontinued or withdrawn for safety or effectiveness reasons**,AGGRENOX,BOEHRINGER INGELHEIM PHARMACEUTICALS INC,"Nov 22, 1999"
ASPIRIN; DIPYRIDAMOLE,"CAPSULE, EXTENDED RELEASE",ORAL,25MG; 200MG,ASPIRIN AND DIPYRIDAMOLE,ANI PHARMACEUTICALS INC,"Jan 18, 2017"
ASPIRIN; DIPYRIDAMOLE,"CAPSULE, EXTENDED RELEASE",ORAL,25MG; 200MG,ASPIRIN AND DIPYRIDAMOLE,CHARTWELL MOLECULAR HOLDINGS LLC,"Mar 20, 2019"
ASPIRIN; DIPYRIDAMOLE,"CAPSULE, EXTENDED RELEASE",ORAL,25MG; 200MG,ASPIRIN AND DIPYRIDAMOLE,SUN PHARMACEUTICAL INDUSTRIES LTD,"Aug 21, 2018"
ASPIRIN; HYDROCODONE BITARTRATE,TABLET,ORAL,500MG; 5MG **Federal Register determination that product was not discontinued or withdrawn for safety or effectiveness reasons**,AZDONE,SCHWARZ PHARMA INC,"Jan 25, 1988"
ASPIRIN; HYDROCODONE BITARTRATE,TABLET,ORAL,500MG; 5MG,VICOPRIN,ABBOTT LABORATORIES PHARMACEUTICAL PRODUCTS DIV,"Sep 14, 1983"
ASPIRIN; MEPROBAMATE,TABLET,ORAL,325MG; 200MG,EQUAGESIC,SUN PHARMACEUTICAL INDUSTRIES INC,"Dec 29, 1983"
ASPIRIN; MEPROBAMATE,TABLET,ORAL,325MG; 200MG,MEPRO-ASPIRIN,SANDOZ INC,"Mar 2, 1987"
ASPIRIN; MEPROBAMATE,TABLET,ORAL,325MG; 200MG,MEPROBAMATE AND ASPIRIN,PAR PHARMACEUTICAL INC,"Aug 19, 1986"
ASPIRIN; MEPROBAMATE,TABLET,ORAL,325MG; 200MG,MICRAININ,MEDPOINTE PHARMACEUTICALS MEDPOINTE HEALTHCARE INC,"Approved Prior to Jan 1, 1982"
ASPIRIN; MEPROBAMATE,TABLET,ORAL,325MG; 200MG,Q-GESIC,QUANTUM PHARMICS LTD,"Jun 1, 1984"
ASPIRIN; METHOCARBAMOL,TABLET,ORAL,325MG; 400MG,METHOCARBAMOL AND ASPIRIN,IVAX PHARMACEUTICALS INC SUB TEVA PHARMACEUTICALS USA,"Dec 22, 1982"
ASPIRIN; METHOCARBAMOL,TABLET,ORAL,325MG; 400MG,METHOCARBAMOL AND ASPIRIN,JEROME STEVENS PHARMACEUTICALS INC,"Jan 31, 1995"
ASPIRIN; METHOCARBAMOL,TABLET,ORAL,325MG; 400MG,METHOCARBAMOL AND ASPIRIN,MCNEIL CONSUMER PRODUCTS CO DIV MCNEILAB INC,"Feb 12, 1986"
ASPIRIN; METHOCARBAMOL,TABLET,ORAL,325MG; 400MG,METHOCARBAMOL AND ASPIRIN,PAR PHARMACEUTICAL INC,"Nov 4, 1988"
ASPIRIN; METHOCARBAMOL,TABLET,ORAL,325MG; 400MG,ROBAXISAL,AH ROBINS CO,"Approved Prior to Jan 1, 1982"
ASPIRIN; OMEPRAZOLE,"TABLET, DELAYED RELEASE",ORAL,81MG; 40MG,YOSPRALA,GENUS LIFE SCIENCES INC,"Sep 14, 2016"
ASPIRIN; OMEPRAZOLE,"TABLET, DELAYED RELEASE",ORAL,325MG; 40MG,YOSPRALA,GENUS LIFE SCIENCES INC,"Sep 14, 2016"
ASPIRIN; OXYCODONE HYDROCHLORIDE,TABLET,ORAL,325MG; 4.8355MG,OXYCODONE AND ASPIRIN,ACTAVIS LABORATORIES FL INC,"Mar 22, 2011"
ASPIRIN; OXYCODONE HYDROCHLORIDE,TABLET,ORAL,325MG; 4.8355MG,OXYCODONE AND ASPIRIN,DR REDDYS LABORATORIES SA,"Mar 16, 2011"
ASPIRIN; OXYCODONE HYDROCHLORIDE; OXYCODONE TEREPHTHALATE,TABLET,ORAL,325MG; 4.5MG; 0.38MG,CODOXY,HALSEY DRUG CO INC,"Jul 1, 1982"
ASPIRIN; OXYCODONE HYDROCHLORIDE; OXYCODONE TEREPHTHALATE,TABLET,ORAL,325MG; 4.5MG; 0.38MG,OXYCODONE AND ASPIRIN,ANI PHARMACEUTICALS INC,"Feb 27, 1998"
ASPIRIN; OXYCODONE HYDROCHLORIDE; OXYCODONE TEREPHTHALATE,TABLET,ORAL,325MG; 4.5MG; 0.38MG,OXYCODONE AND ASPIRIN,SUN PHARMACEUTICAL INDUSTRIES INC,"Jul 17, 1998"
ASPIRIN; OXYCODONE HYDROCHLORIDE; OXYCODONE TEREPHTHALATE,TABLET,ORAL,325MG; 4.5MG; 0.38MG,OXYCODONE AND ASPIRIN,SUN PHARMACEUTICAL INDUSTRIES INC,"May 26, 1982"
ASPIRIN; OXYCODONE HYDROCHLORIDE; OXYCODONE TEREPHTHALATE,TABLET,ORAL,325MG; 2.25MG; 0.19MG,OXYCODONE AND ASPIRIN (HALF-STRENGTH),ROXANE LABORATORIES INC,"Jun 4, 1982"
ASPIRIN; OXYCODONE HYDROCHLORIDE; OXYCODONE TEREPHTHALATE,TABLET,ORAL,325MG; 4.5MG; 0.38MG **Federal Register determination that product was not discontinued or withdrawn for safety or effectiveness reasons**,PERCODAN,ENDO OPERATIONS LTD,"Approved Prior to Jan 1, 1982"
ASPIRIN; OXYCODONE HYDROCHLORIDE; OXYCODONE TEREPHTHALATE,TABLET,ORAL,325MG; 2.25MG; 0.19MG **Federal Register determination that product was not discontinued or withdrawn for safety or effectiveness reasons**,PERCODAN-DEMI,ENDO OPERATIONS LTD,"Approved Prior to Jan 1, 1982"
ASPIRIN; OXYCODONE HYDROCHLORIDE; OXYCODONE TEREPHTHALATE,TABLET,ORAL,325MG; 4.5MG; 0.38MG,ROXIPRIN,ROXANE LABORATORIES INC,"Jun 4, 1982"
ASPIRIN; PENTAZOCINE HYDROCHLORIDE,TABLET,ORAL,325MG; EQ 12.5MG BASE **Federal Register determination that product was not discontinued or withdrawn for safety or effectiveness reasons**,TALWIN COMPOUND,SANOFI AVENTIS US LLC,"Approved Prior to Jan 1, 1982"
ASPIRIN; PRAVASTATIN SODIUM,TABLET,ORAL,81MG; 20MG,PRAVIGARD PAC (COPACKAGED),BRISTOL MYERS SQUIBB CO,"Jun 24, 2003"
ASPIRIN; PRAVASTATIN SODIUM,TABLET,ORAL,81MG; 40MG,PRAVIGARD PAC (COPACKAGED),BRISTOL MYERS SQUIBB CO,"Jun 24, 2003"
ASPIRIN; PRAVASTATIN SODIUM,TABLET,ORAL,81MG; 80MG,PRAVIGARD PAC (COPACKAGED),BRISTOL MYERS SQUIBB CO,"Jun 24, 2003"
ASPIRIN; PRAVASTATIN SODIUM,TABLET,ORAL,325MG; 20MG,PRAVIGARD PAC (COPACKAGED),BRISTOL MYERS SQUIBB CO,"Jun 24, 2003"
ASPIRIN; PRAVASTATIN SODIUM,TABLET,ORAL,325MG; 40MG,PRAVIGARD PAC (COPACKAGED),BRISTOL MYERS SQUIBB CO,"Jun 24, 2003"
ASPIRIN; PRAVASTATIN SODIUM,TABLET,ORAL,325MG; 80MG,PRAVIGARD PAC (COPACKAGED),BRISTOL MYERS SQUIBB CO,"Jun 24, 2003"
ASPIRIN; PROPOXYPHENE HYDROCHLORIDE,CAPSULE,ORAL,325MG; 65MG,DARVON W/ ASA,XANODYNE PHARMACEUTICS INC,"Approved Prior to Jan 1, 1982"
ASPIRIN; PROPOXYPHENE NAPSYLATE,CAPSULE,ORAL,325MG; 100MG,DARVON-N W/ ASA,AAIPHARMA LLC,"Approved Prior to Jan 1, 1982"
ASPIRIN; PROPOXYPHENE NAPSYLATE,TABLET,ORAL,325MG; 100MG,DARVON-N W/ ASA,AAIPHARMA LLC,"Approved Prior to Jan 1, 1982"
HYDROCHLOROTHIAZIDE; METOPROLOL TARTRATE,TABLET,ORAL,25MG; 50MG,LOPRESSOR HCT,VALIDUS PHARMACEUTICALS LLC,"Dec 31, 1984"
HYDROCHLOROTHIAZIDE; METOPROLOL TARTRATE,TABLET,ORAL,25MG; 50MG,METOPROLOL TARTRATE AND HYDROCHLOROTHIAZIDE,ALEMBIC PHARMACEUTICALS LTD,"Nov 6, 2013"
HYDROCHLOROTHIAZIDE; METOPROLOL TARTRATE,TABLET,ORAL,25MG; 50MG,METOPROLOL TARTRATE AND HYDROCHLOROTHIAZIDE,MYLAN PHARMACEUTICALS,"Aug 20, 2004"
HYDROCHLOROTHIAZIDE; METOPROLOL TARTRATE,TABLET,ORAL,25MG; 50MG,METOPROLOL TARTRATE AND HYDROCHLOROTHIAZIDE,SENORES PHARMACEUTICALS INC,"Jan 8, 2025"
HYDROCHLOROTHIAZIDE; METOPROLOL TARTRATE,TABLET,ORAL,25MG; 100MG,METOPROLOL TARTRATE AND HYDROCHLOROTHIAZIDE,ALEMBIC PHARMACEUTICALS LTD,"Nov 6, 2013"
HYDROCHLOROTHIAZIDE; METOPROLOL TARTRATE,TABLET,ORAL,25MG; 100MG,METOPROLOL TARTRATE AND HYDROCHLOROTHIAZIDE,MYLAN PHARMACEUTICALS,"Aug 20, 2004"
HYDROCHLOROTHIAZIDE; METOPROLOL TARTRATE,TABLET,ORAL,25MG; 100MG,METOPROLOL TARTRATE AND HYDROCHLOROTHIAZIDE,SENORES PHARMACEUTICALS INC,"Jan 8, 2025"
HYDROCHLOROTHIAZIDE; METOPROLOL TARTRATE,TABLET,ORAL,50MG; 100MG,METOPROLOL TARTRATE AND HYDROCHLOROTHIAZIDE,ALEMBIC PHARMACEUTICALS LTD,"Nov 6, 2013"
HYDROCHLOROTHIAZIDE; METOPROLOL TARTRATE,TABLET,ORAL,50MG; 100MG,METOPROLOL TARTRATE AND HYDROCHLOROTHIAZIDE,MYLAN PHARMACEUTICALS,"Aug 20, 2004"
METOPROLOL SUCCINATE,"CAPSULE, EXTENDED RELEASE",ORAL,EQ 25MG TARTRATE,KAPSPARGO SPRINKLE,SUN PHARMA INDUSTRIES LTD,"Jan 26, 2018"
METOPROLOL SUCCINATE,"CAPSULE, EXTENDED RELEASE",ORAL,EQ 50MG TARTRATE,KAPSPARGO SPRINKLE,SUN PHARMA INDUSTRIES LTD,"Jan 26, 2018"
METOPROLOL SUCCINATE,"CAPSULE, EXTENDED RELEASE",ORAL,EQ 100MG TARTRATE,KAPSPARGO SPRINKLE,SUN PHARMA INDUSTRIES LTD,"Jan 26, 2018"
METOPROLOL SUCCINATE,"CAPSULE, EXTENDED RELEASE",ORAL,EQ 200MG TARTRATE,KAPSPARGO SPRINKLE,SUN PHARMA INDUSTRIES LTD,"Jan 26, 2018"
METOPROLOL SUCCINATE,"TABLET, EXTENDED RELEASE",ORAL,EQ 25MG TARTRATE,METOPROLOL SUCCINATE,ACTAVIS ELIZABETH LLC,"Nov 25, 2016"
METOPROLOL SUCCINATE,"TABLET, EXTENDED RELEASE",ORAL,EQ 25MG TARTRATE,METOPROLOL SUCCINATE,ALKEM LABORATORIES LTD,"Nov 25, 2020"
METOPROLOL SUCCINATE,"TABLET, EXTENDED RELEASE",ORAL,EQ 25MG TARTRATE,METOPROLOL SUCCINATE,DR REDDYS LABORATORIES LTD,"Aug 1, 2012"
METOPROLOL SUCCINATE,"TABLET, EXTENDED RELEASE",ORAL,EQ 25MG TARTRATE,METOPROLOL SUCCINATE,GRANULES INDIA LTD,"Jun 12, 2023"
METOPROLOL SUCCINATE,"TABLET, EXTENDED RELEASE",ORAL,EQ 25MG TARTRATE,METOPROLOL SUCCINATE,HETERO LABS LTD UNIT III,"Nov 6, 2020"
METOPROLOL SUCCINATE,"TABLET, EXTENDED RELEASE",ORAL,EQ 25MG TARTRATE,METOPROLOL SUCCINATE,IPCA LABORATORIES LTD,"Jun 25, 2025"
METOPROLOL SUCCINATE,"TABLET, EXTENDED RELEASE",ORAL,EQ 25MG TARTRATE,METOPROLOL SUCCINATE,MYLAN PHARMACEUTICALS INC,"Dec 15, 2011"
METOPROLOL SUCCINATE,"TABLET, EXTENDED RELEASE",ORAL,EQ 25MG TARTRATE,METOPROLOL SUCCINATE,NOVAST LABORATORIES LTD,"Feb 6, 2018"
METOPROLOL SUCCINATE,"TABLET, EXTENDED RELEASE",ORAL,EQ 25MG TARTRATE,METOPROLOL SUCCINATE,PHARMADAX INC,"Mar 31, 2020"
METOPROLOL SUCCINATE,"TABLET, EXTENDED RELEASE",ORAL,EQ 25MG TARTRATE,METOPROLOL SUCCINATE,SUNSHINE LAKE PHARMA CO LTD,"May 23, 2024"
METOPROLOL SUCCINATE,"TABLET, EXTENDED RELEASE",ORAL,EQ 25MG TARTRATE,METOPROLOL SUCCINATE,VISUM PHARMACEUTICAL CO LTD,"Dec 19, 2018"
METOPROLOL SUCCINATE,"TABLET, EXTENDED RELEASE",ORAL,EQ 25MG TARTRATE,METOPROLOL SUCCINATE,WOCKHARDT BIO AG,"Jul 22, 2010"
METOPROLOL SUCCINATE,"TABLET, EXTENDED RELEASE",ORAL,EQ 25MG TARTRATE,METOPROLOL SUCCINATE,YICHANG HUMANWELL PHARMACEUTICAL CO LTD,"Aug 1, 2022"
METOPROLOL SUCCINATE,"TABLET, EXTENDED RELEASE",ORAL,EQ 25MG TARTRATE,METOPROLOL SUCCINATE,ZYDUS PHARMACEUTICALS USA INC,"Mar 23, 2018"
METOPROLOL SUCCINATE,"TABLET, EXTENDED RELEASE",ORAL,EQ 50MG TARTRATE,METOPROLOL SUCCINATE,ACTAVIS ELIZABETH LLC,"Nov 25, 2016"
METOPROLOL SUCCINATE,"TABLET, EXTENDED RELEASE",ORAL,EQ 50MG TARTRATE,METOPROLOL SUCCINATE,ACTAVIS LABORATORIES FL INC,"Aug 3, 2009"
METOPROLOL SUCCINATE,"TABLET, EXTENDED RELEASE",ORAL,EQ 50MG TARTRATE,METOPROLOL SUCCINATE,ALKEM LABORATORIES LTD,"Nov 25, 2020"
METOPROLOL SUCCINATE,"TABLET, EXTENDED RELEASE",ORAL,EQ 50MG TARTRATE,METOPROLOL SUCCINATE,CIPLA LTD,"Oct 26, 2018"
METOPROLOL SUCCINATE,"TABLET, EXTENDED RELEASE",ORAL,EQ 50MG TARTRATE,METOPROLOL SUCCINATE,DR REDDYS LABORATORIES LTD,"Aug 1, 2012"
METOPROLOL SUCCINATE,"TABLET, EXTENDED RELEASE",ORAL,EQ 50MG TARTRATE,METOPROLOL SUCCINATE,GRANULES INDIA LTD,"Jun 12, 2023"
METOPROLOL SUCCINATE,"TABLET, EXTENDED RELEASE",ORAL,EQ 50MG TARTRATE,METOPROLOL SUCCINATE,HETERO LABS LTD UNIT III,"Nov 6, 2020"
METOPROLOL SUCCINATE,"TABLET, EXTENDED RELEASE",ORAL,EQ 50MG TARTRATE,METOPROLOL SUCCINATE,IPCA LABORATORIES LTD,"Jun 25, 2025"
METOPROLOL SUCCINATE,"TABLET, EXTENDED RELEASE",ORAL,EQ 50MG TARTRATE,METOPROLOL SUCCINATE,MYLAN PHARMACEUTICALS INC,"Dec 15, 2011"
METOPROLOL SUCCINATE,"TABLET, EXTENDED RELEASE",ORAL,EQ 50MG TARTRATE,METOPROLOL SUCCINATE,NOVAST LABORATORIES LTD,"Feb 6, 2018"
METOPROLOL SUCCINATE,"TABLET, EXTENDED RELEASE",ORAL,EQ 50MG TARTRATE,METOPROLOL SUCCINATE,PHARMADAX INC,"Mar 31, 2020"
METOPROLOL SUCCINATE,"TABLET, EXTENDED RELEASE",ORAL,EQ 50MG TARTRATE,METOPROLOL SUCCINATE,SUNSHINE LAKE PHARMA CO LTD,"Sep 26, 2022"
METOPROLOL SUCCINATE,"TABLET, EXTENDED RELEASE",ORAL,EQ 50MG TARTRATE,METOPROLOL SUCCINATE,VISUM PHARMACEUTICAL CO LTD,"Dec 19, 2018"
METOPROLOL SUCCINATE,"TABLET, EXTENDED RELEASE",ORAL,EQ 50MG TARTRATE,METOPROLOL SUCCINATE,WOCKHARDT BIO AG,"Jul 22, 2010"
METOPROLOL SUCCINATE,"TABLET, EXTENDED RELEASE",ORAL,EQ 50MG TARTRATE,METOPROLOL SUCCINATE,YICHANG HUMANWELL PHARMACEUTICAL CO LTD,"Nov 8, 2021"
METOPROLOL SUCCINATE,"TABLET, EXTENDED RELEASE",ORAL,EQ 50MG TARTRATE,METOPROLOL SUCCINATE,ZHEJIANG JUTAI PHARMACEUTICAL CO LTD,"Jul 26, 2024"
METOPROLOL SUCCINATE,"TABLET, EXTENDED RELEASE",ORAL,EQ 50MG TARTRATE,METOPROLOL SUCCINATE,ZYDUS PHARMACEUTICALS USA INC,"Mar 23, 2018"
METOPROLOL SUCCINATE,"TABLET, EXTENDED RELEASE",ORAL,EQ 100MG TARTRATE,METOPROLOL SUCCINATE,ACTAVIS ELIZABETH LLC,"Nov 25, 2016"
METOPROLOL SUCCINATE,"TABLET, EXTENDED RELEASE",ORAL,EQ 100MG TARTRATE,METOPROLOL SUCCINATE,ALKEM LABORATORIES LTD,"Nov 25, 2020"
METOPROLOL SUCCINATE,"TABLET, EXTENDED RELEASE",ORAL,EQ 100MG TARTRATE,METOPROLOL SUCCINATE,CIPLA LTD,"Oct 26, 2018"
METOPROLOL SUCCINATE,"TABLET, EXTENDED RELEASE",ORAL,EQ 100MG TARTRATE,METOPROLOL SUCCINATE,DOCTOR REDDYS LABORATORIES LTD,"Aug 15, 2012"
METOPROLOL SUCCINATE,"TABLET, EXTENDED RELEASE",ORAL,EQ 100MG TARTRATE,METOPROLOL SUCCINATE,GRANULES INDIA LTD,"Jun 12, 2023"
METOPROLOL SUCCINATE,"TABLET, EXTENDED RELEASE",ORAL,EQ 100MG TARTRATE,METOPROLOL SUCCINATE,HETERO LABS LTD UNIT III,"Nov 6, 2020"
METOPROLOL SUCCINATE,"TABLET, EXTENDED RELEASE",ORAL,EQ 100MG TARTRATE,METOPROLOL SUCCINATE,IPCA LABORATORIES LTD,"Jun 25, 2025"
METOPROLOL SUCCINATE,"TABLET, EXTENDED RELEASE",ORAL,EQ 100MG TARTRATE,METOPROLOL SUCCINATE,MYLAN PHARMACEUTICALS INC,"Dec 15, 2011"
METOPROLOL SUCCINATE,"TABLET, EXTENDED RELEASE",ORAL,EQ 100MG TARTRATE,METOPROLOL SUCCINATE,NOVAST LABORATORIES LTD,"Feb 6, 2018"
METOPROLOL SUCCINATE,"TABLET, EXTENDED RELEASE",ORAL,EQ 100MG TARTRATE,METOPROLOL SUCCINATE,PHARMADAX INC,"Mar 30, 2020"
METOPROLOL SUCCINATE,"TABLET, EXTENDED RELEASE",ORAL,EQ 100MG TARTRATE,METOPROLOL SUCCINATE,SUNSHINE LAKE PHARMA CO LTD,"Sep 26, 2022"
METOPROLOL SUCCINATE,"TABLET, EXTENDED RELEASE",ORAL,EQ 100MG TARTRATE,METOPROLOL SUCCINATE,VISUM PHARMACEUTICAL CO LTD,"Dec 19, 2018"
METOPROLOL SUCCINATE,"TABLET, EXTENDED RELEASE",ORAL,EQ 100MG TARTRATE,METOPROLOL SUCCINATE,WOCKHARDT BIO AG,"Jul 22, 2010"
METOPROLOL SUCCINATE,"TABLET, EXTENDED RELEASE",ORAL,EQ 100MG TARTRATE,METOPROLOL SUCCINATE,ZHEJIANG JUTAI PHARMACEUTICAL CO LTD,"Jul 26, 2024"
METOPROLOL SUCCINATE,"TABLET, EXTENDED RELEASE",ORAL,EQ 100MG TARTRATE,METOPROLOL SUCCINATE,ZYDUS PHARMACEUTICALS USA INC,"Mar 23, 2018"
METOPROLOL SUCCINATE,"TABLET, EXTENDED RELEASE",ORAL,EQ 200MG TARTRATE,METOPROLOL SUCCINATE,ACTAVIS ELIZABETH LLC,"Nov 25, 2016"
METOPROLOL SUCCINATE,"TABLET, EXTENDED RELEASE",ORAL,EQ 200MG TARTRATE,METOPROLOL SUCCINATE,ALKEM LABORATORIES LTD,"Nov 25, 2020"
METOPROLOL SUCCINATE,"TABLET, EXTENDED RELEASE",ORAL,EQ 200MG TARTRATE,METOPROLOL SUCCINATE,CIPLA LTD,"Oct 26, 2018"
METOPROLOL SUCCINATE,"TABLET, EXTENDED RELEASE",ORAL,EQ 200MG TARTRATE,METOPROLOL SUCCINATE,DOCTOR REDDYS LABORATORIES LTD,"Aug 15, 2012"
METOPROLOL SUCCINATE,"TABLET, EXTENDED RELEASE",ORAL,EQ 200MG TARTRATE,METOPROLOL SUCCINATE,GRANULES INDIA LTD,"Jun 12, 2023"
METOPROLOL SUCCINATE,"TABLET, EXTENDED RELEASE",ORAL,EQ 200MG TARTRATE,METOPROLOL SUCCINATE,HETERO LABS LTD UNIT III,"Nov 6, 2020"
METOPROLOL SUCCINATE,"TABLET, EXTENDED RELEASE",ORAL,EQ 200MG TARTRATE,METOPROLOL SUCCINATE,IPCA LABORATORIES LTD,"Jun 25, 2025"
METOPROLOL SUCCINATE,"TABLET, EXTENDED RELEASE",ORAL,EQ 200MG TARTRATE,METOPROLOL SUCCINATE,MYLAN PHARMACEUTICALS INC,"Dec 15, 2011"
METOPROLOL SUCCINATE,"TABLET, EXTENDED RELEASE",ORAL,EQ 200MG TARTRATE,METOPROLOL SUCCINATE,NOVAST LABORATORIES LTD,"Feb 6, 2018"
METOPROLOL SUCCINATE,"TABLET, EXTENDED RELEASE",ORAL,EQ 200MG TARTRATE,METOPROLOL SUCCINATE,PHARMADAX INC,"Mar 30, 2020"
METOPROLOL SUCCINATE,"TABLET, EXTENDED RELEASE",ORAL,EQ 200MG TARTRATE,METOPROLOL SUCCINATE,SUNSHINE LAKE PHARMA CO LTD,"Sep 26, 2022"
METOPROLOL SUCCINATE,"TABLET, EXTENDED RELEASE",ORAL,EQ 200MG TARTRATE,METOPROLOL SUCCINATE,VISUM PHARMACEUTICAL CO LTD,"Dec 19, 2018"
METOPROLOL SUCCINATE,"TABLET, EXTENDED RELEASE",ORAL,EQ 200MG TARTRATE,METOPROLOL SUCCINATE,WOCKHARDT BIO AG,"Jul 22, 2010"
METOPROLOL SUCCINATE,"TABLET, EXTENDED RELEASE",ORAL,EQ 100MG TARTRATE,METOPROLOL SUCCINATE,YICHANG HUMANWELL PHARMACEUTICAL CO LTD,"Feb 12, 2021"
METOPROLOL SUCCINATE,"TABLET, EXTENDED RELEASE",ORAL,EQ 200MG TARTRATE,METOPROLOL SUCCINATE,YICHANG HUMANWELL PHARMACEUTICAL CO LTD,"Feb 12, 2021"
METOPROLOL SUCCINATE,"TABLET, EXTENDED RELEASE",ORAL,EQ 200MG TARTRATE,METOPROLOL SUCCINATE,ZHEJIANG JUTAI PHARMACEUTICAL CO LTD,"Jul 26, 2024"
METOPROLOL SUCCINATE,"TABLET, EXTENDED RELEASE",ORAL,EQ 200MG TARTRATE,METOPROLOL SUCCINATE,ZYDUS PHARMACEUTICALS USA INC,"Mar 23, 2018"
METOPROLOL SUCCINATE,"TABLET, EXTENDED RELEASE",ORAL,EQ 25MG TARTRATE,TOPROL-XL,MELINTA THERAPEUTICS LLC A WHOLLY OWNED SUB OF CORMEDIX INC,"Feb 5, 2001"
METOPROLOL SUCCINATE,"TABLET, EXTENDED RELEASE",ORAL,EQ 50MG TARTRATE,TOPROL-XL,MELINTA THERAPEUTICS LLC A WHOLLY OWNED SUB OF CORMEDIX INC,"Jan 10, 1992"
METOPROLOL SUCCINATE,"TABLET, EXTENDED RELEASE",ORAL,EQ 100MG TARTRATE,TOPROL-XL,MELINTA THERAPEUTICS LLC A WHOLLY OWNED SUB OF CORMEDIX INC,"Jan 10, 1992"
METOPROLOL SUCCINATE,"TABLET, EXTENDED RELEASE",ORAL,EQ 200MG TARTRATE,TOPROL-XL,MELINTA THERAPEUTICS LLC A WHOLLY OWNED SUB OF CORMEDIX INC,"Jan 10, 1992"
METOPROLOL TARTRATE,INJECTABLE,INJECTION,1MG/ML,METOPROLOL TARTRATE,BAXTER HEALTHCARE CORP,"Apr 29, 2013"
METOPROLOL TARTRATE,INJECTABLE,INJECTION,1MG/ML,METOPROLOL TARTRATE,FRESENIUS KABI USA LLC,"Oct 25, 2010"
METOPROLOL TARTRATE,INJECTABLE,INJECTION,1MG/ML,METOPROLOL TARTRATE,GLAND PHARMA LTD,"Aug 27, 2014"
METOPROLOL TARTRATE,INJECTABLE,INJECTION,1MG/ML,METOPROLOL TARTRATE,HIKMA FARMACEUTICA (PORTUGAL) SA,"May 30, 2007"
METOPROLOL TARTRATE,INJECTABLE,INJECTION,1MG/ML,METOPROLOL TARTRATE,HIKMA PHARMACEUTICALS USA INC,"Jul 7, 2003"
METOPROLOL TARTRATE,INJECTABLE,INJECTION,1MG/ML,METOPROLOL TARTRATE,HOSPIRA INC,"Apr 29, 2008"
METOPROLOL TARTRATE,INJECTABLE,INJECTION,1MG/ML,METOPROLOL TARTRATE,SANDOZ INC,"Oct 2, 2007"
METOPROLOL TARTRATE,SOLUTION,ORAL,10MG/ML,LOPRESSOR,RUBICON RESEARCH LTD,"Apr 10, 2025"
METOPROLOL TARTRATE,TABLET,ORAL,12.5MG,LOPRESSOR,XTM CONSULTING LLC,"Aug 28, 2025"
METOPROLOL TARTRATE,TABLET,ORAL,50MG,LOPRESSOR,VALIDUS PHARMACEUTICALS LLC,"Approved Prior to Jan 1, 1982"
METOPROLOL TARTRATE,TABLET,ORAL,100MG,LOPRESSOR,VALIDUS PHARMACEUTICALS LLC,"Approved Prior to Jan 1, 1982"
METOPROLOL TARTRATE,TABLET,ORAL,25MG,METOPROLOL TARTRATE,ALEMBIC PHARMACEUTICALS LTD,"May 28, 2013"
METOPROLOL TARTRATE,TABLET,ORAL,25MG,METOPROLOL TARTRATE,AUROBINDO PHARMA LTD,"Sep 11, 2007"
METOPROLOL TARTRATE,TABLET,ORAL,25MG,METOPROLOL TARTRATE,IPCA LABORATORIES LTD,"Jun 17, 2008"
METOPROLOL TARTRATE,TABLET,ORAL,25MG,METOPROLOL TARTRATE,MYLAN PHARMACEUTICALS INC,"Jan 16, 2004"
METOPROLOL TARTRATE,TABLET,ORAL,25MG,METOPROLOL TARTRATE,RUBICON RESEARCH LTD,"Oct 28, 2014"
METOPROLOL TARTRATE,TABLET,ORAL,25MG,METOPROLOL TARTRATE,SCIEGEN PHARMACEUTICALS INC,"Feb 5, 2020"
METOPROLOL TARTRATE,TABLET,ORAL,37.5MG,METOPROLOL TARTRATE,AUROBINDO PHARMA LTD,"Dec 7, 2023"
METOPROLOL TARTRATE,TABLET,ORAL,37.5MG,METOPROLOL TARTRATE,MYLAN PHARMACEUTICALS INC,"Mar 18, 2015"
METOPROLOL TARTRATE,TABLET,ORAL,37.5MG,METOPROLOL TARTRATE,RUBICON RESEARCH LTD,"Aug 21, 2019"
METOPROLOL TARTRATE,TABLET,ORAL,50MG,METOPROLOL TARTRATE,ALEMBIC PHARMACEUTICALS LTD,"May 28, 2013"
METOPROLOL TARTRATE,TABLET,ORAL,50MG,METOPROLOL TARTRATE,AUROBINDO PHARMA LTD,"Sep 11, 2007"
METOPROLOL TARTRATE,TABLET,ORAL,50MG,METOPROLOL TARTRATE,IPCA LABORATORIES LTD,"Jun 17, 2008"
METOPROLOL TARTRATE,TABLET,ORAL,50MG,METOPROLOL TARTRATE,MYLAN PHARMACEUTICALS INC,"Jan 16, 2004"
METOPROLOL TARTRATE,TABLET,ORAL,50MG,METOPROLOL TARTRATE,RENATA PLC,"Apr 27, 1995"
METOPROLOL TARTRATE,TABLET,ORAL,50MG,METOPROLOL TARTRATE,RUBICON RESEARCH LTD,"Oct 28, 2014"
METOPROLOL TARTRATE,TABLET,ORAL,50MG,METOPROLOL TARTRATE,SCIEGEN PHARMACEUTICALS INC,"Feb 5, 2020"
METOPROLOL TARTRATE,TABLET,ORAL,50MG,METOPROLOL TARTRATE,SUN PHARMACEUTICAL INDUSTRIES INC,"Dec 10, 1996"
METOPROLOL TARTRATE,TABLET,ORAL,75MG,METOPROLOL TARTRATE,AUROBINDO PHARMA LTD,"Dec 7, 2023"
METOPROLOL TARTRATE,TABLET,ORAL,75MG,METOPROLOL TARTRATE,MYLAN PHARMACEUTICALS INC,"Mar 18, 2015"
METOPROLOL TARTRATE,TABLET,ORAL,75MG,METOPROLOL TARTRATE,RUBICON RESEARCH LTD,"Aug 21, 2019"
METOPROLOL TARTRATE,TABLET,ORAL,100MG,METOPROLOL TARTRATE,ALEMBIC PHARMACEUTICALS LTD,"May 28, 2013"
METOPROLOL TARTRATE,TABLET,ORAL,100MG,METOPROLOL TARTRATE,AUROBINDO PHARMA LTD,"Sep 11, 2007"
METOPROLOL TARTRATE,TABLET,ORAL,100MG,METOPROLOL TARTRATE,IPCA LABORATORIES LTD,"Jun 17, 2008"
METOPROLOL TARTRATE,TABLET,ORAL,100MG,METOPROLOL TARTRATE,MYLAN PHARMACEUTICALS INC,"Jan 16, 2004"
METOPROLOL TARTRATE,TABLET,ORAL,100MG,METOPROLOL TARTRATE,RENATA PLC,"Apr 27, 1995"
METOPROLOL TARTRATE,TABLET,ORAL,100MG,METOPROLOL TARTRATE,RUBICON RESEARCH LTD,"Oct 28, 2014"
METOPROLOL TARTRATE,TABLET,ORAL,100MG,METOPROLOL TARTRATE,SCIEGEN PHARMACEUTICALS INC,"Feb 5, 2020"
METOPROLOL TARTRATE,TABLET,ORAL,100MG,METOPROLOL TARTRATE,SUN PHARMACEUTICAL INDUSTRIES INC,"Dec 10, 1996"
CHLORTHALIDONE; METOPROLOL TARTRATE,CAPSULE,ORAL,25MG; 100MG,LOPRESSIDONE,NOVARTIS PHARMACEUTICALS CORP,"Dec 31, 1987"
CHLORTHALIDONE; METOPROLOL TARTRATE,CAPSULE,ORAL,25MG; 200MG,LOPRESSIDONE,NOVARTIS PHARMACEUTICALS CORP,"Dec 31, 1987"
HYDROCHLOROTHIAZIDE; METOPROLOL SUCCINATE,"TABLET, EXTENDED RELEASE",ORAL,12.5MG; EQ 25MG TARTRATE **Federal Register determination that product was not discontinued or withdrawn for safety or effectiveness reasons**,DUTOPROL,CONCORDIA PHARMACEUTICALS INC,"Aug 28, 2006"
HYDROCHLOROTHIAZIDE; METOPROLOL SUCCINATE,"TABLET, EXTENDED RELEASE",ORAL,12.5MG; EQ 50MG TARTRATE **Federal Register determination that product was not discontinued or withdrawn for safety or effectiveness reasons**,DUTOPROL,CONCORDIA PHARMACEUTICALS INC,"Aug 28, 2006"
HYDROCHLOROTHIAZIDE; METOPROLOL SUCCINATE,"TABLET, EXTENDED RELEASE",ORAL,12.5MG; EQ 100MG TARTRATE **Federal Register determination that product was not discontinued or withdrawn for safety or effectiveness reasons**,DUTOPROL,CONCORDIA PHARMACEUTICALS INC,"Aug 28, 2006"
HYDROCHLOROTHIAZIDE; METOPROLOL TARTRATE,TABLET,ORAL,25MG; 100MG **Federal Register determination that product was not discontinued or withdrawn for safety or effectiveness reasons**,LOPRESSOR HCT,VALIDUS PHARMACEUTICALS LLC,"Dec 31, 1984"
HYDROCHLOROTHIAZIDE; METOPROLOL TARTRATE,TABLET,ORAL,50MG; 100MG **Federal Register determination that product was not discontinued or withdrawn for safety or effectiveness reasons**,LOPRESSOR HCT,VALIDUS PHARMACEUTICALS LLC,"Dec 31, 1984"
HYDROCHLOROTHIAZIDE; METOPROLOL TARTRATE,TABLET,ORAL,25MG; 50MG,METOPROLOL TARTRATE AND HYDROCHLOROTHIAZIDE,SUN PHARMACEUTICAL INDUSTRIES LTD,"Jan 19, 2012"
HYDROCHLOROTHIAZIDE; METOPROLOL TARTRATE,TABLET,ORAL,25MG; 100MG,METOPROLOL TARTRATE AND HYDROCHLOROTHIAZIDE,SUN PHARMACEUTICAL INDUSTRIES LTD,"Jan 19, 2012"
HYDROCHLOROTHIAZIDE; METOPROLOL TARTRATE,TABLET,ORAL,50MG; 100MG,METOPROLOL TARTRATE AND HYDROCHLOROTHIAZIDE,SUN PHARMACEUTICAL INDUSTRIES LTD,"Jan 19, 2012"
METOPROLOL FUMARATE,"TABLET, EXTENDED RELEASE",ORAL,EQ 100MG TARTRATE,LOPRESSOR,NOVARTIS PHARMACEUTICALS CORP,"Dec 27, 1989"
METOPROLOL FUMARATE,"TABLET, EXTENDED RELEASE",ORAL,EQ 200MG TARTRATE,LOPRESSOR,NOVARTIS PHARMACEUTICALS CORP,"Dec 27, 1989"
METOPROLOL FUMARATE,"TABLET, EXTENDED RELEASE",ORAL,EQ 300MG TARTRATE,LOPRESSOR,NOVARTIS PHARMACEUTICALS CORP,"Dec 27, 1989"
METOPROLOL FUMARATE,"TABLET, EXTENDED RELEASE",ORAL,EQ 400MG TARTRATE,LOPRESSOR,NOVARTIS PHARMACEUTICALS CORP,"Dec 27, 1989"
METOPROLOL SUCCINATE,"TABLET, EXTENDED RELEASE",ORAL,EQ 25MG TARTRATE,METOPROLOL SUCCINATE,ACCORD HEALTHCARE INC,"Oct 18, 2022"
METOPROLOL SUCCINATE,"TABLET, EXTENDED RELEASE",ORAL,EQ 25MG TARTRATE,METOPROLOL SUCCINATE,ACTAVIS LABORATORIES FL INC,"Aug 3, 2009"
METOPROLOL SUCCINATE,"TABLET, EXTENDED RELEASE",ORAL,EQ 25MG TARTRATE,METOPROLOL SUCCINATE,GRANULES INDIA LTD,"Aug 7, 2023"
METOPROLOL SUCCINATE,"TABLET, EXTENDED RELEASE",ORAL,EQ 25MG TARTRATE,METOPROLOL SUCCINATE,LUPIN INC,"Aug 15, 2023"
METOPROLOL SUCCINATE,"TABLET, EXTENDED RELEASE",ORAL,EQ 25MG TARTRATE,METOPROLOL SUCCINATE,NESHER PHARMACEUTICALS USA LLC,"Mar 20, 2008"
METOPROLOL SUCCINATE,"TABLET, EXTENDED RELEASE",ORAL,EQ 25MG TARTRATE,METOPROLOL SUCCINATE,SANDOZ,"Jul 31, 2006"
METOPROLOL SUCCINATE,"TABLET, EXTENDED RELEASE",ORAL,EQ 50MG TARTRATE,METOPROLOL SUCCINATE,ACCORD HEALTHCARE INC,"Oct 18, 2022"
METOPROLOL SUCCINATE,"TABLET, EXTENDED RELEASE",ORAL,EQ 50MG TARTRATE,METOPROLOL SUCCINATE,GRANULES INDIA LTD,"Aug 7, 2023"
METOPROLOL SUCCINATE,"TABLET, EXTENDED RELEASE",ORAL,EQ 50MG TARTRATE,METOPROLOL SUCCINATE,LUPIN INC,"Aug 15, 2023"
METOPROLOL SUCCINATE,"TABLET, EXTENDED RELEASE",ORAL,EQ 50MG TARTRATE,METOPROLOL SUCCINATE,NESHER PHARMACEUTICALS USA LLC,"May 14, 2008"
METOPROLOL SUCCINATE,"TABLET, EXTENDED RELEASE",ORAL,EQ 50MG TARTRATE,METOPROLOL SUCCINATE,SANDOZ,"May 18, 2007"
METOPROLOL SUCCINATE,"TABLET, EXTENDED RELEASE",ORAL,EQ 100MG TARTRATE,METOPROLOL SUCCINATE,ACCORD HEALTHCARE INC,"Oct 18, 2022"
METOPROLOL SUCCINATE,"TABLET, EXTENDED RELEASE",ORAL,EQ 100MG TARTRATE,METOPROLOL SUCCINATE,ACTAVIS LABORATORIES FL INC,"Apr 15, 2010"
METOPROLOL SUCCINATE,"TABLET, EXTENDED RELEASE",ORAL,EQ 100MG TARTRATE,METOPROLOL SUCCINATE,GRANULES INDIA LTD,"Aug 7, 2023"
METOPROLOL SUCCINATE,"TABLET, EXTENDED RELEASE",ORAL,EQ 100MG TARTRATE,METOPROLOL SUCCINATE,LUPIN INC,"Aug 15, 2023"
METOPROLOL SUCCINATE,"TABLET, EXTENDED RELEASE",ORAL,EQ 100MG TARTRATE,METOPROLOL SUCCINATE,NESHER PHARMACEUTICALS USA LLC,"May 18, 2007"
METOPROLOL SUCCINATE,"TABLET, EXTENDED RELEASE",ORAL,EQ 100MG TARTRATE,METOPROLOL SUCCINATE,PRINSTON PHARMACEUTICAL INC,"Jan 4, 2022"
METOPROLOL SUCCINATE,"TABLET, EXTENDED RELEASE",ORAL,EQ 100MG TARTRATE,METOPROLOL SUCCINATE,SANDOZ,"Mar 20, 2008"
METOPROLOL SUCCINATE,"TABLET, EXTENDED RELEASE",ORAL,EQ 200MG TARTRATE,METOPROLOL SUCCINATE,ACCORD HEALTHCARE INC,"Oct 18, 2022"
METOPROLOL SUCCINATE,"TABLET, EXTENDED RELEASE",ORAL,EQ 200MG TARTRATE,METOPROLOL SUCCINATE,ACTAVIS LABORATORIES FL INC,"Apr 15, 2010"
METOPROLOL SUCCINATE,"TABLET, EXTENDED RELEASE",ORAL,EQ 200MG TARTRATE,METOPROLOL SUCCINATE,GRANULES INDIA LTD,"Aug 7, 2023"
METOPROLOL SUCCINATE,"TABLET, EXTENDED RELEASE",ORAL,EQ 200MG TARTRATE,METOPROLOL SUCCINATE,LUPIN INC,"Aug 15, 2023"
METOPROLOL SUCCINATE,"TABLET, EXTENDED RELEASE",ORAL,EQ 200MG TARTRATE,METOPROLOL SUCCINATE,NESHER PHARMACEUTICALS USA LLC,"May 18, 2007"
METOPROLOL SUCCINATE,"TABLET, EXTENDED RELEASE",ORAL,EQ 200MG TARTRATE,METOPROLOL SUCCINATE,PRINSTON PHARMACEUTICAL INC,"Jan 4, 2022"
METOPROLOL SUCCINATE,"TABLET, EXTENDED RELEASE",ORAL,EQ 200MG TARTRATE,METOPROLOL SUCCINATE,SANDOZ,"Mar 20, 2008"
METOPROLOL TARTRATE,INJECTABLE,INJECTION,1MG/ML **Federal Register determination that product was not discontinued or withdrawn for safety or effectiveness reasons**,LOPRESSOR,NOVARTIS PHARMACEUTICALS CORP,"Mar 30, 1984"
METOPROLOL TARTRATE,INJECTABLE,INJECTION,1MG/ML,METOPROLOL TARTRATE,AMERICAN REGENT INC,"Sep 30, 2009"
METOPROLOL TARTRATE,INJECTABLE,INJECTION,1MG/ML,METOPROLOL TARTRATE,HOSPIRA INC,"Dec 21, 1993"
METOPROLOL TARTRATE,INJECTABLE,INJECTION,1MG/ML,METOPROLOL TARTRATE,HOSPIRA INC,"Jul 6, 1998"
METOPROLOL TARTRATE,INJECTABLE,INJECTION,1MG/ML,METOPROLOL TARTRATE,LUITPOLD PHARMACEUTICALS INC,"Dec 29, 2010"
METOPROLOL TARTRATE,INJECTABLE,INJECTION,1MG/ML,METOPROLOL TARTRATE,ONESOURCE SPECIALTY PTE LTD,"Apr 19, 2010"
METOPROLOL TARTRATE,INJECTABLE,INJECTION,1MG/ML,METOPROLOL TARTRATE,WATSON LABORATORIES INC,"Dec 21, 1993"
METOPROLOL TARTRATE,TABLET,ORAL,25MG,METOPROLOL TARTRATE,SUN PHARMACEUTICAL INDUSTRIES INC,"Jul 15, 2009"
METOPROLOL TARTRATE,TABLET,ORAL,25MG,METOPROLOL TARTRATE,SUN PHARMACEUTICAL INDUSTRIES INC,"Jan 15, 2004"
METOPROLOL TARTRATE,TABLET,ORAL,25MG,METOPROLOL TARTRATE,ZYDUS PHARMACEUTICALS USA INC,"Apr 19, 2023"
METOPROLOL TARTRATE,TABLET,ORAL,50MG,METOPROLOL TARTRATE,APOTHECON INC DIV BRISTOL MYERS SQUIBB,"Jan 27, 1994"
METOPROLOL TARTRATE,TABLET,ORAL,50MG,METOPROLOL TARTRATE,CHARTWELL RX SCIENCES LLC,"Mar 25, 1994"
METOPROLOL TARTRATE,TABLET,ORAL,50MG,METOPROLOL TARTRATE,HERITAGE PHARMA LABS INC,"Jan 31, 1995"
METOPROLOL TARTRATE,TABLET,ORAL,50MG,METOPROLOL TARTRATE,PHARMOBEDIENT CONSULTING LLC,"Dec 21, 1993"
METOPROLOL TARTRATE,TABLET,ORAL,50MG,METOPROLOL TARTRATE,PUREPAC PHARMACEUTICAL CO,"Jul 29, 1994"
METOPROLOL TARTRATE,TABLET,ORAL,50MG,METOPROLOL TARTRATE,SUN PHARMACEUTICAL INDUSTRIES INC,"Dec 21, 1993"
METOPROLOL TARTRATE,TABLET,ORAL,50MG,METOPROLOL TARTRATE,TEVA PHARMACEUTICALS USA,"Jan 27, 1994"
METOPROLOL TARTRATE,TABLET,ORAL,50MG,METOPROLOL TARTRATE,TEVA PHARMACEUTICALS USA INC,"Sep 30, 1994"
METOPROLOL TARTRATE,TABLET,ORAL,50MG,METOPROLOL TARTRATE,WATSON LABORATORIES INC,"May 27, 1994"
METOPROLOL TARTRATE,TABLET,ORAL,50MG,METOPROLOL TARTRATE,ZYDUS PHARMACEUTICALS USA INC,"Apr 19, 2023"
METOPROLOL TARTRATE,TABLET,ORAL,100MG,METOPROLOL TARTRATE,APOTHECON INC DIV BRISTOL MYERS SQUIBB,"Jan 27, 1994"
METOPROLOL TARTRATE,TABLET,ORAL,100MG,METOPROLOL TARTRATE,CHARTWELL RX SCIENCES LLC,"Mar 25, 1994"
METOPROLOL TARTRATE,TABLET,ORAL,100MG,METOPROLOL TARTRATE,HERITAGE PHARMA LABS INC,"Jan 31, 1995"
METOPROLOL TARTRATE,TABLET,ORAL,100MG,METOPROLOL TARTRATE,PHARMOBEDIENT CONSULTING LLC,"Dec 21, 1993"
METOPROLOL TARTRATE,TABLET,ORAL,100MG,METOPROLOL TARTRATE,PUREPAC PHARMACEUTICAL CO,"Jul 29, 1994"
METOPROLOL TARTRATE,TABLET,ORAL,100MG,METOPROLOL TARTRATE,SUN PHARMACEUTICAL INDUSTRIES INC,"Dec 21, 1993"
METOPROLOL TARTRATE,TABLET,ORAL,100MG,METOPROLOL TARTRATE,TEVA PHARMACEUTICALS USA,"Jan 27, 1994"
METOPROLOL TARTRATE,TABLET,ORAL,100MG,METOPROLOL TARTRATE,TEVA PHARMACEUTICALS USA INC,"Sep 30, 1994"
METOPROLOL TARTRATE,TABLET,ORAL,100MG,METOPROLOL TARTRATE,WATSON LABORATORIES INC,"May 27, 1994"
METOPROLOL TARTRATE,TABLET,ORAL,100MG,METOPROLOL TARTRATE,ZYDUS PHARMACEUTICALS USA INC,"Apr 19, 2023"
DICLOFENAC SODIUM,GEL,TOPICAL,3%,DICLOFENAC SODIUM,ACTAVIS MID ATLANTIC LLC,"Dec 2, 2015"
DICLOFENAC SODIUM,GEL,TOPICAL,3%,DICLOFENAC SODIUM,AMNEAL PHARMACEUTICALS LLC,"Oct 28, 2013"
DICLOFENAC SODIUM,GEL,TOPICAL,3%,DICLOFENAC SODIUM,GLENMARK PHARMACEUTICALS LTD,"Sep 13, 2016"
DICLOFENAC SODIUM,GEL,TOPICAL,3%,DICLOFENAC SODIUM,PADAGIS ISRAEL PHARMACEUTICALS LTD,"Jul 27, 2018"
DICLOFENAC SODIUM,GEL,TOPICAL,3%,DICLOFENAC SODIUM,SUN PHARMA CANADA INC,"Apr 28, 2016"
DICLOFENAC SODIUM,GEL,TOPICAL,3%,DICLOFENAC SODIUM,ALEMBIC PHARMACEUTICALS LTD,"Jul 27, 2022"
DICLOFENAC SODIUM,SOLUTION,TOPICAL,1.5%,DICLOFENAC SODIUM,AMNEAL PHARMACEUTICALS,"Sep 2, 2016"
DICLOFENAC SODIUM,SOLUTION,TOPICAL,1.5%,DICLOFENAC SODIUM,EPIC PHARMA LLC,"Jan 28, 2021"
DICLOFENAC SODIUM,SOLUTION,TOPICAL,1.5%,DICLOFENAC SODIUM,LUPIN LTD,"Aug 20, 2015"
DICLOFENAC SODIUM,SOLUTION,TOPICAL,1.5%,DICLOFENAC SODIUM,NOVEL LABORATORIES INC,"Dec 9, 2015"
DICLOFENAC SODIUM,SOLUTION,TOPICAL,1.5%,DICLOFENAC SODIUM,SUN PHARMA CANADA INC,"Nov 26, 2014"
DICLOFENAC SODIUM,SOLUTION,TOPICAL,1.5%,DICLOFENAC SODIUM,WATSON LABORATORIES INC,"Nov 24, 2014"
DICLOFENAC SODIUM,SOLUTION,TOPICAL,1.5%,DICLOFENAC SODIUM,ZYDUS LIFESCIENCES LTD,"Apr 17, 2018"
DICLOFENAC SODIUM,SOLUTION,TOPICAL,2%,DICLOFENAC SODIUM,ALEMBIC PHARMACEUTICALS LTD,"Nov 29, 2022"
DICLOFENAC SODIUM,SOLUTION,TOPICAL,2%,DICLOFENAC SODIUM,AMNEAL PHARMACEUTICALS LLC,"Aug 18, 2022"
DICLOFENAC SODIUM,SOLUTION,TOPICAL,2%,DICLOFENAC SODIUM,APOTEX INC,"May 6, 2022"
DICLOFENAC SODIUM,SOLUTION,TOPICAL,2%,DICLOFENAC SODIUM,AUROLIFE PHARMA LLC,"Feb 3, 2023"
DICLOFENAC SODIUM,SOLUTION,TOPICAL,2%,DICLOFENAC SODIUM,ENCUBE ETHICALS PRIVATE LTD,"Apr 9, 2025"
DICLOFENAC SODIUM,SOLUTION,TOPICAL,2%,DICLOFENAC SODIUM,LUPIN PHARMACEUTICALS INC,"Sep 20, 2022"
DICLOFENAC SODIUM,SOLUTION,TOPICAL,2%,DICLOFENAC SODIUM,SUN PHARMA CANADA INC,"Sep 29, 2022"
DICLOFENAC SODIUM,SOLUTION/DROPS,OPHTHALMIC,0.1%,DICLOFENAC SODIUM,ALTAIRE PHARMACEUTICALS INC,"Nov 16, 2015"
DICLOFENAC SODIUM,SOLUTION/DROPS,OPHTHALMIC,0.1%,DICLOFENAC SODIUM,BAUSCH AND LOMB INC,"Dec 28, 2007"
DICLOFENAC SODIUM,SOLUTION/DROPS,OPHTHALMIC,0.1%,DICLOFENAC SODIUM,RISING PHARMA HOLDINGS INC,"Dec 28, 2007"
DICLOFENAC SODIUM,SOLUTION/DROPS,OPHTHALMIC,0.1%,DICLOFENAC SODIUM,RUBICON RESEARCH LTD,"Nov 13, 2008"
DICLOFENAC SODIUM,SOLUTION/DROPS,OPHTHALMIC,0.1%,DICLOFENAC SODIUM,SANDOZ INC,"Feb 6, 2008"
DICLOFENAC SODIUM,"TABLET, DELAYED RELEASE",ORAL,25MG,DICLOFENAC SODIUM,CARLSBAD TECHNOLOGY INC,"Nov 13, 1998"
DICLOFENAC SODIUM,"TABLET, DELAYED RELEASE",ORAL,25MG,DICLOFENAC SODIUM,RUBICON RESEARCH LTD,"May 11, 2023"
DICLOFENAC SODIUM,"TABLET, DELAYED RELEASE",ORAL,25MG,DICLOFENAC SODIUM,UMEDICA LABORATORIES PRIVATE LTD,"Nov 5, 2025"
DICLOFENAC SODIUM,"TABLET, DELAYED RELEASE",ORAL,25MG,DICLOFENAC SODIUM,UNIQUE PHARMACEUTICAL LABORATORIES A DIV OF JB CHEMICALS AND PHARMACEUTICALS LTD,"Dec 1, 2010"
DICLOFENAC SODIUM,"TABLET, DELAYED RELEASE",ORAL,50MG,DICLOFENAC SODIUM,ACTAVIS ELIZABETH LLC,"Mar 26, 1996"
DICLOFENAC SODIUM,"TABLET, DELAYED RELEASE",ORAL,50MG,DICLOFENAC SODIUM,AUROBINDO PHARMA USA INC,"Feb 12, 2002"
DICLOFENAC SODIUM,"TABLET, DELAYED RELEASE",ORAL,50MG,DICLOFENAC SODIUM,CARLSBAD TECHNOLOGY INC,"Nov 13, 1998"
DICLOFENAC SODIUM,"TABLET, DELAYED RELEASE",ORAL,50MG,DICLOFENAC SODIUM,RUBICON RESEARCH LTD,"May 11, 2023"
DICLOFENAC SODIUM,"TABLET, DELAYED RELEASE",ORAL,50MG,DICLOFENAC SODIUM,UMEDICA LABORATORIES PRIVATE LTD,"Nov 5, 2025"
DICLOFENAC SODIUM,"TABLET, DELAYED RELEASE",ORAL,50MG,DICLOFENAC SODIUM,UNIQUE PHARMACEUTICAL LABORATORIES A DIV OF JB CHEMICALS AND PHARMACEUTICALS LTD,"Dec 1, 2010"
DICLOFENAC SODIUM,"TABLET, DELAYED RELEASE",ORAL,75MG,DICLOFENAC SODIUM,ACTAVIS ELIZABETH LLC,"Mar 26, 1996"
DICLOFENAC SODIUM,"TABLET, DELAYED RELEASE",ORAL,75MG,DICLOFENAC SODIUM,AUROBINDO PHARMA USA INC,"Feb 12, 2002"
DICLOFENAC SODIUM,"TABLET, DELAYED RELEASE",ORAL,75MG,DICLOFENAC SODIUM,CARLSBAD TECHNOLOGY INC,"Nov 13, 1998"
DICLOFENAC SODIUM,"TABLET, DELAYED RELEASE",ORAL,75MG,DICLOFENAC SODIUM,RUBICON RESEARCH LTD,"May 11, 2023"
DICLOFENAC SODIUM,"TABLET, DELAYED RELEASE",ORAL,75MG,DICLOFENAC SODIUM,UMEDICA LABORATORIES PRIVATE LTD,"Nov 5, 2025"
DICLOFENAC SODIUM,"TABLET, DELAYED RELEASE",ORAL,75MG,DICLOFENAC SODIUM,UNIQUE PHARMACEUTICAL LABORATORIES A DIV OF JB CHEMICALS AND PHARMACEUTICALS LTD,"Jun 8, 2007"
DICLOFENAC SODIUM,"TABLET, EXTENDED RELEASE",ORAL,100MG,DICLOFENAC SODIUM,DEXCEL LTD,"Nov 6, 2002"
DICLOFENAC SODIUM,"TABLET, EXTENDED RELEASE",ORAL,100MG,DICLOFENAC SODIUM,NOVAST LABORATORIES LTD,"Sep 23, 2022"
DICLOFENAC SODIUM,"TABLET, EXTENDED RELEASE",ORAL,100MG,DICLOFENAC SODIUM,VALEANT PHARMACEUTICALS NORTH AMERICA,"Feb 11, 2000"
DICLOFENAC SODIUM; MISOPROSTOL,"TABLET, DELAYED RELEASE",ORAL,50MG; 0.2MG,ARTHROTEC,PFIZER INC,"Dec 24, 1997"
DICLOFENAC SODIUM; MISOPROSTOL,"TABLET, DELAYED RELEASE",ORAL,75MG; 0.2MG,ARTHROTEC,PFIZER INC,"Dec 24, 1997"
DICLOFENAC SODIUM; MISOPROSTOL,"TABLET, DELAYED RELEASE",ORAL,50MG; 0.2MG,DICLOFENAC SODIUM AND MISOPROSTOL,ACTAVIS LABORATORIES FL INC,"Jul 9, 2012"
DICLOFENAC SODIUM; MISOPROSTOL,"TABLET, DELAYED RELEASE",ORAL,50MG; 0.2MG,DICLOFENAC SODIUM AND MISOPROSTOL,AMNEAL PHARMACEUTICALS,"Nov 25, 2016"
DICLOFENAC SODIUM; MISOPROSTOL,"TABLET, DELAYED RELEASE",ORAL,50MG; 0.2MG,DICLOFENAC SODIUM AND MISOPROSTOL,MICRO LABS LTD,"Jul 15, 2021"
DICLOFENAC SODIUM; MISOPROSTOL,"TABLET, DELAYED RELEASE",ORAL,50MG; 0.2MG,DICLOFENAC SODIUM AND MISOPROSTOL,YUNG SHIN PHARMACEUTICAL INDUSTRIAL CO LTD,"Feb 19, 2020"
DICLOFENAC SODIUM; MISOPROSTOL,"TABLET, DELAYED RELEASE",ORAL,75MG; 0.2MG,DICLOFENAC SODIUM AND MISOPROSTOL,ACTAVIS LABORATORIES FL INC,"Jul 9, 2012"
DICLOFENAC SODIUM; MISOPROSTOL,"TABLET, DELAYED RELEASE",ORAL,75MG; 0.2MG,DICLOFENAC SODIUM AND MISOPROSTOL,AMNEAL PHARMACEUTICALS,"Nov 25, 2016"
DICLOFENAC SODIUM; MISOPROSTOL,"TABLET, DELAYED RELEASE",ORAL,75MG; 0.2MG,DICLOFENAC SODIUM AND MISOPROSTOL,MICRO LABS LTD,"Jul 15, 2021"
DICLOFENAC SODIUM; MISOPROSTOL,"TABLET, DELAYED RELEASE",ORAL,75MG; 0.2MG,DICLOFENAC SODIUM AND MISOPROSTOL,YUNG SHIN PHARMACEUTICAL INDUSTRIAL CO LTD,"Feb 19, 2020"
DICLOFENAC SODIUM,GEL,TOPICAL,1%,DICLOFENAC SODIUM,AMNEAL PHARMACEUTICALS,"Mar 18, 2016"
DICLOFENAC SODIUM,GEL,TOPICAL,1%,DICLOFENAC SODIUM,AUROLIFE PHARMA LLC,"May 6, 2019"
DICLOFENAC SODIUM,GEL,TOPICAL,1%,DICLOFENAC SODIUM,CIPLA LTD,"Aug 3, 2018"
DICLOFENAC SODIUM,GEL,TOPICAL,1%,DICLOFENAC SODIUM,ENCUBE ETHICALS PRIVATE LTD,"Jan 27, 2020"
DICLOFENAC SODIUM,GEL,TOPICAL,1%,DICLOFENAC SODIUM,PERRIGO PHARMA INTERNATIONAL DAC,"May 16, 2019"
DICLOFENAC SODIUM,GEL,TOPICAL,1%,VOLTAREN ARTHRITIS PAIN,HALEON US HOLDINGS LLC,"Oct 17, 2007"
DICLOFENAC SODIUM,GEL,TOPICAL,1%,DICLOFENAC SODIUM,HIKMA PHARMACEUTICALS USA INC,"Nov 21, 2018"
DICLOFENAC SODIUM,GEL,TOPICAL,3% **Federal Register determination that product was not discontinued or withdrawn for safety or effectiveness reasons**,SOLARAZE,FOUGERA PHARMACEUTICALS INC,"Oct 16, 2000"
DICLOFENAC SODIUM,SOLUTION,INTRAVENOUS,37.5MG/ML (37.5MG/ML),DICLOFENAC SODIUM,RISING PHARMA HOLDING INC,"Jun 18, 2019"
DICLOFENAC SODIUM,SOLUTION,INTRAVENOUS,37.5MG/ML (37.5MG/ML) **Federal Register determination that product was not discontinued or withdrawn for safety or effectiveness reasons**,DYLOJECT,JAVELIN PHARMACEUTICALS INC A WHOLLY OWNED SUDSIDIARY OF HOSPIRA INC,"Dec 23, 2014"
DICLOFENAC SODIUM,SOLUTION,TOPICAL,1.5%,DICLOFENAC SODIUM,APOTEX INC,"May 27, 2014"
DICLOFENAC SODIUM,SOLUTION,TOPICAL,1.5%,DICLOFENAC SODIUM,PAI HOLDINGS LLC DBA PHARMACEUTICAL ASSOCIATES INC,"Jul 8, 2015"
DICLOFENAC SODIUM,SOLUTION,TOPICAL,1.5%,DICLOFENAC SODIUM,RISING PHARMA HOLDINGS INC,"Aug 7, 2017"
DICLOFENAC SODIUM,SOLUTION,TOPICAL,1.5%,DICLOFENAC SODIUM,TWI PHARMACEUTICALS INC,"Nov 24, 2014"
DICLOFENAC SODIUM,SOLUTION,TOPICAL,1.5% **Federal Register determination that product was not discontinued or withdrawn for safety or effectiveness reasons**,PENNSAID,NUVO PHARMACEUTICALS INC,"Nov 4, 2009"
DICLOFENAC SODIUM,SOLUTION,TOPICAL,2% **Federal Register determination that product was not discontinued or withdrawn for safety or effectiveness reasons**,PENNSAID,HORIZON THERAPEUTICS IRELAND DAC,"Jan 16, 2014"
DICLOFENAC SODIUM,SOLUTION/DROPS,OPHTHALMIC,0.1%,DICLOFENAC SODIUM,FALCON PHARMACEUTICALS LTD,"May 4, 1998"
DICLOFENAC SODIUM,SOLUTION/DROPS,OPHTHALMIC,0.1%,DICLOFENAC SODIUM,SCIEGEN PHARMACEUTICALS INC,"Apr 17, 2008"
DICLOFENAC SODIUM,SOLUTION/DROPS,OPHTHALMIC,0.1%,VOLTAREN,NOVARTIS PHARMACEUTICALS CORP,"Mar 28, 1991"
DICLOFENAC SODIUM,"TABLET, DELAYED RELEASE",ORAL,25MG,DICLOFENAC SODIUM,CHARTWELL RX SCIENCES LLC,"Sep 28, 1995"
DICLOFENAC SODIUM,"TABLET, DELAYED RELEASE",ORAL,25MG,DICLOFENAC SODIUM,ROXANE LABORATORIES INC,"Jun 29, 1995"
DICLOFENAC SODIUM,"TABLET, DELAYED RELEASE",ORAL,25MG,DICLOFENAC SODIUM,TEVA PHARMACEUTICALS USA,"Jun 25, 1997"
DICLOFENAC SODIUM,"TABLET, DELAYED RELEASE",ORAL,50MG,DICLOFENAC SODIUM,CHARTWELL RX SCIENCES LLC,"Sep 28, 1995"
DICLOFENAC SODIUM,"TABLET, DELAYED RELEASE",ORAL,50MG,DICLOFENAC SODIUM,MICRO LABS LTD,"Feb 26, 1999"
DICLOFENAC SODIUM,"TABLET, DELAYED RELEASE",ORAL,50MG,DICLOFENAC SODIUM,PLIVA INC,"Jul 29, 1999"
DICLOFENAC SODIUM,"TABLET, DELAYED RELEASE",ORAL,50MG,DICLOFENAC SODIUM,ROXANE LABORATORIES INC,"Jun 29, 1995"
DICLOFENAC SODIUM,"TABLET, DELAYED RELEASE",ORAL,50MG,DICLOFENAC SODIUM,TEVA PHARMACEUTICALS USA,"Jun 25, 1997"
DICLOFENAC SODIUM,"TABLET, DELAYED RELEASE",ORAL,50MG,DICLOFENAC SODIUM,TEVA PHARMACEUTICALS USA INC,"Mar 30, 1999"
DICLOFENAC SODIUM,"TABLET, DELAYED RELEASE",ORAL,75MG,DICLOFENAC SODIUM,CHARTWELL RX SCIENCES LLC,"Nov 30, 1995"
DICLOFENAC SODIUM,"TABLET, DELAYED RELEASE",ORAL,75MG,DICLOFENAC SODIUM,MICRO LABS LTD,"Feb 26, 1999"
DICLOFENAC SODIUM,"TABLET, DELAYED RELEASE",ORAL,75MG,DICLOFENAC SODIUM,PLIVA INC,"Jul 29, 1999"
DICLOFENAC SODIUM,"TABLET, DELAYED RELEASE",ORAL,75MG,DICLOFENAC SODIUM,ROXANE LABORATORIES INC,"Jun 29, 1995"
DICLOFENAC SODIUM,"TABLET, DELAYED RELEASE",ORAL,75MG,DICLOFENAC SODIUM,TEVA PHARMACEUTICALS USA,"Jun 25, 1997"
DICLOFENAC SODIUM,"TABLET, DELAYED RELEASE",ORAL,75MG,DICLOFENAC SODIUM,TEVA PHARMACEUTICALS USA INC,"Aug 15, 1996"
DICLOFENAC SODIUM,"TABLET, DELAYED RELEASE",ORAL,25MG **Federal Register determination that product was not discontinued or withdrawn for safety or effectiveness reasons**,VOLTAREN,NOVARTIS PHARMACEUTICALS CORP,"Jul 28, 1988"
DICLOFENAC SODIUM,"TABLET, DELAYED RELEASE",ORAL,50MG **Federal Register determination that product was not discontinued or withdrawn for safety or effectiveness reasons**,VOLTAREN,NOVARTIS PHARMACEUTICALS CORP,"Jul 28, 1988"
DICLOFENAC SODIUM,"TABLET, DELAYED RELEASE",ORAL,75MG **Federal Register determination that product was not discontinued or withdrawn for safety or effectiveness reasons**,VOLTAREN,NOVARTIS PHARMACEUTICALS CORP,"Jul 28, 1988"
DICLOFENAC SODIUM,"TABLET, EXTENDED RELEASE",ORAL,100MG,DICLOFENAC SODIUM,ACTAVIS ELIZABETH LLC,"Jan 7, 2002"
DICLOFENAC SODIUM,"TABLET, EXTENDED RELEASE",ORAL,100MG,DICLOFENAC SODIUM,AUROBINDO PHARMA USA INC,"Dec 13, 2001"
DICLOFENAC SODIUM,"TABLET, EXTENDED RELEASE",ORAL,100MG **Federal Register determination that product was not discontinued or withdrawn for safety or effectiveness reasons**,VOLTAREN-XR,NOVARTIS PHARMACEUTICALS CORP,"Mar 8, 1996"
DICLOFENAC SODIUM; MISOPROSTOL,"TABLET, DELAYED RELEASE",ORAL,50MG; 0.2MG,DICLOFENAC SODIUM AND MISOPROSTOL,EXELA HOLDINGS INC,"Mar 14, 2014"
DICLOFENAC SODIUM; MISOPROSTOL,"TABLET, DELAYED RELEASE",ORAL,50MG; 0.2MG,DICLOFENAC SODIUM AND MISOPROSTOL,SANDOZ INC,"May 9, 2013"
DICLOFENAC SODIUM; MISOPROSTOL,"TABLET, DELAYED RELEASE",ORAL,50MG; 0.2MG,DICLOFENAC SODIUM AND MISOPROSTOL,ZYDUS PHARMACEUTICALS USA INC,"Jun 12, 2023"
DICLOFENAC SODIUM; MISOPROSTOL,"TABLET, DELAYED RELEASE",ORAL,75MG; 0.2MG,DICLOFENAC SODIUM AND MISOPROSTOL,EXELA HOLDINGS INC,"Mar 14, 2014"
DICLOFENAC SODIUM; MISOPROSTOL,"TABLET, DELAYED RELEASE",ORAL,75MG; 0.2MG,DICLOFENAC SODIUM AND MISOPROSTOL,SANDOZ INC,"May 9, 2013"
DICLOFENAC SODIUM; MISOPROSTOL,"TABLET, DELAYED RELEASE",ORAL,75MG; 0.2MG,DICLOFENAC SODIUM AND MISOPROSTOL,ZYDUS PHARMACEUTICALS USA INC,"Jun 12, 2023"
DEXTROMETHORPHAN HYDROBROMIDE; GUAIFENESIN,"TABLET, EXTENDED RELEASE",ORAL,30MG; 600MG,GUAIFENESIN AND DEXTROMETHORPHAN HYDROBROMIDE,ACTAVIS LABORATORIES FL INC AN INDIRECT WHOLLY OWNED SUB OF TEVA PHARMACEUTICALS USA INC,"Aug 31, 2015"
DEXTROMETHORPHAN HYDROBROMIDE; GUAIFENESIN,"TABLET, EXTENDED RELEASE",ORAL,30MG; 600MG,GUAIFENESIN AND DEXTROMETHORPHAN HYDROBROMIDE,AMNEAL PHARMACEUTICALS OF NEW YORK LLC,"Nov 1, 2018"
DEXTROMETHORPHAN HYDROBROMIDE; GUAIFENESIN,"TABLET, EXTENDED RELEASE",ORAL,30MG; 600MG,GUAIFENESIN AND DEXTROMETHORPHAN HYDROBROMIDE,AUROBINDO PHARMA LTD,"Mar 17, 2017"
DEXTROMETHORPHAN HYDROBROMIDE; GUAIFENESIN,"TABLET, EXTENDED RELEASE",ORAL,30MG; 600MG,GUAIFENESIN AND DEXTROMETHORPHAN HYDROBROMIDE,DR REDDYS LABORATORIES LTD,"Aug 1, 2023"
DEXTROMETHORPHAN HYDROBROMIDE; GUAIFENESIN,"TABLET, EXTENDED RELEASE",ORAL,30MG; 600MG,GUAIFENESIN AND DEXTROMETHORPHAN HYDROBROMIDE,PERRIGO R AND D CO,"Mar 5, 2018"
DEXTROMETHORPHAN HYDROBROMIDE; GUAIFENESIN,"TABLET, EXTENDED RELEASE",ORAL,30MG; 600MG,GUAIFENESIN AND DEXTROMETHORPHAN HYDROBROMIDE,SUN PHARMACEUTICAL INDUSTRIES LTD,"Jul 1, 2021"
DEXTROMETHORPHAN HYDROBROMIDE; GUAIFENESIN,"TABLET, EXTENDED RELEASE",ORAL,60MG; 1.2GM,GUAIFENESIN AND DEXTROMETHORPHAN HYDROBROMIDE,ACTAVIS LABORATORIES FL INC AN INDIRECT WHOLLY OWNED SUB OF TEVA PHARMACEUTICALS USA INC,"Aug 31, 2015"
DEXTROMETHORPHAN HYDROBROMIDE; GUAIFENESIN,"TABLET, EXTENDED RELEASE",ORAL,60MG; 1.2GM,GUAIFENESIN AND DEXTROMETHORPHAN HYDROBROMIDE,AMNEAL PHARMACEUTICALS OF NEW YORK LLC,"Nov 1, 2018"
DEXTROMETHORPHAN HYDROBROMIDE; GUAIFENESIN,"TABLET, EXTENDED RELEASE",ORAL,60MG; 1.2GM,GUAIFENESIN AND DEXTROMETHORPHAN HYDROBROMIDE,DR REDDYS LABORATORIES LTD,"Aug 1, 2023"
DEXTROMETHORPHAN HYDROBROMIDE; GUAIFENESIN,"TABLET, EXTENDED RELEASE",ORAL,60MG; 1.2GM,GUAIFENESIN AND DEXTROMETHORPHAN HYDROBROMIDE,PERRIGO R AND D CO,"Mar 5, 2018"
DEXTROMETHORPHAN HYDROBROMIDE; GUAIFENESIN,"TABLET, EXTENDED RELEASE",ORAL,60MG; 1.2GM,GUAIFENESIN AND DEXTROMETHORPHAN HYDROBROMIDE,SUN PHARMACEUTICAL INDUSTRIES LTD,"Jul 1, 2021"
DEXTROMETHORPHAN HYDROBROMIDE; GUAIFENESIN,"TABLET, EXTENDED RELEASE",ORAL,60MG; 1.2GM,GUAIFENESIN AND DEXTROMETHORPHAN HYDROBROMIDE,AUROBINDO PHARMA LTD,"Mar 17, 2017"
DEXTROMETHORPHAN HYDROBROMIDE; GUAIFENESIN,"TABLET, EXTENDED RELEASE",ORAL,30MG; 600MG,MUCINEX DM,RB HEALTH US LLC,"Apr 29, 2004"
DEXTROMETHORPHAN HYDROBROMIDE; GUAIFENESIN,"TABLET, EXTENDED RELEASE",ORAL,60MG; 1.2GM,MUCINEX DM,RB HEALTH US LLC,"Apr 29, 2004"
DEXTROMETHORPHAN HYDROBROMIDE; GUAIFENESIN; NAPROXEN SODIUM,"TABLET, EXTENDED RELEASE",ORAL,30MG; 600MG; 110MG,MUCINEX 12HR COLD & FEVER MULTI-SYMPTOM,RB HEALTH US LLC,"Dec 22, 2025"
GUAIFENESIN,"TABLET, EXTENDED RELEASE",ORAL,600MG,GUAIFENESIN,AMNEAL PHARMACEUTICALS OF NEW YORK LLC,"Jul 11, 2018"
GUAIFENESIN,"TABLET, EXTENDED RELEASE",ORAL,600MG,GUAIFENESIN,AUROBINDO PHARMA LTD,"Oct 21, 2019"
GUAIFENESIN,"TABLET, EXTENDED RELEASE",ORAL,600MG,GUAIFENESIN,DR REDDYS LABORATORIES LTD,"Mar 15, 2022"
GUAIFENESIN,"TABLET, EXTENDED RELEASE",ORAL,600MG,GUAIFENESIN,GRANULES INDIA LTD,"May 8, 2020"
GUAIFENESIN,"TABLET, EXTENDED RELEASE",ORAL,600MG,GUAIFENESIN,GUARDIAN DRUG CO,"Sep 6, 2017"
GUAIFENESIN,"TABLET, EXTENDED RELEASE",ORAL,600MG,GUAIFENESIN,MARKSANS PHARMA LTD,"Aug 21, 2023"
GUAIFENESIN,"TABLET, EXTENDED RELEASE",ORAL,600MG,GUAIFENESIN,OHM LABORATORIES INC,"Jul 16, 2018"
GUAIFENESIN,"TABLET, EXTENDED RELEASE",ORAL,600MG,GUAIFENESIN,PERRIGO R AND D CO,"Nov 23, 2011"
GUAIFENESIN,"TABLET, EXTENDED RELEASE",ORAL,1.2GM,GUAIFENESIN,ACTAVIS LABORATORIES FL INC AN INDIRECT WHOLLY OWNED SUB OF TEVA PHARMACEUTICALS USA INC,"Sep 3, 2015"
GUAIFENESIN,"TABLET, EXTENDED RELEASE",ORAL,1.2GM,GUAIFENESIN,AMNEAL PHARMACEUTICALS OF NEW YORK LLC,"Jul 11, 2018"
GUAIFENESIN,"TABLET, EXTENDED RELEASE",ORAL,1.2GM,GUAIFENESIN,AUROBINDO PHARMA LTD,"Oct 21, 2019"
GUAIFENESIN,"TABLET, EXTENDED RELEASE",ORAL,1.2GM,GUAIFENESIN,DR REDDYS LABORATORIES LTD,"Mar 15, 2022"
GUAIFENESIN,"TABLET, EXTENDED RELEASE",ORAL,1.2GM,GUAIFENESIN,GRANULES INDIA LTD,"May 8, 2020"
GUAIFENESIN,"TABLET, EXTENDED RELEASE",ORAL,1.2GM,GUAIFENESIN,GUARDIAN DRUG CO,"Sep 6, 2017"
GUAIFENESIN,"TABLET, EXTENDED RELEASE",ORAL,1.2GM,GUAIFENESIN,MARKSANS PHARMA LTD,"Aug 21, 2023"
GUAIFENESIN,"TABLET, EXTENDED RELEASE",ORAL,1.2GM,GUAIFENESIN,OHM LABORATORIES INC,"Jul 16, 2018"
GUAIFENESIN,"TABLET, EXTENDED RELEASE",ORAL,1.2GM,GUAIFENESIN,PERRIGO R AND D CO,"Nov 5, 2020"
GUAIFENESIN,"TABLET, EXTENDED RELEASE",ORAL,600MG,MUCINEX,RB HEALTH US LLC,"Jul 12, 2002"
GUAIFENESIN,"TABLET, EXTENDED RELEASE",ORAL,1.2GM,MUCINEX,RB HEALTH US LLC,"Dec 18, 2002"
GUAIFENESIN; PSEUDOEPHEDRINE HYDROCHLORIDE,"TABLET, EXTENDED RELEASE",ORAL,600MG; 60MG,GUAIFENESIN AND PSEUDOEPHEDRINE HYDROCHLORIDE,ACTAVIS LABORATORIES FL INC AN INDIRECT WHOLLY OWNED SUB OF TEVA PHARMACEUTICALS USA INC,"May 27, 2015"
GUAIFENESIN; PSEUDOEPHEDRINE HYDROCHLORIDE,"TABLET, EXTENDED RELEASE",ORAL,600MG; 60MG,GUAIFENESIN AND PSEUDOEPHEDRINE HYDROCHLORIDE,AUROBINDO PHARMA LTD,"Mar 25, 2020"
GUAIFENESIN; PSEUDOEPHEDRINE HYDROCHLORIDE,"TABLET, EXTENDED RELEASE",ORAL,600MG; 60MG,GUAIFENESIN AND PSEUDOEPHEDRINE HYDROCHLORIDE,DR REDDYS LABORATORIES LTD,"Dec 29, 2017"
GUAIFENESIN; PSEUDOEPHEDRINE HYDROCHLORIDE,"TABLET, EXTENDED RELEASE",ORAL,600MG; 60MG,GUAIFENESIN AND PSEUDOEPHEDRINE HYDROCHLORIDE,L PERRIGO CO,"Feb 1, 2022"
GUAIFENESIN; PSEUDOEPHEDRINE HYDROCHLORIDE,"TABLET, EXTENDED RELEASE",ORAL,600MG; 60MG,GUAIFENESIN AND PSEUDOEPHEDRINE HYDROCHLORIDE,SUN PHARMACEUTICAL INDUSTRIES INC,"Apr 28, 2020"
GUAIFENESIN; PSEUDOEPHEDRINE HYDROCHLORIDE,"TABLET, EXTENDED RELEASE",ORAL,1.2GM; 120MG,GUAIFENESIN AND PSEUDOEPHEDRINE HYDROCHLORIDE,AUROBINDO PHARMA LTD,"Mar 25, 2020"
GUAIFENESIN; PSEUDOEPHEDRINE HYDROCHLORIDE,"TABLET, EXTENDED RELEASE",ORAL,1.2GM; 120MG,GUAIFENESIN AND PSEUDOEPHEDRINE HYDROCHLORIDE,DR REDDYS LABORATORIES LTD,"Dec 29, 2017"
GUAIFENESIN; PSEUDOEPHEDRINE HYDROCHLORIDE,"TABLET, EXTENDED RELEASE",ORAL,1.2GM; 120MG,GUAIFENESIN AND PSEUDOEPHEDRINE HYDROCHLORIDE,L PERRIGO CO,"Feb 1, 2022"
GUAIFENESIN; PSEUDOEPHEDRINE HYDROCHLORIDE,"TABLET, EXTENDED RELEASE",ORAL,1.2GM; 120MG,GUAIFENESIN AND PSEUDOEPHEDRINE HYDROCHLORIDE,SUN PHARMACEUTICAL INDUSTRIES INC,"Apr 28, 2020"
GUAIFENESIN; PSEUDOEPHEDRINE HYDROCHLORIDE,"TABLET, EXTENDED RELEASE",ORAL,1.2GM; 120MG,GUAIFENESIN AND PSEUDOEPHEDRINE HYDROCHLORIDE,ACTAVIS LABORATORIES FL INC AN INDIRECT WHOLLY OWNED SUB OF TEVA PHARMACEUTICALS USA INC,"May 27, 2015"
GUAIFENESIN; PSEUDOEPHEDRINE HYDROCHLORIDE,"TABLET, EXTENDED RELEASE",ORAL,600MG; 60MG,MUCINEX D,RB HEALTH US LLC,"Jun 22, 2004"
GUAIFENESIN; PSEUDOEPHEDRINE HYDROCHLORIDE,"TABLET, EXTENDED RELEASE",ORAL,1.2GM; 120MG,MUCINEX D,RB HEALTH US LLC,"Jun 22, 2004"
GUAIFENESIN; HYDROCODONE BITARTRATE,SOLUTION,ORAL,200MG/5ML; 2.5MG/5ML,FLOWTUSS,CHARTWELL RX SCIENCES LLC,"May 14, 2015"
GUAIFENESIN; HYDROCODONE BITARTRATE,SOLUTION,ORAL,200MG/5ML; 2.5MG/5ML,OBREDON,SOVEREIGN PHARMACEUTICALS LLC,"Nov 14, 2014"
GUAIFENESIN; HYDROCODONE BITARTRATE,TABLET,ORAL,400MG; 5MG,XTRELUS,ECI PHARMACEUTICALS LLC,"Apr 25, 2018"
GUAIFENESIN; HYDROCODONE BITARTRATE; PSEUDOEPHEDRINE HYDROCHLORIDE,SOLUTION,ORAL,200MG/5ML; 2.5MG/5ML; 30MG/5ML,HYCOFENIX,CHARTWELL RX SCIENCES LLC,"May 14, 2015"
GUAIFENESIN; PSEUDOEPHEDRINE HYDROCHLORIDE,"TABLET, EXTENDED RELEASE",ORAL,600MG; 60MG,GUAIFENESIN AND PSEUDOEPHEDRINE HYDROCHLORIDE,GRANULES INDIA LTD,"Aug 22, 2022"
GUAIFENESIN; PSEUDOEPHEDRINE HYDROCHLORIDE,"TABLET, EXTENDED RELEASE",ORAL,1.2GM; 120MG,GUAIFENESIN AND PSEUDOEPHEDRINE HYDROCHLORIDE,GRANULES INDIA LTD,"Aug 22, 2022"
